# terrain-clip T1 probe. subdiv=200 tiles=2 contact_h=2.45 ambient_snow=0.77 dem=8192x4096 relief=350.0 (raw DEM, unblurred)
site	kind	x_m	y_m	field_r	facet_r	gap_m	elev_m	note
MURRAY_MOUTH	grid	-500	-500	15139.653	15139.607	-0.045	139.65	-
MURRAY_MOUTH	grid	-500	-480	15139.653	15139.599	-0.054	139.65	-
MURRAY_MOUTH	grid	-500	-460	15139.653	15139.620	-0.033	139.65	-
MURRAY_MOUTH	grid	-500	-440	15139.653	15139.616	-0.037	139.65	-
MURRAY_MOUTH	grid	-500	-420	15139.653	15139.612	-0.041	139.65	-
MURRAY_MOUTH	grid	-500	-400	15139.653	15139.636	-0.017	139.65	-
MURRAY_MOUTH	grid	-500	-380	15139.653	15139.632	-0.021	139.65	-
MURRAY_MOUTH	grid	-500	-360	15139.653	15139.648	-0.005	139.65	-
MURRAY_MOUTH	grid	-500	-340	15139.653	15139.693	0.040	139.65	-
MURRAY_MOUTH	grid	-500	-320	15139.905	15140.115	0.210	139.90	-
MURRAY_MOUTH	grid	-500	-300	15140.659	15140.785	0.126	140.66	-
MURRAY_MOUTH	grid	-500	-280	15141.314	15141.482	0.168	141.31	-
MURRAY_MOUTH	grid	-500	-260	15142.035	15142.261	0.226	142.04	-
MURRAY_MOUTH	grid	-500	-240	15142.853	15143.056	0.203	142.85	-
MURRAY_MOUTH	grid	-500	-220	15143.701	15143.865	0.164	143.70	-
MURRAY_MOUTH	grid	-500	-200	15144.561	15145.025	0.464	144.56	-
MURRAY_MOUTH	grid	-500	-180	15145.440	15146.315	0.875	145.44	-
MURRAY_MOUTH	grid	-500	-160	15148.148	15148.193	0.046	148.15	-
MURRAY_MOUTH	grid	-500	-140	15147.768	15147.927	0.159	147.77	-
MURRAY_MOUTH	grid	-500	-120	15147.195	15147.413	0.218	147.20	-
MURRAY_MOUTH	grid	-500	-100	15146.747	15146.855	0.109	146.75	-
MURRAY_MOUTH	grid	-500	-80	15146.479	15146.724	0.245	146.48	-
MURRAY_MOUTH	grid	-500	-60	15146.453	15146.659	0.205	146.45	-
MURRAY_MOUTH	grid	-500	-40	15146.680	15146.705	0.025	146.68	-
MURRAY_MOUTH	grid	-500	-20	15147.161	15147.450	0.289	147.16	-
MURRAY_MOUTH	grid	-500	0	15147.909	15148.180	0.270	147.91	-
MURRAY_MOUTH	grid	-500	20	15148.864	15148.936	0.072	148.86	-
MURRAY_MOUTH	grid	-500	40	15149.966	15150.336	0.369	149.97	-
MURRAY_MOUTH	grid	-500	60	15151.151	15151.367	0.217	151.15	-
MURRAY_MOUTH	grid	-500	80	15152.336	15152.428	0.092	152.34	-
MURRAY_MOUTH	grid	-500	100	15153.453	15153.558	0.106	153.45	-
MURRAY_MOUTH	grid	-500	120	15154.433	15154.501	0.068	154.43	-
MURRAY_MOUTH	grid	-500	140	15155.212	15155.284	0.072	155.21	-
MURRAY_MOUTH	grid	-500	160	15155.783	15155.675	-0.108	155.78	-
MURRAY_MOUTH	grid	-500	180	15156.130	15156.093	-0.036	156.13	-
MURRAY_MOUTH	grid	-500	200	15156.260	15156.298	0.038	156.26	-
MURRAY_MOUTH	grid	-500	220	15156.198	15156.082	-0.117	156.20	-
MURRAY_MOUTH	grid	-500	240	15155.989	15155.892	-0.097	155.99	-
MURRAY_MOUTH	grid	-500	260	15155.677	15155.675	-0.003	155.68	-
MURRAY_MOUTH	grid	-500	280	15155.283	15155.221	-0.063	155.28	-
MURRAY_MOUTH	grid	-500	300	15154.852	15154.806	-0.046	154.85	-
MURRAY_MOUTH	grid	-500	320	15154.400	15154.380	-0.019	154.40	-
MURRAY_MOUTH	grid	-500	340	15153.938	15153.847	-0.091	153.94	-
MURRAY_MOUTH	grid	-500	360	15153.464	15153.385	-0.079	153.46	-
MURRAY_MOUTH	grid	-500	380	15152.959	15152.885	-0.073	152.96	-
MURRAY_MOUTH	grid	-500	400	15152.411	15152.111	-0.300	152.41	-
MURRAY_MOUTH	grid	-500	420	15151.789	15151.568	-0.221	151.79	-
MURRAY_MOUTH	grid	-500	440	15151.071	15150.939	-0.132	151.07	-
MURRAY_MOUTH	grid	-500	460	15150.239	15149.869	-0.370	150.24	-
MURRAY_MOUTH	grid	-500	480	15149.267	15148.919	-0.349	149.27	-
MURRAY_MOUTH	grid	-500	500	15148.153	15148.033	-0.119	148.15	-
MURRAY_MOUTH	grid	-480	-500	15139.653	15139.638	-0.015	139.65	-
MURRAY_MOUTH	grid	-480	-480	15139.653	15139.621	-0.032	139.65	-
MURRAY_MOUTH	grid	-480	-460	15139.653	15139.625	-0.027	139.65	-
MURRAY_MOUTH	grid	-480	-440	15139.653	15139.623	-0.030	139.65	-
MURRAY_MOUTH	grid	-480	-420	15139.653	15139.605	-0.048	139.65	-
MURRAY_MOUTH	grid	-480	-400	15139.653	15139.614	-0.039	139.65	-
MURRAY_MOUTH	grid	-480	-380	15139.653	15139.693	0.040	139.65	-
MURRAY_MOUTH	grid	-480	-360	15139.653	15139.803	0.150	139.65	-
MURRAY_MOUTH	grid	-480	-340	15139.653	15139.847	0.195	139.65	-
MURRAY_MOUTH	grid	-480	-320	15139.660	15140.114	0.454	139.66	-
MURRAY_MOUTH	grid	-480	-300	15140.105	15140.598	0.493	140.11	-
MURRAY_MOUTH	grid	-480	-280	15140.913	15141.245	0.332	140.91	-
MURRAY_MOUTH	grid	-480	-260	15141.780	15142.006	0.226	141.78	-
MURRAY_MOUTH	grid	-480	-240	15142.668	15142.825	0.157	142.67	-
MURRAY_MOUTH	grid	-480	-220	15143.565	15143.667	0.102	143.57	-
MURRAY_MOUTH	grid	-480	-200	15144.456	15144.727	0.271	144.46	-
MURRAY_MOUTH	grid	-480	-180	15145.350	15145.972	0.622	145.35	-
MURRAY_MOUTH	grid	-480	-160	15147.249	15147.229	-0.020	147.25	-
MURRAY_MOUTH	grid	-480	-140	15147.326	15147.445	0.119	147.33	-
MURRAY_MOUTH	grid	-480	-120	15146.847	15147.041	0.194	146.85	-
MURRAY_MOUTH	grid	-480	-100	15146.522	15146.663	0.141	146.52	-
MURRAY_MOUTH	grid	-480	-80	15146.390	15146.850	0.460	146.39	-
MURRAY_MOUTH	grid	-480	-60	15146.495	15146.995	0.500	146.49	-
MURRAY_MOUTH	grid	-480	-40	15146.876	15147.119	0.243	146.88	-
MURRAY_MOUTH	grid	-480	-20	15147.550	15148.010	0.460	147.55	-
MURRAY_MOUTH	grid	-480	0	15148.485	15149.121	0.636	148.48	-
MURRAY_MOUTH	grid	-480	20	15149.649	15149.877	0.228	149.65	-
MURRAY_MOUTH	grid	-480	40	15150.985	15151.191	0.206	150.99	-
MURRAY_MOUTH	grid	-480	60	15152.405	15152.724	0.319	152.41	-
MURRAY_MOUTH	grid	-480	80	15153.842	15153.976	0.133	153.84	-
MURRAY_MOUTH	grid	-480	100	15155.206	15155.096	-0.109	155.21	-
MURRAY_MOUTH	grid	-480	120	15156.413	15156.255	-0.159	156.41	-
MURRAY_MOUTH	grid	-480	140	15157.421	15157.440	0.019	157.42	-
MURRAY_MOUTH	grid	-480	160	15158.202	15157.929	-0.274	158.20	-
MURRAY_MOUTH	grid	-480	180	15158.717	15158.422	-0.295	158.72	-
MURRAY_MOUTH	grid	-480	200	15158.992	15158.943	-0.049	158.99	-
MURRAY_MOUTH	grid	-480	220	15159.058	15158.935	-0.124	159.06	-
MURRAY_MOUTH	grid	-480	240	15158.939	15158.791	-0.148	158.94	-
MURRAY_MOUTH	grid	-480	260	15158.677	15158.675	-0.002	158.68	-
MURRAY_MOUTH	grid	-480	280	15158.323	15158.253	-0.070	158.32	-
MURRAY_MOUTH	grid	-480	300	15157.904	15157.826	-0.077	157.90	-
MURRAY_MOUTH	grid	-480	320	15157.445	15157.439	-0.006	157.44	-
MURRAY_MOUTH	grid	-480	340	15156.956	15156.855	-0.101	156.96	-
MURRAY_MOUTH	grid	-480	360	15156.439	15156.272	-0.166	156.44	-
MURRAY_MOUTH	grid	-480	380	15155.879	15155.837	-0.042	155.88	-
MURRAY_MOUTH	grid	-480	400	15155.262	15155.097	-0.165	155.26	-
MURRAY_MOUTH	grid	-480	420	15154.563	15154.349	-0.214	154.56	-
MURRAY_MOUTH	grid	-480	440	15153.763	15153.704	-0.059	153.76	-
MURRAY_MOUTH	grid	-480	460	15152.827	15152.677	-0.151	152.83	-
MURRAY_MOUTH	grid	-480	480	15151.758	15151.632	-0.126	151.76	-
MURRAY_MOUTH	grid	-480	500	15150.542	15150.524	-0.018	150.54	-
MURRAY_MOUTH	grid	-460	-500	15139.653	15139.624	-0.029	139.65	-
MURRAY_MOUTH	grid	-460	-480	15139.653	15139.597	-0.056	139.65	-
MURRAY_MOUTH	grid	-460	-460	15139.653	15139.601	-0.052	139.65	-
MURRAY_MOUTH	grid	-460	-440	15139.653	15139.619	-0.034	139.65	-
MURRAY_MOUTH	grid	-460	-420	15139.653	15139.597	-0.056	139.65	-
MURRAY_MOUTH	grid	-460	-400	15139.653	15139.603	-0.050	139.65	-
MURRAY_MOUTH	grid	-460	-380	15139.653	15139.658	0.005	139.65	-
MURRAY_MOUTH	grid	-460	-360	15139.653	15139.814	0.161	139.65	-
MURRAY_MOUTH	grid	-460	-340	15139.655	15139.997	0.342	139.65	-
MURRAY_MOUTH	grid	-460	-320	15140.020	15140.195	0.176	140.02	-
MURRAY_MOUTH	grid	-460	-300	15140.270	15140.680	0.410	140.27	-
MURRAY_MOUTH	grid	-460	-280	15140.980	15141.190	0.210	140.98	-
MURRAY_MOUTH	grid	-460	-260	15141.841	15141.838	-0.002	141.84	-
MURRAY_MOUTH	grid	-460	-240	15142.713	15142.727	0.014	142.71	-
MURRAY_MOUTH	grid	-460	-220	15143.603	15143.643	0.039	143.60	-
MURRAY_MOUTH	grid	-460	-200	15144.496	15144.455	-0.041	144.50	-
MURRAY_MOUTH	grid	-460	-180	15145.385	15145.348	-0.037	145.39	-
MURRAY_MOUTH	grid	-460	-160	15146.602	15146.547	-0.054	146.60	-
MURRAY_MOUTH	grid	-460	-140	15147.027	15147.248	0.221	147.03	-
MURRAY_MOUTH	grid	-460	-120	15146.645	15147.058	0.413	146.65	-
MURRAY_MOUTH	grid	-460	-100	15146.413	15146.699	0.286	146.41	-
MURRAY_MOUTH	grid	-460	-80	15146.388	15146.673	0.285	146.39	-
MURRAY_MOUTH	grid	-460	-60	15146.610	15147.159	0.550	146.61	-
MURRAY_MOUTH	grid	-460	-40	15147.140	15147.560	0.421	147.14	-
MURRAY_MOUTH	grid	-460	-20	15147.968	15148.172	0.204	147.97	-
MURRAY_MOUTH	grid	-460	0	15149.075	15149.409	0.334	149.08	-
MURRAY_MOUTH	grid	-460	20	15150.438	15150.672	0.234	150.44	-
MURRAY_MOUTH	grid	-460	40	15151.989	15151.969	-0.020	151.99	-
MURRAY_MOUTH	grid	-460	60	15153.644	15153.585	-0.059	153.64	-
MURRAY_MOUTH	grid	-460	80	15155.318	15155.276	-0.042	155.32	-
MURRAY_MOUTH	grid	-460	100	15156.921	15156.943	0.022	156.92	-
MURRAY_MOUTH	grid	-460	120	15158.372	15158.208	-0.164	158.37	-
MURRAY_MOUTH	grid	-460	140	15159.622	15159.500	-0.122	159.62	-
MURRAY_MOUTH	grid	-460	160	15160.604	15160.489	-0.114	160.60	-
MURRAY_MOUTH	grid	-460	180	15161.310	15161.129	-0.181	161.31	-
MURRAY_MOUTH	grid	-460	200	15161.752	15161.650	-0.102	161.75	-
MURRAY_MOUTH	grid	-460	220	15161.948	15161.838	-0.109	161.95	-
MURRAY_MOUTH	grid	-460	240	15161.921	15161.773	-0.148	161.92	-
MURRAY_MOUTH	grid	-460	260	15161.731	15161.678	-0.053	161.73	-
MURRAY_MOUTH	grid	-460	280	15161.418	15161.360	-0.058	161.42	-
MURRAY_MOUTH	grid	-460	300	15161.006	15160.909	-0.097	161.01	-
MURRAY_MOUTH	grid	-460	320	15160.537	15160.487	-0.050	160.54	-
MURRAY_MOUTH	grid	-460	340	15160.020	15159.971	-0.048	160.02	-
MURRAY_MOUTH	grid	-460	360	15159.453	15159.385	-0.068	159.45	-
MURRAY_MOUTH	grid	-460	380	15158.832	15158.798	-0.034	158.83	-
MURRAY_MOUTH	grid	-460	400	15158.142	15157.989	-0.153	158.14	-
MURRAY_MOUTH	grid	-460	420	15157.364	15157.166	-0.198	157.36	-
MURRAY_MOUTH	grid	-460	440	15156.468	15156.370	-0.097	156.47	-
MURRAY_MOUTH	grid	-460	460	15155.445	15155.161	-0.284	155.44	-
MURRAY_MOUTH	grid	-460	480	15154.282	15153.953	-0.329	154.28	-
MURRAY_MOUTH	grid	-460	500	15152.974	15152.844	-0.129	152.97	-
MURRAY_MOUTH	grid	-440	-500	15139.653	15139.623	-0.030	139.65	-
MURRAY_MOUTH	grid	-440	-480	15139.653	15139.607	-0.046	139.65	-
MURRAY_MOUTH	grid	-440	-460	15139.653	15139.607	-0.046	139.65	-
MURRAY_MOUTH	grid	-440	-440	15139.653	15139.635	-0.018	139.65	-
MURRAY_MOUTH	grid	-440	-420	15139.653	15139.620	-0.033	139.65	-
MURRAY_MOUTH	grid	-440	-400	15139.653	15139.624	-0.029	139.65	-
MURRAY_MOUTH	grid	-440	-380	15139.653	15139.658	0.005	139.65	-
MURRAY_MOUTH	grid	-440	-360	15139.653	15139.908	0.255	139.65	-
MURRAY_MOUTH	grid	-440	-340	15139.720	15140.157	0.437	139.72	-
MURRAY_MOUTH	grid	-440	-320	15140.466	15140.433	-0.033	140.47	-
MURRAY_MOUTH	grid	-440	-300	15141.062	15141.108	0.046	141.06	-
MURRAY_MOUTH	grid	-440	-280	15141.506	15141.690	0.184	141.51	-
MURRAY_MOUTH	grid	-440	-260	15142.202	15142.300	0.098	142.20	-
MURRAY_MOUTH	grid	-440	-240	15142.989	15142.999	0.011	142.99	-
MURRAY_MOUTH	grid	-440	-220	15143.818	15143.836	0.018	143.82	-
MURRAY_MOUTH	grid	-440	-200	15144.679	15144.753	0.074	144.68	-
MURRAY_MOUTH	grid	-440	-180	15145.548	15145.322	-0.226	145.55	-
MURRAY_MOUTH	grid	-440	-160	15147.237	15145.918	-1.320	147.24	-
MURRAY_MOUTH	grid	-440	-140	15146.859	15146.971	0.112	146.86	-
MURRAY_MOUTH	grid	-440	-120	15146.553	15146.781	0.228	146.55	-
MURRAY_MOUTH	grid	-440	-100	15146.394	15146.618	0.224	146.39	-
MURRAY_MOUTH	grid	-440	-80	15146.453	15146.523	0.070	146.45	-
MURRAY_MOUTH	grid	-440	-60	15146.792	15147.041	0.249	146.79	-
MURRAY_MOUTH	grid	-440	-40	15147.431	15147.670	0.238	147.43	-
MURRAY_MOUTH	grid	-440	-20	15148.385	15148.525	0.139	148.39	-
MURRAY_MOUTH	grid	-440	0	15149.656	15150.036	0.380	149.66	-
MURRAY_MOUTH	grid	-440	20	15151.197	15151.434	0.236	151.20	-
MURRAY_MOUTH	grid	-440	40	15152.942	15153.002	0.060	152.94	-
MURRAY_MOUTH	grid	-440	60	15154.815	15155.124	0.310	154.81	-
MURRAY_MOUTH	grid	-440	80	15156.721	15156.816	0.095	156.72	-
MURRAY_MOUTH	grid	-440	100	15158.568	15158.514	-0.054	158.57	-
MURRAY_MOUTH	grid	-440	120	15160.274	15160.173	-0.101	160.27	-
MURRAY_MOUTH	grid	-440	140	15161.749	15161.695	-0.054	161.75	-
MURRAY_MOUTH	grid	-440	160	15162.955	15162.850	-0.105	162.96	-
MURRAY_MOUTH	grid	-440	180	15163.877	15163.577	-0.300	163.88	-
MURRAY_MOUTH	grid	-440	200	15164.499	15164.330	-0.169	164.50	-
MURRAY_MOUTH	grid	-440	220	15164.829	15164.744	-0.085	164.83	-
MURRAY_MOUTH	grid	-440	240	15164.928	15164.679	-0.249	164.93	-
MURRAY_MOUTH	grid	-440	260	15164.823	15164.647	-0.176	164.82	-
MURRAY_MOUTH	grid	-440	280	15164.550	15164.489	-0.061	164.55	-
MURRAY_MOUTH	grid	-440	300	15164.162	15164.031	-0.130	164.16	-
MURRAY_MOUTH	grid	-440	320	15163.684	15163.601	-0.083	163.68	-
MURRAY_MOUTH	grid	-440	340	15163.131	15163.043	-0.088	163.13	-
MURRAY_MOUTH	grid	-440	360	15162.516	15162.306	-0.210	162.52	-
MURRAY_MOUTH	grid	-440	380	15161.830	15161.703	-0.127	161.83	-
MURRAY_MOUTH	grid	-440	400	15161.064	15160.931	-0.133	161.06	-
MURRAY_MOUTH	grid	-440	420	15160.196	15159.845	-0.351	160.20	-
MURRAY_MOUTH	grid	-440	440	15159.214	15158.992	-0.223	159.21	-
MURRAY_MOUTH	grid	-440	460	15158.105	15157.964	-0.141	158.10	-
MURRAY_MOUTH	grid	-440	480	15156.851	15156.549	-0.301	156.85	-
MURRAY_MOUTH	grid	-440	500	15155.454	15155.193	-0.262	155.45	-
MURRAY_MOUTH	grid	-420	-500	15139.653	15139.639	-0.014	139.65	-
MURRAY_MOUTH	grid	-420	-480	15139.653	15139.626	-0.027	139.65	-
MURRAY_MOUTH	grid	-420	-460	15139.653	15139.611	-0.041	139.65	-
MURRAY_MOUTH	grid	-420	-440	15139.653	15139.624	-0.029	139.65	-
MURRAY_MOUTH	grid	-420	-420	15139.653	15139.681	0.028	139.65	-
MURRAY_MOUTH	grid	-420	-400	15139.653	15139.702	0.049	139.65	-
MURRAY_MOUTH	grid	-420	-380	15139.653	15139.738	0.085	139.65	-
MURRAY_MOUTH	grid	-420	-360	15139.653	15140.098	0.445	139.65	-
MURRAY_MOUTH	grid	-420	-340	15139.844	15140.550	0.707	139.84	-
MURRAY_MOUTH	grid	-420	-320	15140.548	15140.826	0.278	140.55	-
MURRAY_MOUTH	grid	-420	-300	15141.429	15141.427	-0.001	141.43	-
MURRAY_MOUTH	grid	-420	-280	15142.180	15142.166	-0.014	142.18	-
MURRAY_MOUTH	grid	-420	-260	15142.781	15142.833	0.052	142.78	-
MURRAY_MOUTH	grid	-420	-240	15143.456	15143.518	0.062	143.46	-
MURRAY_MOUTH	grid	-420	-220	15144.212	15144.245	0.032	144.21	-
MURRAY_MOUTH	grid	-420	-200	15145.008	15144.999	-0.008	145.01	-
MURRAY_MOUTH	grid	-420	-180	15145.885	15145.647	-0.238	145.88	-
MURRAY_MOUTH	grid	-420	-160	15147.098	15146.161	-0.937	147.10	-
MURRAY_MOUTH	grid	-420	-140	15146.801	15146.693	-0.108	146.80	-
MURRAY_MOUTH	grid	-420	-120	15146.548	15146.781	0.233	146.55	-
MURRAY_MOUTH	grid	-420	-100	15146.451	15146.705	0.253	146.45	-
MURRAY_MOUTH	grid	-420	-80	15146.585	15146.655	0.070	146.58	-
MURRAY_MOUTH	grid	-420	-60	15146.996	15147.481	0.486	147.00	-
MURRAY_MOUTH	grid	-420	-40	15147.718	15148.199	0.480	147.72	-
MURRAY_MOUTH	grid	-420	-20	15148.793	15148.854	0.061	148.79	-
MURRAY_MOUTH	grid	-420	0	15150.196	15150.588	0.392	150.20	-
MURRAY_MOUTH	grid	-420	20	15151.886	15152.405	0.519	151.89	-
MURRAY_MOUTH	grid	-420	40	15153.812	15153.830	0.018	153.81	-
MURRAY_MOUTH	grid	-420	60	15155.890	15155.941	0.051	155.89	-
MURRAY_MOUTH	grid	-420	80	15158.018	15158.121	0.103	158.02	-
MURRAY_MOUTH	grid	-420	100	15160.109	15160.102	-0.007	160.11	-
MURRAY_MOUTH	grid	-420	120	15162.053	15161.764	-0.289	162.05	-
MURRAY_MOUTH	grid	-420	140	15163.775	15163.451	-0.324	163.78	-
MURRAY_MOUTH	grid	-420	160	15165.234	15165.223	-0.010	165.23	-
MURRAY_MOUTH	grid	-420	180	15166.374	15166.060	-0.313	166.37	-
MURRAY_MOUTH	grid	-420	200	15167.185	15166.867	-0.318	167.18	-
MURRAY_MOUTH	grid	-420	220	15167.697	15167.680	-0.018	167.70	-
MURRAY_MOUTH	grid	-420	240	15167.939	15167.742	-0.197	167.94	-
MURRAY_MOUTH	grid	-420	260	15167.924	15167.730	-0.194	167.92	-
MURRAY_MOUTH	grid	-420	280	15167.720	15167.717	-0.003	167.72	-
MURRAY_MOUTH	grid	-420	300	15167.367	15167.194	-0.173	167.37	-
MURRAY_MOUTH	grid	-420	320	15166.886	15166.731	-0.155	166.89	-
MURRAY_MOUTH	grid	-420	340	15166.305	15166.294	-0.012	166.31	-
MURRAY_MOUTH	grid	-420	360	15165.639	15165.468	-0.171	165.64	-
MURRAY_MOUTH	grid	-420	380	15164.887	15164.669	-0.218	164.89	-
MURRAY_MOUTH	grid	-420	400	15164.038	15164.008	-0.030	164.04	-
MURRAY_MOUTH	grid	-420	420	15163.087	15162.922	-0.166	163.09	-
MURRAY_MOUTH	grid	-420	440	15162.018	15161.863	-0.155	162.02	-
MURRAY_MOUTH	grid	-420	460	15160.818	15160.795	-0.023	160.82	-
MURRAY_MOUTH	grid	-420	480	15159.477	15159.309	-0.168	159.48	-
MURRAY_MOUTH	grid	-420	500	15158.002	15157.845	-0.156	158.00	-
MURRAY_MOUTH	grid	-400	-500	15139.653	15139.607	-0.045	139.65	-
MURRAY_MOUTH	grid	-400	-480	15139.653	15139.613	-0.039	139.65	-
MURRAY_MOUTH	grid	-400	-460	15139.653	15139.594	-0.059	139.65	-
MURRAY_MOUTH	grid	-400	-440	15139.653	15139.606	-0.047	139.65	-
MURRAY_MOUTH	grid	-400	-420	15139.653	15139.656	0.003	139.65	-
MURRAY_MOUTH	grid	-400	-400	15139.653	15139.749	0.097	139.65	-
MURRAY_MOUTH	grid	-400	-380	15139.655	15139.845	0.190	139.65	-
MURRAY_MOUTH	grid	-400	-360	15139.736	15140.094	0.358	139.74	-
MURRAY_MOUTH	grid	-400	-340	15140.317	15140.613	0.296	140.32	-
MURRAY_MOUTH	grid	-400	-320	15141.010	15141.160	0.150	141.01	-
MURRAY_MOUTH	grid	-400	-300	15141.721	15141.742	0.021	141.72	-
MURRAY_MOUTH	grid	-400	-280	15142.526	15142.490	-0.037	142.53	-
MURRAY_MOUTH	grid	-400	-260	15143.365	15143.272	-0.094	143.37	-
MURRAY_MOUTH	grid	-400	-240	15144.051	15144.089	0.038	144.05	-
MURRAY_MOUTH	grid	-400	-220	15144.728	15144.826	0.098	144.73	-
MURRAY_MOUTH	grid	-400	-200	15145.455	15145.590	0.136	145.45	-
MURRAY_MOUTH	grid	-400	-180	15146.853	15145.865	-0.988	146.85	-
MURRAY_MOUTH	grid	-400	-160	15147.128	15146.004	-1.124	147.13	-
MURRAY_MOUTH	grid	-400	-140	15146.826	15146.537	-0.289	146.83	-
MURRAY_MOUTH	grid	-400	-120	15146.612	15146.820	0.208	146.61	-
MURRAY_MOUTH	grid	-400	-100	15146.565	15146.928	0.363	146.57	-
MURRAY_MOUTH	grid	-400	-80	15146.741	15146.917	0.176	146.74	-
MURRAY_MOUTH	grid	-400	-60	15147.200	15147.489	0.289	147.20	-
MURRAY_MOUTH	grid	-400	-40	15148.003	15148.462	0.460	148.00	-
MURRAY_MOUTH	grid	-400	-20	15149.163	15149.410	0.248	149.16	-
MURRAY_MOUTH	grid	-400	0	15150.663	15150.840	0.177	150.66	-
MURRAY_MOUTH	grid	-400	20	15152.487	15152.706	0.219	152.49	-
MURRAY_MOUTH	grid	-400	40	15154.576	15154.632	0.056	154.58	-
MURRAY_MOUTH	grid	-400	60	15156.838	15156.871	0.032	156.84	-
MURRAY_MOUTH	grid	-400	80	15159.180	15159.133	-0.047	159.18	-
MURRAY_MOUTH	grid	-400	100	15161.497	15161.423	-0.074	161.50	-
MURRAY_MOUTH	grid	-400	120	15163.689	15163.637	-0.052	163.69	-
MURRAY_MOUTH	grid	-400	140	15165.678	15165.458	-0.220	165.68	-
MURRAY_MOUTH	grid	-400	160	15167.387	15167.245	-0.143	167.39	-
MURRAY_MOUTH	grid	-400	180	15168.763	15168.526	-0.237	168.76	-
MURRAY_MOUTH	grid	-400	200	15169.807	15169.578	-0.229	169.81	-
MURRAY_MOUTH	grid	-400	220	15170.529	15170.412	-0.117	170.53	-
MURRAY_MOUTH	grid	-400	240	15170.909	15170.680	-0.229	170.91	-
MURRAY_MOUTH	grid	-400	260	15171.028	15170.788	-0.240	171.03	-
MURRAY_MOUTH	grid	-400	280	15170.920	15170.858	-0.062	170.92	-
MURRAY_MOUTH	grid	-400	300	15170.608	15170.458	-0.150	170.61	-
MURRAY_MOUTH	grid	-400	320	15170.139	15169.962	-0.177	170.14	-
MURRAY_MOUTH	grid	-400	340	15169.540	15169.493	-0.046	169.54	-
MURRAY_MOUTH	grid	-400	360	15168.830	15168.717	-0.113	168.83	-
MURRAY_MOUTH	grid	-400	380	15168.009	15167.858	-0.152	168.01	-
MURRAY_MOUTH	grid	-400	400	15167.081	15167.025	-0.056	167.08	-
MURRAY_MOUTH	grid	-400	420	15166.043	15165.750	-0.293	166.04	-
MURRAY_MOUTH	grid	-400	440	15164.878	15164.611	-0.267	164.88	-
MURRAY_MOUTH	grid	-400	460	15163.587	15163.499	-0.089	163.59	-
MURRAY_MOUTH	grid	-400	480	15162.161	15161.862	-0.298	162.16	-
MURRAY_MOUTH	grid	-400	500	15160.605	15160.280	-0.325	160.61	-
MURRAY_MOUTH	grid	-380	-500	15139.653	15139.603	-0.050	139.65	-
MURRAY_MOUTH	grid	-380	-480	15139.653	15139.630	-0.023	139.65	-
MURRAY_MOUTH	grid	-380	-460	15139.653	15139.610	-0.043	139.65	-
MURRAY_MOUTH	grid	-380	-440	15139.653	15139.618	-0.035	139.65	-
MURRAY_MOUTH	grid	-380	-420	15139.653	15139.657	0.005	139.65	-
MURRAY_MOUTH	grid	-380	-400	15139.653	15139.773	0.120	139.65	-
MURRAY_MOUTH	grid	-380	-380	15139.890	15140.017	0.127	139.89	-
MURRAY_MOUTH	grid	-380	-360	15140.328	15140.328	-0.000	140.33	-
MURRAY_MOUTH	grid	-380	-340	15140.767	15140.911	0.144	140.77	-
MURRAY_MOUTH	grid	-380	-320	15141.480	15141.544	0.064	141.48	-
MURRAY_MOUTH	grid	-380	-300	15142.260	15142.209	-0.051	142.26	-
MURRAY_MOUTH	grid	-380	-280	15142.967	15142.923	-0.044	142.97	-
MURRAY_MOUTH	grid	-380	-260	15143.733	15143.705	-0.028	143.73	-
MURRAY_MOUTH	grid	-380	-240	15144.537	15144.522	-0.015	144.54	-
MURRAY_MOUTH	grid	-380	-220	15145.311	15145.388	0.077	145.31	-
MURRAY_MOUTH	grid	-380	-200	15146.544	15146.220	-0.324	146.54	-
MURRAY_MOUTH	grid	-380	-180	15147.480	15146.743	-0.737	147.48	-
MURRAY_MOUTH	grid	-380	-160	15147.181	15146.613	-0.569	147.18	-
MURRAY_MOUTH	grid	-380	-140	15146.904	15146.509	-0.395	146.90	-
MURRAY_MOUTH	grid	-380	-120	15146.724	15146.815	0.091	146.72	-
MURRAY_MOUTH	grid	-380	-100	15146.700	15146.923	0.224	146.70	-
MURRAY_MOUTH	grid	-380	-80	15146.901	15147.059	0.158	146.90	-
MURRAY_MOUTH	grid	-380	-60	15147.408	15147.589	0.181	147.41	-
MURRAY_MOUTH	grid	-380	-40	15148.256	15148.627	0.372	148.26	-
MURRAY_MOUTH	grid	-380	-20	15149.463	15149.693	0.230	149.46	-
MURRAY_MOUTH	grid	-380	0	15151.049	15151.259	0.209	151.05	-
MURRAY_MOUTH	grid	-380	20	15152.988	15153.388	0.400	152.99	-
MURRAY_MOUTH	grid	-380	40	15155.207	15155.362	0.155	155.21	-
MURRAY_MOUTH	grid	-380	60	15157.638	15157.655	0.017	157.64	-
MURRAY_MOUTH	grid	-380	80	15160.175	15160.391	0.216	160.18	-
MURRAY_MOUTH	grid	-380	100	15162.716	15162.725	0.009	162.72	-
MURRAY_MOUTH	grid	-380	120	15165.168	15164.979	-0.189	165.17	-
MURRAY_MOUTH	grid	-380	140	15167.416	15167.178	-0.238	167.42	-
MURRAY_MOUTH	grid	-380	160	15169.379	15169.294	-0.086	169.38	-
MURRAY_MOUTH	grid	-380	180	15171.031	15170.769	-0.262	171.03	-
MURRAY_MOUTH	grid	-380	200	15172.336	15171.884	-0.452	172.34	-
MURRAY_MOUTH	grid	-380	220	15173.250	15173.026	-0.224	173.25	-
MURRAY_MOUTH	grid	-380	240	15173.835	15173.629	-0.206	173.84	-
MURRAY_MOUTH	grid	-380	260	15174.116	15173.752	-0.363	174.12	-
MURRAY_MOUTH	grid	-380	280	15174.108	15173.903	-0.206	174.11	-
MURRAY_MOUTH	grid	-380	300	15173.865	15173.679	-0.186	173.86	-
MURRAY_MOUTH	grid	-380	320	15173.427	15173.155	-0.272	173.43	-
MURRAY_MOUTH	grid	-380	340	15172.824	15172.661	-0.163	172.82	-
MURRAY_MOUTH	grid	-380	360	15172.068	15171.852	-0.216	172.07	-
MURRAY_MOUTH	grid	-380	380	15171.185	15170.829	-0.356	171.18	-
MURRAY_MOUTH	grid	-380	400	15170.181	15169.996	-0.185	170.18	-
MURRAY_MOUTH	grid	-380	420	15169.049	15168.836	-0.212	169.05	-
MURRAY_MOUTH	grid	-380	440	15167.787	15167.420	-0.367	167.79	-
MURRAY_MOUTH	grid	-380	460	15166.400	15166.189	-0.210	166.40	-
MURRAY_MOUTH	grid	-380	480	15164.885	15164.730	-0.156	164.89	-
MURRAY_MOUTH	grid	-380	500	15163.244	15163.017	-0.227	163.24	-
MURRAY_MOUTH	grid	-360	-500	15139.653	15139.687	0.034	139.65	-
MURRAY_MOUTH	grid	-360	-480	15139.653	15139.783	0.130	139.65	-
MURRAY_MOUTH	grid	-360	-460	15139.653	15139.848	0.195	139.65	-
MURRAY_MOUTH	grid	-360	-440	15139.653	15139.924	0.272	139.65	-
MURRAY_MOUTH	grid	-360	-420	15139.653	15140.028	0.374	139.65	-
MURRAY_MOUTH	grid	-360	-400	15139.830	15140.445	0.615	139.83	-
MURRAY_MOUTH	grid	-360	-380	15140.416	15140.742	0.326	140.42	-
MURRAY_MOUTH	grid	-360	-360	15141.104	15141.013	-0.091	141.10	-
MURRAY_MOUTH	grid	-360	-340	15141.485	15141.518	0.033	141.49	-
MURRAY_MOUTH	grid	-360	-320	15142.039	15142.082	0.043	142.04	-
MURRAY_MOUTH	grid	-360	-300	15142.720	15142.743	0.023	142.72	-
MURRAY_MOUTH	grid	-360	-280	15143.491	15143.451	-0.040	143.49	-
MURRAY_MOUTH	grid	-360	-260	15144.233	15144.187	-0.045	144.23	-
MURRAY_MOUTH	grid	-360	-240	15144.969	15144.975	0.006	144.97	-
MURRAY_MOUTH	grid	-360	-220	15145.751	15145.841	0.090	145.75	-
MURRAY_MOUTH	grid	-360	-200	15147.571	15146.734	-0.837	147.57	-
MURRAY_MOUTH	grid	-360	-180	15147.560	15147.560	0.000	147.56	-
MURRAY_MOUTH	grid	-360	-160	15147.282	15147.298	0.016	147.28	-
MURRAY_MOUTH	grid	-360	-140	15147.030	15147.059	0.029	147.03	-
MURRAY_MOUTH	grid	-360	-120	15146.860	15146.873	0.013	146.86	-
MURRAY_MOUTH	grid	-360	-100	15146.842	15147.138	0.296	146.84	-
MURRAY_MOUTH	grid	-360	-80	15147.068	15147.315	0.247	147.07	-
MURRAY_MOUTH	grid	-360	-60	15147.591	15147.615	0.024	147.59	-
MURRAY_MOUTH	grid	-360	-40	15148.451	15148.940	0.489	148.45	-
MURRAY_MOUTH	grid	-360	-20	15149.702	15150.118	0.416	149.70	-
MURRAY_MOUTH	grid	-360	0	15151.354	15151.358	0.004	151.35	-
MURRAY_MOUTH	grid	-360	20	15153.368	15153.716	0.348	153.37	-
MURRAY_MOUTH	grid	-360	40	15155.693	15156.102	0.409	155.69	-
MURRAY_MOUTH	grid	-360	60	15158.275	15158.225	-0.050	158.28	-
MURRAY_MOUTH	grid	-360	80	15161.000	15160.962	-0.038	161.00	-
MURRAY_MOUTH	grid	-360	100	15163.756	15163.726	-0.030	163.76	-
MURRAY_MOUTH	grid	-360	120	15166.443	15166.348	-0.095	166.44	-
MURRAY_MOUTH	grid	-360	140	15168.954	15168.583	-0.372	168.95	-
MURRAY_MOUTH	grid	-360	160	15171.207	15170.868	-0.339	171.21	-
MURRAY_MOUTH	grid	-360	180	15173.143	15173.021	-0.123	173.14	-
MURRAY_MOUTH	grid	-360	200	15174.692	15174.318	-0.374	174.69	-
MURRAY_MOUTH	grid	-360	220	15175.870	15175.506	-0.364	175.87	-
MURRAY_MOUTH	grid	-360	240	15176.681	15176.510	-0.171	176.68	-
MURRAY_MOUTH	grid	-360	260	15177.128	15176.811	-0.317	177.13	-
MURRAY_MOUTH	grid	-360	280	15177.252	15176.965	-0.286	177.25	-
MURRAY_MOUTH	grid	-360	300	15177.106	15176.950	-0.155	177.11	-
MURRAY_MOUTH	grid	-360	320	15176.717	15176.376	-0.341	176.72	-
MURRAY_MOUTH	grid	-360	340	15176.109	15175.845	-0.264	176.11	-
MURRAY_MOUTH	grid	-360	360	15175.326	15175.207	-0.119	175.33	-
MURRAY_MOUTH	grid	-360	380	15174.387	15174.128	-0.258	174.39	-
MURRAY_MOUTH	grid	-360	400	15173.298	15173.077	-0.222	173.30	-
MURRAY_MOUTH	grid	-360	420	15172.071	15172.007	-0.064	172.07	-
MURRAY_MOUTH	grid	-360	440	15170.716	15170.590	-0.125	170.72	-
MURRAY_MOUTH	grid	-360	460	15169.228	15169.095	-0.133	169.23	-
MURRAY_MOUTH	grid	-360	480	15167.611	15167.437	-0.174	167.61	-
MURRAY_MOUTH	grid	-360	500	15165.878	15165.602	-0.276	165.88	-
MURRAY_MOUTH	grid	-340	-500	15139.985	15140.117	0.132	139.99	-
MURRAY_MOUTH	grid	-340	-480	15139.964	15140.213	0.249	139.96	-
MURRAY_MOUTH	grid	-340	-460	15139.765	15140.298	0.533	139.77	-
MURRAY_MOUTH	grid	-340	-440	15139.817	15140.383	0.566	139.82	-
MURRAY_MOUTH	grid	-340	-420	15140.042	15140.488	0.446	140.04	-
MURRAY_MOUTH	grid	-340	-400	15140.489	15140.821	0.331	140.49	-
MURRAY_MOUTH	grid	-340	-380	15141.015	15141.304	0.289	141.01	-
MURRAY_MOUTH	grid	-340	-360	15141.675	15141.765	0.090	141.67	-
MURRAY_MOUTH	grid	-340	-340	15142.292	15142.212	-0.080	142.29	-
MURRAY_MOUTH	grid	-340	-320	15142.723	15142.763	0.041	142.72	-
MURRAY_MOUTH	grid	-340	-300	15143.319	15143.340	0.020	143.32	-
MURRAY_MOUTH	grid	-340	-280	15143.990	15144.071	0.081	143.99	-
MURRAY_MOUTH	grid	-340	-260	15144.725	15144.858	0.133	144.73	-
MURRAY_MOUTH	grid	-340	-240	15145.491	15145.672	0.181	145.49	-
MURRAY_MOUTH	grid	-340	-220	15146.920	15145.871	-1.049	146.92	-
MURRAY_MOUTH	grid	-340	-200	15147.899	15146.603	-1.296	147.90	-
MURRAY_MOUTH	grid	-340	-180	15147.672	15147.406	-0.266	147.67	-
MURRAY_MOUTH	grid	-340	-160	15147.409	15147.435	0.025	147.41	-
MURRAY_MOUTH	grid	-340	-140	15147.166	15147.226	0.061	147.17	-
MURRAY_MOUTH	grid	-340	-120	15146.999	15147.014	0.015	147.00	-
MURRAY_MOUTH	grid	-340	-100	15146.997	15147.216	0.219	147.00	-
MURRAY_MOUTH	grid	-340	-80	15147.220	15147.546	0.327	147.22	-
MURRAY_MOUTH	grid	-340	-60	15147.732	15147.802	0.070	147.73	-
MURRAY_MOUTH	grid	-340	-40	15148.608	15148.936	0.328	148.61	-
MURRAY_MOUTH	grid	-340	-20	15149.883	15150.288	0.405	149.88	-
MURRAY_MOUTH	grid	-340	0	15151.555	15151.664	0.109	151.55	-
MURRAY_MOUTH	grid	-340	20	15153.621	15153.850	0.228	153.62	-
MURRAY_MOUTH	grid	-340	40	15156.052	15156.280	0.228	156.05	-
MURRAY_MOUTH	grid	-340	60	15158.749	15158.738	-0.012	158.75	-
MURRAY_MOUTH	grid	-340	80	15161.634	15161.734	0.100	161.63	-
MURRAY_MOUTH	grid	-340	100	15164.595	15164.554	-0.040	164.59	-
MURRAY_MOUTH	grid	-340	120	15167.511	15167.402	-0.108	167.51	-
MURRAY_MOUTH	grid	-340	140	15170.289	15170.155	-0.135	170.29	-
MURRAY_MOUTH	grid	-340	160	15172.835	15172.587	-0.248	172.83	-
MURRAY_MOUTH	grid	-340	180	15175.033	15174.900	-0.133	175.03	-
MURRAY_MOUTH	grid	-340	200	15176.878	15176.497	-0.381	176.88	-
MURRAY_MOUTH	grid	-340	220	15178.340	15178.056	-0.284	178.34	-
MURRAY_MOUTH	grid	-340	240	15179.371	15179.272	-0.099	179.37	-
MURRAY_MOUTH	grid	-340	260	15180.016	15179.614	-0.402	180.02	-
MURRAY_MOUTH	grid	-340	280	15180.312	15179.942	-0.370	180.31	-
MURRAY_MOUTH	grid	-340	300	15180.272	15180.234	-0.038	180.27	-
MURRAY_MOUTH	grid	-340	320	15179.934	15179.675	-0.258	179.93	-
MURRAY_MOUTH	grid	-340	340	15179.352	15179.096	-0.255	179.35	-
MURRAY_MOUTH	grid	-340	360	15178.551	15178.484	-0.067	178.55	-
MURRAY_MOUTH	grid	-340	380	15177.554	15177.226	-0.328	177.55	-
MURRAY_MOUTH	grid	-340	400	15176.393	15176.052	-0.341	176.39	-
MURRAY_MOUTH	grid	-340	420	15175.067	15174.895	-0.172	175.07	-
MURRAY_MOUTH	grid	-340	440	15173.606	15173.109	-0.497	173.61	-
MURRAY_MOUTH	grid	-340	460	15172.013	15171.590	-0.423	172.01	-
MURRAY_MOUTH	grid	-340	480	15170.287	15170.083	-0.205	170.29	-
MURRAY_MOUTH	grid	-340	500	15168.454	15168.059	-0.395	168.45	-
MURRAY_MOUTH	grid	-320	-500	15140.875	15140.639	-0.235	140.87	-
MURRAY_MOUTH	grid	-320	-480	15140.756	15140.677	-0.079	140.76	-
MURRAY_MOUTH	grid	-320	-460	15140.573	15140.772	0.199	140.57	-
MURRAY_MOUTH	grid	-320	-440	15140.579	15140.857	0.278	140.58	-
MURRAY_MOUTH	grid	-320	-420	15140.828	15140.968	0.141	140.83	-
MURRAY_MOUTH	grid	-320	-400	15141.230	15141.255	0.025	141.23	-
MURRAY_MOUTH	grid	-320	-380	15141.724	15141.778	0.054	141.72	-
MURRAY_MOUTH	grid	-320	-360	15142.291	15142.329	0.038	142.29	-
MURRAY_MOUTH	grid	-320	-340	15142.939	15142.883	-0.056	142.94	-
MURRAY_MOUTH	grid	-320	-320	15143.485	15143.426	-0.059	143.49	-
MURRAY_MOUTH	grid	-320	-300	15143.991	15143.993	0.002	143.99	-
MURRAY_MOUTH	grid	-320	-280	15144.596	15144.744	0.149	144.60	-
MURRAY_MOUTH	grid	-320	-260	15145.264	15145.729	0.464	145.26	-
MURRAY_MOUTH	grid	-320	-240	15146.324	15146.543	0.219	146.32	-
MURRAY_MOUTH	grid	-320	-220	15148.150	15146.971	-1.179	148.15	-
MURRAY_MOUTH	grid	-320	-200	15148.009	15146.957	-1.052	148.01	-
MURRAY_MOUTH	grid	-320	-180	15147.796	15147.255	-0.541	147.80	-
MURRAY_MOUTH	grid	-320	-160	15147.549	15147.558	0.009	147.55	-
MURRAY_MOUTH	grid	-320	-140	15147.310	15147.363	0.053	147.31	-
MURRAY_MOUTH	grid	-320	-120	15147.149	15147.195	0.047	147.15	-
MURRAY_MOUTH	grid	-320	-100	15147.139	15147.283	0.144	147.14	-
MURRAY_MOUTH	grid	-320	-80	15147.344	15147.622	0.278	147.34	-
MURRAY_MOUTH	grid	-320	-60	15147.849	15147.991	0.142	147.85	-
MURRAY_MOUTH	grid	-320	-40	15148.717	15149.038	0.321	148.72	-
MURRAY_MOUTH	grid	-320	-20	15149.981	15150.420	0.439	149.98	-
MURRAY_MOUTH	grid	-320	0	15151.659	15151.828	0.169	151.66	-
MURRAY_MOUTH	grid	-320	20	15153.776	15154.043	0.266	153.78	-
MURRAY_MOUTH	grid	-320	40	15156.265	15156.679	0.414	156.26	-
MURRAY_MOUTH	grid	-320	60	15159.056	15159.137	0.081	159.06	-
MURRAY_MOUTH	grid	-320	80	15162.082	15162.095	0.013	162.08	-
MURRAY_MOUTH	grid	-320	100	15165.228	15165.373	0.145	165.23	-
MURRAY_MOUTH	grid	-320	120	15168.365	15168.335	-0.029	168.36	-
MURRAY_MOUTH	grid	-320	140	15171.401	15171.124	-0.277	171.40	-
MURRAY_MOUTH	grid	-320	160	15174.204	15173.893	-0.311	174.20	-
MURRAY_MOUTH	grid	-320	180	15176.705	15176.647	-0.058	176.71	-
MURRAY_MOUTH	grid	-320	200	15178.853	15178.456	-0.397	178.85	-
MURRAY_MOUTH	grid	-320	220	15180.571	15180.028	-0.543	180.57	-
MURRAY_MOUTH	grid	-320	240	15181.858	15181.625	-0.233	181.86	-
MURRAY_MOUTH	grid	-320	260	15182.732	15182.360	-0.372	182.73	-
MURRAY_MOUTH	grid	-320	280	15183.200	15182.643	-0.557	183.20	-
MURRAY_MOUTH	grid	-320	300	15183.273	15182.953	-0.320	183.27	-
MURRAY_MOUTH	grid	-320	320	15183.019	15182.565	-0.453	183.02	-
MURRAY_MOUTH	grid	-320	340	15182.478	15181.921	-0.556	182.48	-
MURRAY_MOUTH	grid	-320	360	15181.655	15181.309	-0.346	181.66	-
MURRAY_MOUTH	grid	-320	380	15180.611	15180.140	-0.471	180.61	-
MURRAY_MOUTH	grid	-320	400	15179.378	15178.790	-0.588	179.38	-
MURRAY_MOUTH	grid	-320	420	15177.961	15177.643	-0.318	177.96	-
MURRAY_MOUTH	grid	-320	440	15176.387	15176.026	-0.362	176.39	-
MURRAY_MOUTH	grid	-320	460	15174.682	15174.267	-0.415	174.68	-
MURRAY_MOUTH	grid	-320	480	15172.850	15172.622	-0.228	172.85	-
MURRAY_MOUTH	grid	-320	500	15170.900	15170.732	-0.168	170.90	-
MURRAY_MOUTH	grid	-300	-500	15141.750	15141.273	-0.476	141.75	-
MURRAY_MOUTH	grid	-300	-480	15141.621	15141.352	-0.268	141.62	-
MURRAY_MOUTH	grid	-300	-460	15141.444	15141.460	0.016	141.44	-
MURRAY_MOUTH	grid	-300	-440	15141.441	15141.619	0.178	141.44	-
MURRAY_MOUTH	grid	-300	-420	15141.668	15141.790	0.122	141.67	-
MURRAY_MOUTH	grid	-300	-400	15142.035	15142.011	-0.023	142.03	-
MURRAY_MOUTH	grid	-300	-380	15142.464	15142.455	-0.009	142.46	-
MURRAY_MOUTH	grid	-300	-360	15142.972	15142.981	0.008	142.97	-
MURRAY_MOUTH	grid	-300	-340	15143.569	15143.550	-0.018	143.57	-
MURRAY_MOUTH	grid	-300	-320	15144.200	15144.098	-0.101	144.20	-
MURRAY_MOUTH	grid	-300	-300	15144.720	15144.673	-0.047	144.72	-
MURRAY_MOUTH	grid	-300	-280	15145.261	15145.331	0.070	145.26	-
MURRAY_MOUTH	grid	-300	-260	15145.876	15146.315	0.439	145.88	-
MURRAY_MOUTH	grid	-300	-240	15148.285	15147.326	-0.959	148.29	-
MURRAY_MOUTH	grid	-300	-220	15148.256	15148.098	-0.158	148.26	-
MURRAY_MOUTH	grid	-300	-200	15148.128	15148.030	-0.098	148.13	-
MURRAY_MOUTH	grid	-300	-180	15147.930	15147.851	-0.079	147.93	-
MURRAY_MOUTH	grid	-300	-160	15147.688	15147.690	0.002	147.69	-
MURRAY_MOUTH	grid	-300	-140	15147.453	15147.501	0.047	147.45	-
MURRAY_MOUTH	grid	-300	-120	15147.289	15147.329	0.041	147.29	-
MURRAY_MOUTH	grid	-300	-100	15147.260	15147.341	0.081	147.26	-
MURRAY_MOUTH	grid	-300	-80	15147.453	15147.785	0.333	147.45	-
MURRAY_MOUTH	grid	-300	-60	15147.940	15148.155	0.216	147.94	-
MURRAY_MOUTH	grid	-300	-40	15148.773	15148.906	0.134	148.77	-
MURRAY_MOUTH	grid	-300	-20	15150.009	15150.512	0.503	150.01	-
MURRAY_MOUTH	grid	-300	0	15151.703	15152.040	0.337	151.70	-
MURRAY_MOUTH	grid	-300	20	15153.818	15153.908	0.089	153.82	-
MURRAY_MOUTH	grid	-300	40	15156.334	15156.688	0.354	156.33	-
MURRAY_MOUTH	grid	-300	60	15159.216	15159.496	0.280	159.22	-
MURRAY_MOUTH	grid	-300	80	15162.351	15162.319	-0.032	162.35	-
MURRAY_MOUTH	grid	-300	100	15165.648	15165.597	-0.051	165.65	-
MURRAY_MOUTH	grid	-300	120	15168.993	15168.914	-0.079	168.99	-
MURRAY_MOUTH	grid	-300	140	15172.249	15172.151	-0.098	172.25	-
MURRAY_MOUTH	grid	-300	160	15175.324	15174.941	-0.384	175.32	-
MURRAY_MOUTH	grid	-300	180	15178.130	15177.759	-0.371	178.13	-
MURRAY_MOUTH	grid	-300	200	15180.536	15180.233	-0.303	180.54	-
MURRAY_MOUTH	grid	-300	220	15182.534	15182.001	-0.533	182.53	-
MURRAY_MOUTH	grid	-300	240	15184.100	15183.598	-0.502	184.10	-
MURRAY_MOUTH	grid	-300	260	15185.191	15184.728	-0.463	185.19	-
MURRAY_MOUTH	grid	-300	280	15185.823	15185.211	-0.613	185.82	-
MURRAY_MOUTH	grid	-300	300	15186.057	15185.562	-0.495	186.06	-
MURRAY_MOUTH	grid	-300	320	15185.895	15185.448	-0.447	185.90	-
MURRAY_MOUTH	grid	-300	340	15185.369	15184.790	-0.579	185.37	-
MURRAY_MOUTH	grid	-300	360	15184.561	15184.162	-0.399	184.56	-
MURRAY_MOUTH	grid	-300	380	15183.476	15183.208	-0.267	183.48	-
MURRAY_MOUTH	grid	-300	400	15182.165	15181.848	-0.317	182.17	-
MURRAY_MOUTH	grid	-300	420	15180.664	15180.515	-0.149	180.66	-
MURRAY_MOUTH	grid	-300	440	15178.978	15178.820	-0.158	178.98	-
MURRAY_MOUTH	grid	-300	460	15177.154	15176.845	-0.310	177.15	-
MURRAY_MOUTH	grid	-300	480	15175.206	15174.897	-0.309	175.21	-
MURRAY_MOUTH	grid	-300	500	15173.142	15172.780	-0.362	173.14	-
MURRAY_MOUTH	grid	-280	-500	15142.182	15141.864	-0.318	142.18	-
MURRAY_MOUTH	grid	-280	-480	15142.465	15142.188	-0.278	142.47	-
MURRAY_MOUTH	grid	-280	-460	15142.323	15142.293	-0.029	142.32	-
MURRAY_MOUTH	grid	-280	-440	15142.336	15142.453	0.117	142.34	-
MURRAY_MOUTH	grid	-280	-420	15142.522	15142.646	0.123	142.52	-
MURRAY_MOUTH	grid	-280	-400	15142.837	15142.849	0.012	142.84	-
MURRAY_MOUTH	grid	-280	-380	15143.242	15143.260	0.017	143.24	-
MURRAY_MOUTH	grid	-280	-360	15143.717	15143.730	0.014	143.72	-
MURRAY_MOUTH	grid	-280	-340	15144.240	15144.237	-0.003	144.24	-
MURRAY_MOUTH	grid	-280	-320	15144.844	15144.792	-0.052	144.84	-
MURRAY_MOUTH	grid	-280	-300	15145.466	15145.382	-0.084	145.47	-
MURRAY_MOUTH	grid	-280	-280	15146.482	15146.002	-0.480	146.48	-
MURRAY_MOUTH	grid	-280	-260	15148.209	15146.521	-1.689	148.21	-
MURRAY_MOUTH	grid	-280	-240	15148.383	15147.388	-0.994	148.38	-
MURRAY_MOUTH	grid	-280	-220	15148.360	15148.283	-0.077	148.36	-
MURRAY_MOUTH	grid	-280	-200	15148.247	15148.118	-0.128	148.25	-
MURRAY_MOUTH	grid	-280	-180	15148.054	15147.936	-0.118	148.05	-
MURRAY_MOUTH	grid	-280	-160	15147.819	15147.784	-0.035	147.82	-
MURRAY_MOUTH	grid	-280	-140	15147.587	15147.625	0.038	147.59	-
MURRAY_MOUTH	grid	-280	-120	15147.415	15147.485	0.070	147.42	-
MURRAY_MOUTH	grid	-280	-100	15147.376	15147.346	-0.030	147.38	-
MURRAY_MOUTH	grid	-280	-80	15147.544	15147.805	0.261	147.54	-
MURRAY_MOUTH	grid	-280	-60	15147.988	15148.291	0.302	147.99	-
MURRAY_MOUTH	grid	-280	-40	15148.785	15148.786	0.001	148.79	-
MURRAY_MOUTH	grid	-280	-20	15150.005	15150.392	0.387	150.01	-
MURRAY_MOUTH	grid	-280	0	15151.660	15152.025	0.365	151.66	-
MURRAY_MOUTH	grid	-280	20	15153.750	15153.784	0.034	153.75	-
MURRAY_MOUTH	grid	-280	40	15156.299	15156.620	0.321	156.30	-
MURRAY_MOUTH	grid	-280	60	15159.224	15159.449	0.225	159.22	-
MURRAY_MOUTH	grid	-280	80	15162.441	15162.377	-0.064	162.44	-
MURRAY_MOUTH	grid	-280	100	15165.867	15165.980	0.113	165.87	-
MURRAY_MOUTH	grid	-280	120	15169.380	15169.313	-0.067	169.38	-
MURRAY_MOUTH	grid	-280	140	15172.851	15172.656	-0.194	172.85	-
MURRAY_MOUTH	grid	-280	160	15176.176	15175.880	-0.296	176.18	-
MURRAY_MOUTH	grid	-280	180	15179.220	15178.902	-0.318	179.22	-
MURRAY_MOUTH	grid	-280	200	15181.914	15181.623	-0.291	181.91	-
MURRAY_MOUTH	grid	-280	220	15184.193	15183.570	-0.623	184.19	-
MURRAY_MOUTH	grid	-280	240	15186.003	15185.544	-0.460	186.00	-
MURRAY_MOUTH	grid	-280	260	15187.307	15187.042	-0.265	187.31	-
MURRAY_MOUTH	grid	-280	280	15188.135	15187.524	-0.610	188.13	-
MURRAY_MOUTH	grid	-280	300	15188.518	15188.034	-0.484	188.52	-
MURRAY_MOUTH	grid	-280	320	15188.433	15188.322	-0.111	188.43	-
MURRAY_MOUTH	grid	-280	340	15187.962	15187.468	-0.493	187.96	-
MURRAY_MOUTH	grid	-280	360	15187.160	15186.641	-0.519	187.16	-
MURRAY_MOUTH	grid	-280	380	15186.045	15185.664	-0.381	186.04	-
MURRAY_MOUTH	grid	-280	400	15184.661	15184.017	-0.643	184.66	-
MURRAY_MOUTH	grid	-280	420	15183.070	15182.463	-0.607	183.07	-
MURRAY_MOUTH	grid	-280	440	15181.293	15180.806	-0.487	181.29	-
MURRAY_MOUTH	grid	-280	460	15179.340	15178.671	-0.669	179.34	-
MURRAY_MOUTH	grid	-280	480	15177.273	15176.688	-0.585	177.27	-
MURRAY_MOUTH	grid	-280	500	15175.102	15174.680	-0.422	175.10	-
MURRAY_MOUTH	grid	-260	-500	15142.279	15142.098	-0.181	142.28	-
MURRAY_MOUTH	grid	-260	-480	15142.914	15142.578	-0.336	142.91	-
MURRAY_MOUTH	grid	-260	-460	15143.200	15143.084	-0.116	143.20	-
MURRAY_MOUTH	grid	-260	-440	15143.230	15143.307	0.077	143.23	-
MURRAY_MOUTH	grid	-260	-420	15143.376	15143.498	0.121	143.38	-
MURRAY_MOUTH	grid	-260	-400	15143.665	15143.712	0.047	143.67	-
MURRAY_MOUTH	grid	-260	-380	15144.048	15144.172	0.123	144.05	-
MURRAY_MOUTH	grid	-260	-360	15144.475	15144.676	0.201	144.48	-
MURRAY_MOUTH	grid	-260	-340	15144.967	15145.207	0.239	144.97	-
MURRAY_MOUTH	grid	-260	-320	15145.513	15145.675	0.162	145.51	-
MURRAY_MOUTH	grid	-260	-300	15146.620	15146.199	-0.421	146.62	-
MURRAY_MOUTH	grid	-260	-280	15148.204	15146.819	-1.385	148.20	-
MURRAY_MOUTH	grid	-260	-260	15148.392	15147.134	-1.257	148.39	-
MURRAY_MOUTH	grid	-260	-240	15148.476	15147.305	-1.171	148.48	-
MURRAY_MOUTH	grid	-260	-220	15148.464	15148.126	-0.339	148.46	-
MURRAY_MOUTH	grid	-260	-200	15148.356	15148.258	-0.098	148.36	-
MURRAY_MOUTH	grid	-260	-180	15148.173	15148.062	-0.111	148.17	-
MURRAY_MOUTH	grid	-260	-160	15147.941	15147.896	-0.045	147.94	-
MURRAY_MOUTH	grid	-260	-140	15147.709	15147.746	0.037	147.71	-
MURRAY_MOUTH	grid	-260	-120	15147.529	15147.613	0.084	147.53	-
MURRAY_MOUTH	grid	-260	-100	15147.477	15147.504	0.026	147.48	-
MURRAY_MOUTH	grid	-260	-80	15147.610	15147.840	0.229	147.61	-
MURRAY_MOUTH	grid	-260	-60	15148.017	15148.328	0.310	148.02	-
MURRAY_MOUTH	grid	-260	-40	15148.783	15148.843	0.060	148.78	-
MURRAY_MOUTH	grid	-260	-20	15149.940	15150.342	0.402	149.94	-
MURRAY_MOUTH	grid	-260	0	15151.538	15151.999	0.461	151.54	-
MURRAY_MOUTH	grid	-260	20	15153.626	15153.672	0.046	153.63	-
MURRAY_MOUTH	grid	-260	40	15156.151	15156.462	0.311	156.15	-
MURRAY_MOUTH	grid	-260	60	15159.084	15159.484	0.400	159.08	-
MURRAY_MOUTH	grid	-260	80	15162.367	15162.342	-0.025	162.37	-
MURRAY_MOUTH	grid	-260	100	15165.885	15165.881	-0.004	165.89	-
MURRAY_MOUTH	grid	-260	120	15169.532	15169.587	0.055	169.53	-
MURRAY_MOUTH	grid	-260	140	15173.198	15173.102	-0.097	173.20	-
MURRAY_MOUTH	grid	-260	160	15176.714	15176.351	-0.364	176.71	-
MURRAY_MOUTH	grid	-260	180	15179.997	15179.603	-0.395	180.00	-
MURRAY_MOUTH	grid	-260	200	15182.963	15182.883	-0.080	182.96	-
MURRAY_MOUTH	grid	-260	220	15185.475	15184.929	-0.546	185.47	-
MURRAY_MOUTH	grid	-260	240	15187.504	15186.815	-0.689	187.50	-
MURRAY_MOUTH	grid	-260	260	15189.049	15188.728	-0.321	189.05	-
MURRAY_MOUTH	grid	-260	280	15190.064	15189.329	-0.735	190.06	-
MURRAY_MOUTH	grid	-260	300	15190.548	15189.693	-0.855	190.55	-
MURRAY_MOUTH	grid	-260	320	15190.582	15190.083	-0.499	190.58	-
MURRAY_MOUTH	grid	-260	340	15190.169	15189.336	-0.833	190.17	-
MURRAY_MOUTH	grid	-260	360	15189.362	15188.503	-0.859	189.36	-
MURRAY_MOUTH	grid	-260	380	15188.225	15187.703	-0.522	188.22	-
MURRAY_MOUTH	grid	-260	400	15186.783	15186.070	-0.713	186.78	-
MURRAY_MOUTH	grid	-260	420	15185.103	15184.391	-0.712	185.10	-
MURRAY_MOUTH	grid	-260	440	15183.228	15182.844	-0.384	183.23	-
MURRAY_MOUTH	grid	-260	460	15181.166	15180.750	-0.416	181.17	-
MURRAY_MOUTH	grid	-260	480	15178.981	15178.643	-0.338	178.98	-
MURRAY_MOUTH	grid	-260	500	15176.702	15176.586	-0.116	176.70	-
MURRAY_MOUTH	grid	-240	-500	15142.380	15142.385	0.005	142.38	-
MURRAY_MOUTH	grid	-240	-480	15143.041	15142.902	-0.139	143.04	-
MURRAY_MOUTH	grid	-240	-460	15143.706	15143.429	-0.277	143.71	-
MURRAY_MOUTH	grid	-240	-440	15144.104	15143.950	-0.154	144.10	-
MURRAY_MOUTH	grid	-240	-420	15144.243	15144.351	0.109	144.24	-
MURRAY_MOUTH	grid	-240	-400	15144.511	15144.566	0.056	144.51	-
MURRAY_MOUTH	grid	-240	-380	15144.850	15144.951	0.101	144.85	-
MURRAY_MOUTH	grid	-240	-360	15145.257	15145.645	0.388	145.26	-
MURRAY_MOUTH	grid	-240	-340	15145.720	15146.251	0.531	145.72	-
MURRAY_MOUTH	grid	-240	-320	15146.869	15146.757	-0.113	146.87	-
MURRAY_MOUTH	grid	-240	-300	15148.028	15147.199	-0.829	148.03	-
MURRAY_MOUTH	grid	-240	-280	15148.304	15147.669	-0.635	148.30	-
MURRAY_MOUTH	grid	-240	-260	15148.484	15148.108	-0.375	148.48	-
MURRAY_MOUTH	grid	-240	-240	15148.571	15148.279	-0.292	148.57	-
MURRAY_MOUTH	grid	-240	-220	15148.564	15148.477	-0.088	148.56	-
MURRAY_MOUTH	grid	-240	-200	15148.458	15148.405	-0.053	148.46	-
MURRAY_MOUTH	grid	-240	-180	15148.281	15148.188	-0.094	148.28	-
MURRAY_MOUTH	grid	-240	-160	15148.055	15147.997	-0.058	148.05	-
MURRAY_MOUTH	grid	-240	-140	15147.823	15147.846	0.022	147.82	-
MURRAY_MOUTH	grid	-240	-120	15147.636	15147.715	0.079	147.64	-
MURRAY_MOUTH	grid	-240	-100	15147.558	15147.600	0.042	147.56	-
MURRAY_MOUTH	grid	-240	-80	15147.662	15147.821	0.159	147.66	-
MURRAY_MOUTH	grid	-240	-60	15148.037	15148.397	0.360	148.04	-
MURRAY_MOUTH	grid	-240	-40	15148.740	15148.913	0.173	148.74	-
MURRAY_MOUTH	grid	-240	-20	15149.831	15150.088	0.257	149.83	-
MURRAY_MOUTH	grid	-240	0	15151.392	15151.893	0.501	151.39	-
MURRAY_MOUTH	grid	-240	20	15153.420	15153.673	0.254	153.42	-
MURRAY_MOUTH	grid	-240	40	15155.903	15156.105	0.202	155.90	-
MURRAY_MOUTH	grid	-240	60	15158.830	15159.195	0.365	158.83	-
MURRAY_MOUTH	grid	-240	80	15162.136	15162.314	0.177	162.14	-
MURRAY_MOUTH	grid	-240	100	15165.717	15165.730	0.013	165.72	-
MURRAY_MOUTH	grid	-240	120	15169.462	15169.419	-0.043	169.46	-
MURRAY_MOUTH	grid	-240	140	15173.255	15173.136	-0.119	173.25	-
MURRAY_MOUTH	grid	-240	160	15176.961	15176.709	-0.252	176.96	-
MURRAY_MOUTH	grid	-240	180	15180.453	15179.924	-0.529	180.45	-
MURRAY_MOUTH	grid	-240	200	15183.616	15183.162	-0.454	183.62	-
MURRAY_MOUTH	grid	-240	220	15186.353	15185.723	-0.630	186.35	-
MURRAY_MOUTH	grid	-240	240	15188.606	15187.776	-0.830	188.61	-
MURRAY_MOUTH	grid	-240	260	15190.347	15189.689	-0.658	190.35	-
MURRAY_MOUTH	grid	-240	280	15191.508	15190.714	-0.793	191.51	-
MURRAY_MOUTH	grid	-240	300	15192.129	15191.208	-0.921	192.13	-
MURRAY_MOUTH	grid	-240	320	15192.262	15191.650	-0.612	192.26	-
MURRAY_MOUTH	grid	-240	340	15191.901	15191.248	-0.653	191.90	-
MURRAY_MOUTH	grid	-240	360	15191.089	15190.407	-0.682	191.09	-
MURRAY_MOUTH	grid	-240	380	15189.934	15189.593	-0.341	189.93	-
MURRAY_MOUTH	grid	-240	400	15188.458	15188.210	-0.248	188.46	-
MURRAY_MOUTH	grid	-240	420	15186.682	15186.363	-0.319	186.68	-
MURRAY_MOUTH	grid	-240	440	15184.706	15184.413	-0.293	184.71	-
MURRAY_MOUTH	grid	-240	460	15182.560	15182.147	-0.413	182.56	-
MURRAY_MOUTH	grid	-240	480	15180.254	15179.762	-0.492	180.25	-
MURRAY_MOUTH	grid	-240	500	15177.866	15177.405	-0.461	177.87	-
MURRAY_MOUTH	grid	-220	-500	15142.531	15142.564	0.033	142.53	-
MURRAY_MOUTH	grid	-220	-480	15143.213	15143.210	-0.004	143.21	-
MURRAY_MOUTH	grid	-220	-460	15143.893	15143.836	-0.057	143.89	-
MURRAY_MOUTH	grid	-220	-440	15144.559	15144.385	-0.174	144.56	-
MURRAY_MOUTH	grid	-220	-420	15145.060	15144.856	-0.204	145.06	-
MURRAY_MOUTH	grid	-220	-400	15145.359	15145.355	-0.005	145.36	-
MURRAY_MOUTH	grid	-220	-380	15145.675	15145.722	0.047	145.68	-
MURRAY_MOUTH	grid	-220	-360	15146.318	15146.417	0.099	146.32	-
MURRAY_MOUTH	grid	-220	-340	15147.153	15147.138	-0.016	147.15	-
MURRAY_MOUTH	grid	-220	-320	15147.806	15147.771	-0.035	147.81	-
MURRAY_MOUTH	grid	-220	-300	15148.144	15148.015	-0.129	148.14	-
MURRAY_MOUTH	grid	-220	-280	15148.405	15148.285	-0.120	148.40	-
MURRAY_MOUTH	grid	-220	-260	15148.579	15148.528	-0.051	148.58	-
MURRAY_MOUTH	grid	-220	-240	15148.664	15148.486	-0.178	148.66	-
MURRAY_MOUTH	grid	-220	-220	15148.651	15148.505	-0.145	148.65	-
MURRAY_MOUTH	grid	-220	-200	15148.553	15148.501	-0.053	148.55	-
MURRAY_MOUTH	grid	-220	-180	15148.383	15148.269	-0.114	148.38	-
MURRAY_MOUTH	grid	-220	-160	15148.161	15148.074	-0.087	148.16	-
MURRAY_MOUTH	grid	-220	-140	15147.928	15147.915	-0.013	147.93	-
MURRAY_MOUTH	grid	-220	-120	15147.731	15147.807	0.076	147.73	-
MURRAY_MOUTH	grid	-220	-100	15147.635	15147.723	0.088	147.63	-
MURRAY_MOUTH	grid	-220	-80	15147.717	15147.778	0.060	147.72	-
MURRAY_MOUTH	grid	-220	-60	15148.037	15148.353	0.317	148.04	-
MURRAY_MOUTH	grid	-220	-40	15148.673	15148.956	0.284	148.67	-
MURRAY_MOUTH	grid	-220	-20	15149.719	15149.860	0.141	149.72	-
MURRAY_MOUTH	grid	-220	0	15151.204	15151.662	0.458	151.20	-
MURRAY_MOUTH	grid	-220	20	15153.142	15153.489	0.347	153.14	-
MURRAY_MOUTH	grid	-220	40	15155.582	15155.711	0.129	155.58	-
MURRAY_MOUTH	grid	-220	60	15158.478	15158.833	0.355	158.48	-
MURRAY_MOUTH	grid	-220	80	15161.763	15161.942	0.179	161.76	-
MURRAY_MOUTH	grid	-220	100	15165.367	15165.300	-0.067	165.37	-
MURRAY_MOUTH	grid	-220	120	15169.181	15169.201	0.020	169.18	-
MURRAY_MOUTH	grid	-220	140	15173.066	15172.918	-0.149	173.07	-
MURRAY_MOUTH	grid	-220	160	15176.912	15176.569	-0.343	176.91	-
MURRAY_MOUTH	grid	-220	180	15180.556	15180.046	-0.510	180.56	-
MURRAY_MOUTH	grid	-220	200	15183.887	15183.455	-0.432	183.89	-
MURRAY_MOUTH	grid	-220	220	15186.829	15186.327	-0.501	186.83	-
MURRAY_MOUTH	grid	-220	240	15189.269	15188.450	-0.819	189.27	-
MURRAY_MOUTH	grid	-220	260	15191.139	15190.600	-0.539	191.14	-
MURRAY_MOUTH	grid	-220	280	15192.469	15192.097	-0.372	192.47	-
MURRAY_MOUTH	grid	-220	300	15193.225	15192.588	-0.637	193.23	-
MURRAY_MOUTH	grid	-220	320	15193.403	15192.867	-0.536	193.40	-
MURRAY_MOUTH	grid	-220	340	15193.093	15192.616	-0.477	193.09	-
MURRAY_MOUTH	grid	-220	360	15192.314	15191.489	-0.826	192.31	-
MURRAY_MOUTH	grid	-220	380	15191.121	15190.390	-0.731	191.12	-
MURRAY_MOUTH	grid	-220	400	15189.590	15188.935	-0.656	189.59	-
MURRAY_MOUTH	grid	-220	420	15187.756	15186.908	-0.848	187.76	-
MURRAY_MOUTH	grid	-220	440	15185.690	15184.958	-0.732	185.69	-
MURRAY_MOUTH	grid	-220	460	15183.450	15182.827	-0.623	183.45	-
MURRAY_MOUTH	grid	-220	480	15181.056	15180.403	-0.653	181.06	-
MURRAY_MOUTH	grid	-220	500	15178.569	15178.029	-0.539	178.57	-
MURRAY_MOUTH	grid	-200	-500	15142.736	15142.760	0.024	142.74	-
MURRAY_MOUTH	grid	-200	-480	15143.437	15143.416	-0.022	143.44	-
MURRAY_MOUTH	grid	-200	-460	15144.127	15144.088	-0.040	144.13	-
MURRAY_MOUTH	grid	-200	-440	15144.799	15144.787	-0.013	144.80	-
MURRAY_MOUTH	grid	-200	-420	15145.443	15145.295	-0.148	145.44	-
MURRAY_MOUTH	grid	-200	-400	15146.028	15145.769	-0.259	146.03	-
MURRAY_MOUTH	grid	-200	-380	15146.566	15146.271	-0.295	146.57	-
MURRAY_MOUTH	grid	-200	-360	15147.112	15146.676	-0.435	147.11	-
MURRAY_MOUTH	grid	-200	-340	15147.564	15147.263	-0.301	147.56	-
MURRAY_MOUTH	grid	-200	-320	15147.952	15147.876	-0.076	147.95	-
MURRAY_MOUTH	grid	-200	-300	15148.273	15148.102	-0.171	148.27	-
MURRAY_MOUTH	grid	-200	-280	15148.516	15148.322	-0.194	148.52	-
MURRAY_MOUTH	grid	-200	-260	15148.680	15148.620	-0.060	148.68	-
MURRAY_MOUTH	grid	-200	-240	15148.751	15148.602	-0.150	148.75	-
MURRAY_MOUTH	grid	-200	-220	15148.739	15148.565	-0.175	148.74	-
MURRAY_MOUTH	grid	-200	-200	15148.646	15148.599	-0.047	148.65	-
MURRAY_MOUTH	grid	-200	-180	15148.476	15148.395	-0.081	148.48	-
MURRAY_MOUTH	grid	-200	-160	15148.257	15148.190	-0.066	148.26	-
MURRAY_MOUTH	grid	-200	-140	15148.024	15148.014	-0.010	148.02	-
MURRAY_MOUTH	grid	-200	-120	15147.820	15147.903	0.083	147.82	-
MURRAY_MOUTH	grid	-200	-100	15147.712	15147.813	0.101	147.71	-
MURRAY_MOUTH	grid	-200	-80	15147.756	15147.749	-0.006	147.76	-
MURRAY_MOUTH	grid	-200	-60	15148.025	15148.324	0.300	148.02	-
MURRAY_MOUTH	grid	-200	-40	15148.619	15148.923	0.304	148.62	-
MURRAY_MOUTH	grid	-200	-20	15149.584	15149.549	-0.035	149.58	-
MURRAY_MOUTH	grid	-200	0	15150.969	15151.415	0.446	150.97	-
MURRAY_MOUTH	grid	-200	20	15152.840	15153.260	0.420	152.84	-
MURRAY_MOUTH	grid	-200	40	15155.205	15155.128	-0.077	155.21	-
MURRAY_MOUTH	grid	-200	60	15158.027	15158.353	0.325	158.03	-
MURRAY_MOUTH	grid	-200	80	15161.263	15161.590	0.327	161.26	-
MURRAY_MOUTH	grid	-200	100	15164.867	15164.751	-0.116	164.87	-
MURRAY_MOUTH	grid	-200	120	15168.700	15168.661	-0.039	168.70	-
MURRAY_MOUTH	grid	-200	140	15172.640	15172.600	-0.040	172.64	-
MURRAY_MOUTH	grid	-200	160	15176.565	15176.457	-0.108	176.56	-
MURRAY_MOUTH	grid	-200	180	15180.331	15179.933	-0.397	180.33	-
MURRAY_MOUTH	grid	-200	200	15183.800	15183.382	-0.418	183.80	-
MURRAY_MOUTH	grid	-200	220	15186.882	15186.689	-0.193	186.88	-
MURRAY_MOUTH	grid	-200	240	15189.456	15188.633	-0.823	189.46	-
MURRAY_MOUTH	grid	-200	260	15191.473	15190.601	-0.872	191.47	-
MURRAY_MOUTH	grid	-200	280	15192.931	15192.442	-0.490	192.93	-
MURRAY_MOUTH	grid	-200	300	15193.767	15192.681	-1.087	193.77	-
MURRAY_MOUTH	grid	-200	320	15194.010	15192.960	-1.050	194.01	-
MURRAY_MOUTH	grid	-200	340	15193.739	15193.113	-0.626	193.74	-
MURRAY_MOUTH	grid	-200	360	15192.984	15191.937	-1.047	192.98	-
MURRAY_MOUTH	grid	-200	380	15191.748	15190.805	-0.943	191.75	-
MURRAY_MOUTH	grid	-200	400	15190.171	15189.619	-0.552	190.17	-
MURRAY_MOUTH	grid	-200	420	15188.302	15187.573	-0.729	188.30	-
MURRAY_MOUTH	grid	-200	440	15186.141	15185.555	-0.586	186.14	-
MURRAY_MOUTH	grid	-200	460	15183.813	15183.542	-0.271	183.81	-
MURRAY_MOUTH	grid	-200	480	15181.361	15181.118	-0.243	181.36	-
MURRAY_MOUTH	grid	-200	500	15178.791	15178.722	-0.069	178.79	-
MURRAY_MOUTH	grid	-180	-500	15142.994	15142.987	-0.006	142.99	-
MURRAY_MOUTH	grid	-180	-480	15143.705	15143.663	-0.042	143.71	-
MURRAY_MOUTH	grid	-180	-460	15144.403	15144.329	-0.074	144.40	-
MURRAY_MOUTH	grid	-180	-440	15145.076	15145.031	-0.046	145.08	-
MURRAY_MOUTH	grid	-180	-420	15145.709	15145.626	-0.084	145.71	-
MURRAY_MOUTH	grid	-180	-400	15146.298	15146.127	-0.172	146.30	-
MURRAY_MOUTH	grid	-180	-380	15146.839	15146.628	-0.210	146.84	-
MURRAY_MOUTH	grid	-180	-360	15147.324	15147.059	-0.264	147.32	-
MURRAY_MOUTH	grid	-180	-340	15147.751	15147.442	-0.309	147.75	-
MURRAY_MOUTH	grid	-180	-320	15148.113	15147.957	-0.156	148.11	-
MURRAY_MOUTH	grid	-180	-300	15148.409	15148.308	-0.102	148.41	-
MURRAY_MOUTH	grid	-180	-280	15148.633	15148.489	-0.145	148.63	-
MURRAY_MOUTH	grid	-180	-260	15148.776	15148.696	-0.080	148.78	-
MURRAY_MOUTH	grid	-180	-240	15148.841	15148.766	-0.075	148.84	-
MURRAY_MOUTH	grid	-180	-220	15148.828	15148.711	-0.117	148.83	-
MURRAY_MOUTH	grid	-180	-200	15148.728	15148.672	-0.056	148.73	-
MURRAY_MOUTH	grid	-180	-180	15148.563	15148.502	-0.062	148.56	-
MURRAY_MOUTH	grid	-180	-160	15148.350	15148.279	-0.071	148.35	-
MURRAY_MOUTH	grid	-180	-140	15148.117	15148.083	-0.034	148.12	-
MURRAY_MOUTH	grid	-180	-120	15147.911	15147.968	0.056	147.91	-
MURRAY_MOUTH	grid	-180	-100	15147.781	15147.891	0.110	147.78	-
MURRAY_MOUTH	grid	-180	-80	15147.792	15147.827	0.035	147.79	-
MURRAY_MOUTH	grid	-180	-60	15148.031	15148.253	0.222	148.03	-
MURRAY_MOUTH	grid	-180	-40	15148.554	15148.904	0.349	148.55	-
MURRAY_MOUTH	grid	-180	-20	15149.424	15149.537	0.113	149.42	-
MURRAY_MOUTH	grid	-180	0	15150.737	15151.080	0.343	150.74	-
MURRAY_MOUTH	grid	-180	20	15152.515	15152.990	0.475	152.51	-
MURRAY_MOUTH	grid	-180	40	15154.764	15154.912	0.148	154.76	-
MURRAY_MOUTH	grid	-180	60	15157.497	15157.796	0.300	157.50	-
MURRAY_MOUTH	grid	-180	80	15160.686	15161.049	0.363	160.69	-
MURRAY_MOUTH	grid	-180	100	15164.224	15164.291	0.068	164.22	-
MURRAY_MOUTH	grid	-180	120	15168.032	15167.996	-0.036	168.03	-
MURRAY_MOUTH	grid	-180	140	15171.991	15171.859	-0.132	171.99	-
MURRAY_MOUTH	grid	-180	160	15175.949	15175.751	-0.198	175.95	-
MURRAY_MOUTH	grid	-180	180	15179.786	15179.242	-0.544	179.79	-
MURRAY_MOUTH	grid	-180	200	15183.354	15182.627	-0.727	183.35	-
MURRAY_MOUTH	grid	-180	220	15186.510	15186.038	-0.472	186.51	-
MURRAY_MOUTH	grid	-180	240	15189.202	15188.284	-0.918	189.20	-
MURRAY_MOUTH	grid	-180	260	15191.348	15190.265	-1.083	191.35	-
MURRAY_MOUTH	grid	-180	280	15192.849	15192.260	-0.589	192.85	-
MURRAY_MOUTH	grid	-180	300	15193.767	15192.822	-0.945	193.77	-
MURRAY_MOUTH	grid	-180	320	15194.092	15193.087	-1.005	194.09	-
MURRAY_MOUTH	grid	-180	340	15193.830	15193.385	-0.445	193.83	-
MURRAY_MOUTH	grid	-180	360	15193.056	15192.461	-0.595	193.06	-
MURRAY_MOUTH	grid	-180	380	15191.834	15191.312	-0.522	191.83	-
MURRAY_MOUTH	grid	-180	400	15190.211	15190.068	-0.143	190.21	-
MURRAY_MOUTH	grid	-180	420	15188.267	15187.875	-0.391	188.27	-
MURRAY_MOUTH	grid	-180	440	15186.065	15185.566	-0.499	186.06	-
MURRAY_MOUTH	grid	-180	460	15183.663	15183.285	-0.379	183.66	-
MURRAY_MOUTH	grid	-180	480	15181.141	15180.754	-0.387	181.14	-
MURRAY_MOUTH	grid	-180	500	15178.537	15178.108	-0.428	178.54	-
MURRAY_MOUTH	grid	-160	-500	15143.300	15143.287	-0.012	143.30	-
MURRAY_MOUTH	grid	-160	-480	15144.017	15143.999	-0.018	144.02	-
MURRAY_MOUTH	grid	-160	-460	15144.717	15144.632	-0.086	144.72	-
MURRAY_MOUTH	grid	-160	-440	15145.381	15145.301	-0.080	145.38	-
MURRAY_MOUTH	grid	-160	-420	15146.003	15145.960	-0.043	146.00	-
MURRAY_MOUTH	grid	-160	-400	15146.577	15146.467	-0.110	146.58	-
MURRAY_MOUTH	grid	-160	-380	15147.094	15147.000	-0.094	147.09	-
MURRAY_MOUTH	grid	-160	-360	15147.549	15147.489	-0.061	147.55	-
MURRAY_MOUTH	grid	-160	-340	15147.947	15147.865	-0.082	147.95	-
MURRAY_MOUTH	grid	-160	-320	15148.283	15148.208	-0.075	148.28	-
MURRAY_MOUTH	grid	-160	-300	15148.551	15148.465	-0.087	148.55	-
MURRAY_MOUTH	grid	-160	-280	15148.752	15148.601	-0.151	148.75	-
MURRAY_MOUTH	grid	-160	-260	15148.880	15148.769	-0.111	148.88	-
MURRAY_MOUTH	grid	-160	-240	15148.932	15148.842	-0.090	148.93	-
MURRAY_MOUTH	grid	-160	-220	15148.909	15148.741	-0.167	148.91	-
MURRAY_MOUTH	grid	-160	-200	15148.813	15148.702	-0.111	148.81	-
MURRAY_MOUTH	grid	-160	-180	15148.650	15148.594	-0.056	148.65	-
MURRAY_MOUTH	grid	-160	-160	15148.440	15148.364	-0.076	148.44	-
MURRAY_MOUTH	grid	-160	-140	15148.212	15148.165	-0.048	148.21	-
MURRAY_MOUTH	grid	-160	-120	15148.000	15148.029	0.029	148.00	-
MURRAY_MOUTH	grid	-160	-100	15147.857	15147.966	0.109	147.86	-
MURRAY_MOUTH	grid	-160	-80	15147.847	15147.930	0.084	147.85	-
MURRAY_MOUTH	grid	-160	-60	15148.033	15148.186	0.153	148.03	-
MURRAY_MOUTH	grid	-160	-40	15148.481	15148.836	0.355	148.48	-
MURRAY_MOUTH	grid	-160	-20	15149.289	15149.509	0.220	149.29	-
MURRAY_MOUTH	grid	-160	0	15150.502	15150.740	0.239	150.50	-
MURRAY_MOUTH	grid	-160	20	15152.158	15152.626	0.468	152.16	-
MURRAY_MOUTH	grid	-160	40	15154.297	15154.540	0.242	154.30	-
MURRAY_MOUTH	grid	-160	60	15156.936	15157.079	0.143	156.94	-
MURRAY_MOUTH	grid	-160	80	15160.010	15160.287	0.277	160.01	-
MURRAY_MOUTH	grid	-160	100	15163.456	15163.524	0.068	163.46	-
MURRAY_MOUTH	grid	-160	120	15167.218	15167.080	-0.138	167.22	-
MURRAY_MOUTH	grid	-160	140	15171.144	15170.953	-0.191	171.14	-
MURRAY_MOUTH	grid	-160	160	15175.098	15174.846	-0.252	175.10	-
MURRAY_MOUTH	grid	-160	180	15178.950	15178.481	-0.469	178.95	-
MURRAY_MOUTH	grid	-160	200	15182.553	15181.883	-0.670	182.55	-
MURRAY_MOUTH	grid	-160	220	15185.776	15185.310	-0.467	185.78	-
MURRAY_MOUTH	grid	-160	240	15188.541	15187.951	-0.590	188.54	-
MURRAY_MOUTH	grid	-160	260	15190.727	15189.934	-0.793	190.73	-
MURRAY_MOUTH	grid	-160	280	15192.301	15191.944	-0.357	192.30	-
MURRAY_MOUTH	grid	-160	300	15193.276	15192.759	-0.517	193.28	-
MURRAY_MOUTH	grid	-160	320	15193.632	15192.743	-0.889	193.63	-
MURRAY_MOUTH	grid	-160	340	15193.373	15192.753	-0.620	193.37	-
MURRAY_MOUTH	grid	-160	360	15192.605	15191.887	-0.718	192.61	-
MURRAY_MOUTH	grid	-160	380	15191.380	15190.419	-0.962	191.38	-
MURRAY_MOUTH	grid	-160	400	15189.703	15188.997	-0.706	189.70	-
MURRAY_MOUTH	grid	-160	420	15187.711	15187.052	-0.658	187.71	-
MURRAY_MOUTH	grid	-160	440	15185.478	15184.731	-0.747	185.48	-
MURRAY_MOUTH	grid	-160	460	15183.017	15182.449	-0.568	183.02	-
MURRAY_MOUTH	grid	-160	480	15180.446	15180.007	-0.439	180.45	-
MURRAY_MOUTH	grid	-160	500	15177.821	15177.458	-0.364	177.82	-
MURRAY_MOUTH	grid	-140	-500	15143.641	15143.613	-0.027	143.64	-
MURRAY_MOUTH	grid	-140	-480	15144.361	15144.361	-0.000	144.36	-
MURRAY_MOUTH	grid	-140	-460	15145.054	15144.994	-0.060	145.05	-
MURRAY_MOUTH	grid	-140	-440	15145.706	15145.639	-0.067	145.71	-
MURRAY_MOUTH	grid	-140	-420	15146.314	15146.292	-0.021	146.31	-
MURRAY_MOUTH	grid	-140	-400	15146.866	15146.730	-0.137	146.87	-
MURRAY_MOUTH	grid	-140	-380	15147.353	15147.225	-0.128	147.35	-
MURRAY_MOUTH	grid	-140	-360	15147.783	15147.731	-0.052	147.78	-
MURRAY_MOUTH	grid	-140	-340	15148.153	15147.952	-0.202	148.15	-
MURRAY_MOUTH	grid	-140	-320	15148.456	15148.294	-0.162	148.46	-
MURRAY_MOUTH	grid	-140	-300	15148.695	15148.637	-0.058	148.70	-
MURRAY_MOUTH	grid	-140	-280	15148.873	15148.699	-0.175	148.87	-
MURRAY_MOUTH	grid	-140	-260	15148.986	15148.814	-0.172	148.99	-
MURRAY_MOUTH	grid	-140	-240	15149.023	15148.975	-0.048	149.02	-
MURRAY_MOUTH	grid	-140	-220	15148.992	15148.861	-0.131	148.99	-
MURRAY_MOUTH	grid	-140	-200	15148.897	15148.774	-0.123	148.90	-
MURRAY_MOUTH	grid	-140	-180	15148.738	15148.714	-0.024	148.74	-
MURRAY_MOUTH	grid	-140	-160	15148.534	15148.484	-0.050	148.53	-
MURRAY_MOUTH	grid	-140	-140	15148.309	15148.281	-0.028	148.31	-
MURRAY_MOUTH	grid	-140	-120	15148.093	15148.111	0.018	148.09	-
MURRAY_MOUTH	grid	-140	-100	15147.941	15148.041	0.100	147.94	-
MURRAY_MOUTH	grid	-140	-80	15147.902	15147.997	0.096	147.90	-
MURRAY_MOUTH	grid	-140	-60	15148.036	15148.094	0.058	148.04	-
MURRAY_MOUTH	grid	-140	-40	15148.436	15148.741	0.305	148.44	-
MURRAY_MOUTH	grid	-140	-20	15149.158	15149.407	0.249	149.16	-
MURRAY_MOUTH	grid	-140	0	15150.253	15150.332	0.079	150.25	-
MURRAY_MOUTH	grid	-140	20	15151.798	15152.217	0.420	151.80	-
MURRAY_MOUTH	grid	-140	40	15153.826	15154.130	0.304	153.83	-
MURRAY_MOUTH	grid	-140	60	15156.319	15156.343	0.024	156.32	-
MURRAY_MOUTH	grid	-140	80	15159.254	15159.549	0.295	159.25	-
MURRAY_MOUTH	grid	-140	100	15162.616	15162.784	0.168	162.62	-
MURRAY_MOUTH	grid	-140	120	15166.268	15166.187	-0.081	166.27	-
MURRAY_MOUTH	grid	-140	140	15170.111	15170.059	-0.052	170.11	-
MURRAY_MOUTH	grid	-140	160	15174.028	15173.960	-0.067	174.03	-
MURRAY_MOUTH	grid	-140	180	15177.842	15177.704	-0.139	177.84	-
MURRAY_MOUTH	grid	-140	200	15181.445	15180.911	-0.534	181.44	-
MURRAY_MOUTH	grid	-140	220	15184.699	15184.146	-0.553	184.70	-
MURRAY_MOUTH	grid	-140	240	15187.453	15186.937	-0.516	187.45	-
MURRAY_MOUTH	grid	-140	260	15189.677	15188.592	-1.084	189.68	-
MURRAY_MOUTH	grid	-140	280	15191.315	15190.357	-0.958	191.31	-
MURRAY_MOUTH	grid	-140	300	15192.289	15191.588	-0.702	192.29	-
MURRAY_MOUTH	grid	-140	320	15192.651	15191.432	-1.219	192.65	-
MURRAY_MOUTH	grid	-140	340	15192.435	15191.423	-1.013	192.44	-
MURRAY_MOUTH	grid	-140	360	15191.653	15190.986	-0.667	191.65	-
MURRAY_MOUTH	grid	-140	380	15190.382	15189.450	-0.932	190.38	-
MURRAY_MOUTH	grid	-140	400	15188.708	15187.953	-0.754	188.71	-
MURRAY_MOUTH	grid	-140	420	15186.682	15186.267	-0.416	186.68	-
MURRAY_MOUTH	grid	-140	440	15184.394	15183.944	-0.450	184.39	-
MURRAY_MOUTH	grid	-140	460	15181.919	15181.649	-0.270	181.92	-
MURRAY_MOUTH	grid	-140	480	15179.323	15179.286	-0.037	179.32	-
MURRAY_MOUTH	grid	-140	500	15176.683	15176.621	-0.062	176.68	-
MURRAY_MOUTH	grid	-120	-500	15144.011	15143.939	-0.072	144.01	-
MURRAY_MOUTH	grid	-120	-480	15144.722	15144.677	-0.045	144.72	-
MURRAY_MOUTH	grid	-120	-460	15145.402	15145.270	-0.132	145.40	-
MURRAY_MOUTH	grid	-120	-440	15146.043	15145.884	-0.158	146.04	-
MURRAY_MOUTH	grid	-120	-420	15146.627	15146.545	-0.083	146.63	-
MURRAY_MOUTH	grid	-120	-400	15147.150	15146.993	-0.157	147.15	-
MURRAY_MOUTH	grid	-120	-380	15147.616	15147.404	-0.212	147.62	-
MURRAY_MOUTH	grid	-120	-360	15148.014	15147.926	-0.088	148.01	-
MURRAY_MOUTH	grid	-120	-340	15148.349	15148.215	-0.134	148.35	-
MURRAY_MOUTH	grid	-120	-320	15148.626	15148.462	-0.164	148.63	-
MURRAY_MOUTH	grid	-120	-300	15148.839	15148.776	-0.062	148.84	-
MURRAY_MOUTH	grid	-120	-280	15148.993	15148.898	-0.095	148.99	-
MURRAY_MOUTH	grid	-120	-260	15149.083	15148.986	-0.097	149.08	-
MURRAY_MOUTH	grid	-120	-240	15149.112	15149.092	-0.019	149.11	-
MURRAY_MOUTH	grid	-120	-220	15149.079	15148.989	-0.090	149.08	-
MURRAY_MOUTH	grid	-120	-200	15148.979	15148.878	-0.101	148.98	-
MURRAY_MOUTH	grid	-120	-180	15148.823	15148.793	-0.030	148.82	-
MURRAY_MOUTH	grid	-120	-160	15148.628	15148.575	-0.053	148.63	-
MURRAY_MOUTH	grid	-120	-140	15148.406	15148.358	-0.047	148.41	-
MURRAY_MOUTH	grid	-120	-120	15148.191	15148.169	-0.022	148.19	-
MURRAY_MOUTH	grid	-120	-100	15148.027	15148.104	0.077	148.03	-
MURRAY_MOUTH	grid	-120	-80	15147.960	15148.072	0.111	147.96	-
MURRAY_MOUTH	grid	-120	-60	15148.064	15148.055	-0.008	148.06	-
MURRAY_MOUTH	grid	-120	-40	15148.399	15148.651	0.252	148.40	-
MURRAY_MOUTH	grid	-120	-20	15149.024	15149.328	0.305	149.02	-
MURRAY_MOUTH	grid	-120	0	15150.027	15150.025	-0.002	150.03	-
MURRAY_MOUTH	grid	-120	20	15151.457	15151.836	0.379	151.46	-
MURRAY_MOUTH	grid	-120	40	15153.329	15153.748	0.419	153.33	-
MURRAY_MOUTH	grid	-120	60	15155.666	15155.689	0.022	155.67	-
MURRAY_MOUTH	grid	-120	80	15158.480	15158.785	0.305	158.48	-
MURRAY_MOUTH	grid	-120	100	15161.685	15161.933	0.248	161.69	-
MURRAY_MOUTH	grid	-120	120	15165.197	15165.110	-0.087	165.20	-
MURRAY_MOUTH	grid	-120	140	15168.935	15168.688	-0.247	168.94	-
MURRAY_MOUTH	grid	-120	160	15172.754	15172.450	-0.304	172.75	-
MURRAY_MOUTH	grid	-120	180	15176.501	15176.240	-0.261	176.50	-
MURRAY_MOUTH	grid	-120	200	15180.055	15179.232	-0.823	180.06	-
MURRAY_MOUTH	grid	-120	220	15183.266	15182.386	-0.880	183.27	-
MURRAY_MOUTH	grid	-120	240	15186.021	15185.641	-0.381	186.02	-
MURRAY_MOUTH	grid	-120	260	15188.256	15187.190	-1.066	188.26	-
MURRAY_MOUTH	grid	-120	280	15189.877	15188.766	-1.111	189.88	-
MURRAY_MOUTH	grid	-120	300	15190.862	15190.511	-0.351	190.86	-
MURRAY_MOUTH	grid	-120	320	15191.240	15190.356	-0.885	191.24	-
MURRAY_MOUTH	grid	-120	340	15191.024	15190.227	-0.797	191.02	-
MURRAY_MOUTH	grid	-120	360	15190.224	15190.112	-0.112	190.22	-
MURRAY_MOUTH	grid	-120	380	15188.945	15188.521	-0.424	188.94	-
MURRAY_MOUTH	grid	-120	400	15187.267	15186.778	-0.489	187.27	-
MURRAY_MOUTH	grid	-120	420	15185.211	15185.035	-0.176	185.21	-
MURRAY_MOUTH	grid	-120	440	15182.904	15182.552	-0.352	182.90	-
MURRAY_MOUTH	grid	-120	460	15180.427	15180.062	-0.365	180.43	-
MURRAY_MOUTH	grid	-120	480	15177.832	15177.599	-0.233	177.83	-
MURRAY_MOUTH	grid	-120	500	15175.205	15175.147	-0.058	175.21	-
MURRAY_MOUTH	grid	-100	-500	15144.393	15144.277	-0.116	144.39	-
MURRAY_MOUTH	grid	-100	-480	15145.093	15145.008	-0.085	145.09	-
MURRAY_MOUTH	grid	-100	-460	15145.755	15145.660	-0.095	145.76	-
MURRAY_MOUTH	grid	-100	-440	15146.374	15146.219	-0.155	146.37	-
MURRAY_MOUTH	grid	-100	-420	15146.931	15146.817	-0.114	146.93	-
MURRAY_MOUTH	grid	-100	-400	15147.428	15147.345	-0.083	147.43	-
MURRAY_MOUTH	grid	-100	-380	15147.862	15147.748	-0.114	147.86	-
MURRAY_MOUTH	grid	-100	-360	15148.231	15148.178	-0.053	148.23	-
MURRAY_MOUTH	grid	-100	-340	15148.538	15148.472	-0.066	148.54	-
MURRAY_MOUTH	grid	-100	-320	15148.785	15148.672	-0.113	148.78	-
MURRAY_MOUTH	grid	-100	-300	15148.976	15148.898	-0.078	148.98	-
MURRAY_MOUTH	grid	-100	-280	15149.105	15148.995	-0.111	149.11	-
MURRAY_MOUTH	grid	-100	-260	15149.180	15149.037	-0.143	149.18	-
MURRAY_MOUTH	grid	-100	-240	15149.200	15149.115	-0.085	149.20	-
MURRAY_MOUTH	grid	-100	-220	15149.160	15149.062	-0.098	149.16	-
MURRAY_MOUTH	grid	-100	-200	15149.063	15148.929	-0.134	149.06	-
MURRAY_MOUTH	grid	-100	-180	15148.915	15148.844	-0.071	148.92	-
MURRAY_MOUTH	grid	-100	-160	15148.721	15148.674	-0.047	148.72	-
MURRAY_MOUTH	grid	-100	-140	15148.509	15148.459	-0.050	148.51	-
MURRAY_MOUTH	grid	-100	-120	15148.295	15148.270	-0.025	148.30	-
MURRAY_MOUTH	grid	-100	-100	15148.120	15148.177	0.057	148.12	-
MURRAY_MOUTH	grid	-100	-80	15148.040	15148.152	0.112	148.04	-
MURRAY_MOUTH	grid	-100	-60	15148.102	15148.153	0.050	148.10	-
MURRAY_MOUTH	grid	-100	-40	15148.367	15148.584	0.217	148.37	-
MURRAY_MOUTH	grid	-100	-20	15148.920	15149.242	0.322	148.92	-
MURRAY_MOUTH	grid	-100	0	15149.822	15149.927	0.106	149.82	-
MURRAY_MOUTH	grid	-100	20	15151.107	15151.344	0.236	151.11	-
MURRAY_MOUTH	grid	-100	40	15152.826	15153.211	0.385	152.83	-
MURRAY_MOUTH	grid	-100	60	15155.028	15155.106	0.078	155.03	-
MURRAY_MOUTH	grid	-100	80	15157.659	15157.738	0.079	157.66	-
MURRAY_MOUTH	grid	-100	100	15160.679	15160.784	0.105	160.68	-
MURRAY_MOUTH	grid	-100	120	15164.049	15163.960	-0.088	164.05	-
MURRAY_MOUTH	grid	-100	140	15167.627	15167.383	-0.244	167.63	-
MURRAY_MOUTH	grid	-100	160	15171.307	15170.923	-0.384	171.31	-
MURRAY_MOUTH	grid	-100	180	15174.955	15174.649	-0.306	174.96	-
MURRAY_MOUTH	grid	-100	200	15178.400	15177.863	-0.537	178.40	-
MURRAY_MOUTH	grid	-100	220	15181.542	15180.874	-0.668	181.54	-
MURRAY_MOUTH	grid	-100	240	15184.277	15183.915	-0.362	184.28	-
MURRAY_MOUTH	grid	-100	260	15186.445	15185.920	-0.525	186.45	-
MURRAY_MOUTH	grid	-100	280	15188.045	15187.339	-0.706	188.04	-
MURRAY_MOUTH	grid	-100	300	15189.055	15188.684	-0.371	189.05	-
MURRAY_MOUTH	grid	-100	320	15189.415	15188.643	-0.772	189.42	-
MURRAY_MOUTH	grid	-100	340	15189.174	15188.261	-0.913	189.17	-
MURRAY_MOUTH	grid	-100	360	15188.402	15187.906	-0.496	188.40	-
MURRAY_MOUTH	grid	-100	380	15187.130	15186.439	-0.691	187.13	-
MURRAY_MOUTH	grid	-100	400	15185.418	15184.673	-0.744	185.42	-
MURRAY_MOUTH	grid	-100	420	15183.382	15182.959	-0.423	183.38	-
MURRAY_MOUTH	grid	-100	440	15181.080	15180.688	-0.392	181.08	-
MURRAY_MOUTH	grid	-100	460	15178.605	15178.268	-0.337	178.61	-
MURRAY_MOUTH	grid	-100	480	15176.044	15175.817	-0.227	176.04	-
MURRAY_MOUTH	grid	-100	500	15173.460	15173.370	-0.090	173.46	-
MURRAY_MOUTH	grid	-80	-500	15144.777	15144.707	-0.070	144.78	-
MURRAY_MOUTH	grid	-80	-480	15145.458	15145.400	-0.058	145.46	-
MURRAY_MOUTH	grid	-80	-460	15146.099	15146.070	-0.029	146.10	-
MURRAY_MOUTH	grid	-80	-440	15146.688	15146.577	-0.110	146.69	-
MURRAY_MOUTH	grid	-80	-420	15147.220	15147.112	-0.108	147.22	-
MURRAY_MOUTH	grid	-80	-400	15147.686	15147.592	-0.094	147.69	-
MURRAY_MOUTH	grid	-80	-380	15148.088	15147.907	-0.181	148.09	-
MURRAY_MOUTH	grid	-80	-360	15148.429	15148.284	-0.145	148.43	-
MURRAY_MOUTH	grid	-80	-340	15148.706	15148.604	-0.102	148.71	-
MURRAY_MOUTH	grid	-80	-320	15148.929	15148.736	-0.193	148.93	-
MURRAY_MOUTH	grid	-80	-300	15149.096	15148.956	-0.139	149.10	-
MURRAY_MOUTH	grid	-80	-280	15149.208	15149.125	-0.084	149.21	-
MURRAY_MOUTH	grid	-80	-260	15149.270	15149.125	-0.145	149.27	-
MURRAY_MOUTH	grid	-80	-240	15149.281	15149.165	-0.116	149.28	-
MURRAY_MOUTH	grid	-80	-220	15149.237	15149.181	-0.056	149.24	-
MURRAY_MOUTH	grid	-80	-200	15149.145	15149.044	-0.101	149.14	-
MURRAY_MOUTH	grid	-80	-180	15149.001	15148.934	-0.067	149.00	-
MURRAY_MOUTH	grid	-80	-160	15148.820	15148.800	-0.019	148.82	-
MURRAY_MOUTH	grid	-80	-140	15148.612	15148.581	-0.031	148.61	-
MURRAY_MOUTH	grid	-80	-120	15148.401	15148.384	-0.017	148.40	-
MURRAY_MOUTH	grid	-80	-100	15148.227	15148.257	0.030	148.23	-
MURRAY_MOUTH	grid	-80	-80	15148.126	15148.225	0.099	148.13	-
MURRAY_MOUTH	grid	-80	-60	15148.145	15148.218	0.073	148.14	-
MURRAY_MOUTH	grid	-80	-40	15148.362	15148.466	0.104	148.36	-
MURRAY_MOUTH	grid	-80	-20	15148.836	15149.101	0.264	148.84	-
MURRAY_MOUTH	grid	-80	0	15149.617	15149.786	0.169	149.62	-
MURRAY_MOUTH	grid	-80	20	15150.769	15150.921	0.152	150.77	-
MURRAY_MOUTH	grid	-80	40	15152.357	15152.690	0.332	152.36	-
MURRAY_MOUTH	grid	-80	60	15154.368	15154.534	0.166	154.37	-
MURRAY_MOUTH	grid	-80	80	15156.797	15156.896	0.099	156.80	-
MURRAY_MOUTH	grid	-80	100	15159.645	15159.870	0.226	159.64	-
MURRAY_MOUTH	grid	-80	120	15162.817	15162.873	0.057	162.82	-
MURRAY_MOUTH	grid	-80	140	15166.208	15166.178	-0.029	166.21	-
MURRAY_MOUTH	grid	-80	160	15169.711	15169.718	0.007	169.71	-
MURRAY_MOUTH	grid	-80	180	15173.201	15173.090	-0.111	173.20	-
MURRAY_MOUTH	grid	-80	200	15176.526	15176.041	-0.485	176.53	-
MURRAY_MOUTH	grid	-80	220	15179.572	15178.810	-0.762	179.57	-
MURRAY_MOUTH	grid	-80	240	15182.193	15181.607	-0.586	182.19	-
MURRAY_MOUTH	grid	-80	260	15184.321	15183.571	-0.750	184.32	-
MURRAY_MOUTH	grid	-80	280	15185.893	15184.708	-1.185	185.89	-
MURRAY_MOUTH	grid	-80	300	15186.864	15186.052	-0.811	186.86	-
MURRAY_MOUTH	grid	-80	320	15187.213	15186.483	-0.730	187.21	-
MURRAY_MOUTH	grid	-80	340	15186.988	15185.932	-1.056	186.99	-
MURRAY_MOUTH	grid	-80	360	15186.232	15185.519	-0.713	186.23	-
MURRAY_MOUTH	grid	-80	380	15184.952	15184.455	-0.497	184.95	-
MURRAY_MOUTH	grid	-80	400	15183.266	15182.656	-0.610	183.27	-
MURRAY_MOUTH	grid	-80	420	15181.263	15180.885	-0.377	181.26	-
MURRAY_MOUTH	grid	-80	440	15178.987	15178.816	-0.171	178.99	-
MURRAY_MOUTH	grid	-80	460	15176.547	15176.397	-0.150	176.55	-
MURRAY_MOUTH	grid	-80	480	15174.038	15173.973	-0.066	174.04	-
MURRAY_MOUTH	grid	-80	500	15171.521	15171.648	0.127	171.52	-
MURRAY_MOUTH	grid	-60	-500	15145.152	15145.015	-0.138	145.15	-
MURRAY_MOUTH	grid	-60	-480	15145.806	15145.666	-0.141	145.81	-
MURRAY_MOUTH	grid	-60	-460	15146.417	15146.344	-0.074	146.42	-
MURRAY_MOUTH	grid	-60	-440	15146.976	15146.771	-0.205	146.98	-
MURRAY_MOUTH	grid	-60	-420	15147.480	15147.276	-0.204	147.48	-
MURRAY_MOUTH	grid	-60	-400	15147.916	15147.837	-0.078	147.92	-
MURRAY_MOUTH	grid	-60	-380	15148.287	15148.106	-0.181	148.29	-
MURRAY_MOUTH	grid	-60	-360	15148.600	15148.401	-0.198	148.60	-
MURRAY_MOUTH	grid	-60	-340	15148.857	15148.798	-0.059	148.86	-
MURRAY_MOUTH	grid	-60	-320	15149.052	15148.929	-0.123	149.05	-
MURRAY_MOUTH	grid	-60	-300	15149.200	15149.087	-0.112	149.20	-
MURRAY_MOUTH	grid	-60	-280	15149.301	15149.282	-0.020	149.30	-
MURRAY_MOUTH	grid	-60	-260	15149.351	15149.282	-0.069	149.35	-
MURRAY_MOUTH	grid	-60	-240	15149.354	15149.284	-0.070	149.35	-
MURRAY_MOUTH	grid	-60	-220	15149.314	15149.294	-0.020	149.31	-
MURRAY_MOUTH	grid	-60	-200	15149.225	15149.138	-0.087	149.22	-
MURRAY_MOUTH	grid	-60	-180	15149.088	15149.009	-0.079	149.09	-
MURRAY_MOUTH	grid	-60	-160	15148.919	15148.895	-0.024	148.92	-
MURRAY_MOUTH	grid	-60	-140	15148.720	15148.683	-0.037	148.72	-
MURRAY_MOUTH	grid	-60	-120	15148.517	15148.487	-0.031	148.52	-
MURRAY_MOUTH	grid	-60	-100	15148.339	15148.329	-0.010	148.34	-
MURRAY_MOUTH	grid	-60	-80	15148.216	15148.304	0.088	148.22	-
MURRAY_MOUTH	grid	-60	-60	15148.214	15148.303	0.089	148.21	-
MURRAY_MOUTH	grid	-60	-40	15148.379	15148.399	0.020	148.38	-
MURRAY_MOUTH	grid	-60	-20	15148.763	15149.028	0.265	148.76	-
MURRAY_MOUTH	grid	-60	0	15149.439	15149.684	0.245	149.44	-
MURRAY_MOUTH	grid	-60	20	15150.473	15150.537	0.063	150.47	-
MURRAY_MOUTH	grid	-60	40	15151.885	15152.305	0.419	151.89	-
MURRAY_MOUTH	grid	-60	60	15153.698	15154.072	0.374	153.70	-
MURRAY_MOUTH	grid	-60	80	15155.955	15155.935	-0.020	155.96	-
MURRAY_MOUTH	grid	-60	100	15158.577	15158.728	0.152	158.58	-
MURRAY_MOUTH	grid	-60	120	15161.513	15161.592	0.079	161.51	-
MURRAY_MOUTH	grid	-60	140	15164.698	15164.484	-0.214	164.70	-
MURRAY_MOUTH	grid	-60	160	15167.996	15167.474	-0.522	168.00	-
MURRAY_MOUTH	grid	-60	180	15171.291	15170.842	-0.448	171.29	-
MURRAY_MOUTH	grid	-60	200	15174.460	15174.035	-0.425	174.46	-
MURRAY_MOUTH	grid	-60	220	15177.343	15176.410	-0.933	177.34	-
MURRAY_MOUTH	grid	-60	240	15179.858	15178.994	-0.864	179.86	-
MURRAY_MOUTH	grid	-60	260	15181.925	15181.443	-0.482	181.93	-
MURRAY_MOUTH	grid	-60	280	15183.426	15182.470	-0.957	183.43	-
MURRAY_MOUTH	grid	-60	300	15184.354	15183.523	-0.830	184.35	-
MURRAY_MOUTH	grid	-60	320	15184.719	15184.401	-0.319	184.72	-
MURRAY_MOUTH	grid	-60	340	15184.503	15183.849	-0.653	184.50	-
MURRAY_MOUTH	grid	-60	360	15183.734	15183.318	-0.417	183.73	-
MURRAY_MOUTH	grid	-60	380	15182.512	15182.382	-0.130	182.51	-
MURRAY_MOUTH	grid	-60	400	15180.876	15180.473	-0.403	180.88	-
MURRAY_MOUTH	grid	-60	420	15178.906	15178.592	-0.314	178.91	-
MURRAY_MOUTH	grid	-60	440	15176.696	15176.637	-0.059	176.70	-
MURRAY_MOUTH	grid	-60	460	15174.331	15174.312	-0.018	174.33	-
MURRAY_MOUTH	grid	-60	480	15171.895	15171.874	-0.021	171.89	-
MURRAY_MOUTH	grid	-60	500	15169.470	15169.535	0.065	169.47	-
MURRAY_MOUTH	grid	-40	-500	15145.510	15145.371	-0.139	145.51	-
MURRAY_MOUTH	grid	-40	-480	15146.127	15145.943	-0.185	146.13	-
MURRAY_MOUTH	grid	-40	-460	15146.708	15146.601	-0.107	146.71	-
MURRAY_MOUTH	grid	-40	-440	15147.236	15147.101	-0.134	147.24	-
MURRAY_MOUTH	grid	-40	-420	15147.703	15147.548	-0.155	147.70	-
MURRAY_MOUTH	grid	-40	-400	15148.108	15148.028	-0.080	148.11	-
MURRAY_MOUTH	grid	-40	-380	15148.458	15148.379	-0.078	148.46	-
MURRAY_MOUTH	grid	-40	-360	15148.742	15148.659	-0.083	148.74	-
MURRAY_MOUTH	grid	-40	-340	15148.971	15148.929	-0.042	148.97	-
MURRAY_MOUTH	grid	-40	-320	15149.151	15149.054	-0.097	149.15	-
MURRAY_MOUTH	grid	-40	-300	15149.284	15149.171	-0.113	149.28	-
MURRAY_MOUTH	grid	-40	-280	15149.373	15149.314	-0.059	149.37	-
MURRAY_MOUTH	grid	-40	-260	15149.416	15149.313	-0.103	149.42	-
MURRAY_MOUTH	grid	-40	-240	15149.423	15149.305	-0.117	149.42	-
MURRAY_MOUTH	grid	-40	-220	15149.380	15149.330	-0.050	149.38	-
MURRAY_MOUTH	grid	-40	-200	15149.299	15149.213	-0.087	149.30	-
MURRAY_MOUTH	grid	-40	-180	15149.176	15149.083	-0.094	149.18	-
MURRAY_MOUTH	grid	-40	-160	15149.016	15148.981	-0.036	149.02	-
MURRAY_MOUTH	grid	-40	-140	15148.831	15148.793	-0.039	148.83	-
MURRAY_MOUTH	grid	-40	-120	15148.637	15148.608	-0.029	148.64	-
MURRAY_MOUTH	grid	-40	-100	15148.456	15148.446	-0.010	148.46	-
MURRAY_MOUTH	grid	-40	-80	15148.327	15148.403	0.076	148.33	-
MURRAY_MOUTH	grid	-40	-60	15148.292	15148.404	0.112	148.29	-
MURRAY_MOUTH	grid	-40	-40	15148.401	15148.423	0.022	148.40	-
MURRAY_MOUTH	grid	-40	-20	15148.715	15148.926	0.211	148.72	-
MURRAY_MOUTH	grid	-40	0	15149.297	15149.547	0.250	149.30	-
MURRAY_MOUTH	grid	-40	20	15150.187	15150.195	0.008	150.19	-
MURRAY_MOUTH	grid	-40	40	15151.420	15151.583	0.163	151.42	-
MURRAY_MOUTH	grid	-40	60	15153.071	15153.291	0.220	153.07	-
MURRAY_MOUTH	grid	-40	80	15155.098	15155.035	-0.062	155.10	-
MURRAY_MOUTH	grid	-40	100	15157.475	15157.454	-0.022	157.48	-
MURRAY_MOUTH	grid	-40	120	15160.180	15160.059	-0.121	160.18	-
MURRAY_MOUTH	grid	-40	140	15163.115	15162.950	-0.165	163.12	-
MURRAY_MOUTH	grid	-40	160	15166.179	15165.868	-0.311	166.18	-
MURRAY_MOUTH	grid	-40	180	15169.249	15168.813	-0.436	169.25	-
MURRAY_MOUTH	grid	-40	200	15172.207	15172.017	-0.190	172.21	-
MURRAY_MOUTH	grid	-40	220	15174.935	15174.467	-0.468	174.94	-
MURRAY_MOUTH	grid	-40	240	15177.316	15176.869	-0.447	177.32	-
MURRAY_MOUTH	grid	-40	260	15179.260	15179.204	-0.055	179.26	-
MURRAY_MOUTH	grid	-40	280	15180.698	15180.066	-0.632	180.70	-
MURRAY_MOUTH	grid	-40	300	15181.600	15180.900	-0.700	181.60	-
MURRAY_MOUTH	grid	-40	320	15181.954	15181.761	-0.194	181.95	-
MURRAY_MOUTH	grid	-40	340	15181.743	15181.052	-0.691	181.74	-
MURRAY_MOUTH	grid	-40	360	15181.026	15180.359	-0.668	181.03	-
MURRAY_MOUTH	grid	-40	380	15179.869	15179.692	-0.176	179.87	-
MURRAY_MOUTH	grid	-40	400	15178.288	15177.909	-0.379	178.29	-
MURRAY_MOUTH	grid	-40	420	15176.401	15176.072	-0.329	176.40	-
MURRAY_MOUTH	grid	-40	440	15174.286	15174.219	-0.067	174.29	-
MURRAY_MOUTH	grid	-40	460	15172.020	15171.970	-0.049	172.02	-
MURRAY_MOUTH	grid	-40	480	15169.689	15169.731	0.042	169.69	-
MURRAY_MOUTH	grid	-40	500	15167.379	15167.393	0.014	167.38	-
MURRAY_MOUTH	grid	-20	-500	15145.835	15145.781	-0.054	145.84	-
MURRAY_MOUTH	grid	-20	-480	15146.419	15146.352	-0.066	146.42	-
MURRAY_MOUTH	grid	-20	-460	15146.964	15146.908	-0.056	146.96	-
MURRAY_MOUTH	grid	-20	-440	15147.453	15147.354	-0.099	147.45	-
MURRAY_MOUTH	grid	-20	-420	15147.888	15147.739	-0.149	147.89	-
MURRAY_MOUTH	grid	-20	-400	15148.266	15148.152	-0.115	148.27	-
MURRAY_MOUTH	grid	-20	-380	15148.584	15148.457	-0.127	148.58	-
MURRAY_MOUTH	grid	-20	-360	15148.847	15148.673	-0.174	148.85	-
MURRAY_MOUTH	grid	-20	-340	15149.060	15148.942	-0.119	149.06	-
MURRAY_MOUTH	grid	-20	-320	15149.227	15149.116	-0.111	149.23	-
MURRAY_MOUTH	grid	-20	-300	15149.345	15149.198	-0.147	149.35	-
MURRAY_MOUTH	grid	-20	-280	15149.427	15149.335	-0.092	149.43	-
MURRAY_MOUTH	grid	-20	-260	15149.472	15149.390	-0.082	149.47	-
MURRAY_MOUTH	grid	-20	-240	15149.477	15149.370	-0.108	149.48	-
MURRAY_MOUTH	grid	-20	-220	15149.442	15149.379	-0.064	149.44	-
MURRAY_MOUTH	grid	-20	-200	15149.370	15149.315	-0.054	149.37	-
MURRAY_MOUTH	grid	-20	-180	15149.261	15149.185	-0.076	149.26	-
MURRAY_MOUTH	grid	-20	-160	15149.114	15149.081	-0.033	149.11	-
MURRAY_MOUTH	grid	-20	-140	15148.940	15148.920	-0.020	148.94	-
MURRAY_MOUTH	grid	-20	-120	15148.758	15148.727	-0.031	148.76	-
MURRAY_MOUTH	grid	-20	-100	15148.579	15148.561	-0.017	148.58	-
MURRAY_MOUTH	grid	-20	-80	15148.443	15148.477	0.034	148.44	-
MURRAY_MOUTH	grid	-20	-60	15148.381	15148.463	0.082	148.38	-
MURRAY_MOUTH	grid	-20	-40	15148.447	15148.478	0.031	148.45	-
MURRAY_MOUTH	grid	-20	-20	15148.693	15148.803	0.111	148.69	-
MURRAY_MOUTH	grid	-20	0	15149.166	15149.344	0.178	149.17	-
MURRAY_MOUTH	grid	-20	20	15149.915	15149.991	0.077	149.91	-
MURRAY_MOUTH	grid	-20	40	15151.014	15151.168	0.154	151.01	-
MURRAY_MOUTH	grid	-20	60	15152.452	15152.675	0.223	152.45	-
MURRAY_MOUTH	grid	-20	80	15154.239	15154.281	0.042	154.24	-
MURRAY_MOUTH	grid	-20	100	15156.389	15156.510	0.121	156.39	-
MURRAY_MOUTH	grid	-20	120	15158.830	15159.027	0.196	158.83	-
MURRAY_MOUTH	grid	-20	140	15161.488	15161.571	0.083	161.49	-
MURRAY_MOUTH	grid	-20	160	15164.286	15164.196	-0.090	164.29	-
MURRAY_MOUTH	grid	-20	180	15167.110	15166.913	-0.197	167.11	-
MURRAY_MOUTH	grid	-20	200	15169.839	15169.657	-0.181	169.84	-
MURRAY_MOUTH	grid	-20	220	15172.373	15171.681	-0.692	172.37	-
MURRAY_MOUTH	grid	-20	240	15174.587	15173.796	-0.791	174.59	-
MURRAY_MOUTH	grid	-20	260	15176.404	15175.980	-0.424	176.40	-
MURRAY_MOUTH	grid	-20	280	15177.778	15177.054	-0.724	177.78	-
MURRAY_MOUTH	grid	-20	300	15178.640	15177.656	-0.984	178.64	-
MURRAY_MOUTH	grid	-20	320	15178.967	15178.516	-0.450	178.97	-
MURRAY_MOUTH	grid	-20	340	15178.802	15178.251	-0.551	178.80	-
MURRAY_MOUTH	grid	-20	360	15178.161	15177.473	-0.687	178.16	-
MURRAY_MOUTH	grid	-20	380	15177.053	15176.762	-0.292	177.05	-
MURRAY_MOUTH	grid	-20	400	15175.583	15175.300	-0.283	175.58	-
MURRAY_MOUTH	grid	-20	420	15173.816	15173.491	-0.325	173.82	-
MURRAY_MOUTH	grid	-20	440	15171.815	15171.709	-0.106	171.81	-
MURRAY_MOUTH	grid	-20	460	15169.672	15169.645	-0.026	169.67	-
MURRAY_MOUTH	grid	-20	480	15167.476	15167.496	0.020	167.48	-
MURRAY_MOUTH	grid	-20	500	15165.301	15165.375	0.074	165.30	-
MURRAY_MOUTH	grid	0	-500	15146.125	15146.027	-0.098	146.12	-
MURRAY_MOUTH	grid	0	-480	15146.674	15146.471	-0.203	146.67	-
MURRAY_MOUTH	grid	0	-460	15147.174	15147.007	-0.166	147.17	-
MURRAY_MOUTH	grid	0	-440	15147.630	15147.512	-0.118	147.63	-
MURRAY_MOUTH	grid	0	-420	15148.035	15147.823	-0.212	148.04	-
MURRAY_MOUTH	grid	0	-400	15148.382	15148.204	-0.178	148.38	-
MURRAY_MOUTH	grid	0	-380	15148.674	15148.579	-0.095	148.67	-
MURRAY_MOUTH	grid	0	-360	15148.920	15148.770	-0.150	148.92	-
MURRAY_MOUTH	grid	0	-340	15149.118	15148.987	-0.132	149.12	-
MURRAY_MOUTH	grid	0	-320	15149.270	15149.217	-0.052	149.27	-
MURRAY_MOUTH	grid	0	-300	15149.388	15149.300	-0.088	149.39	-
MURRAY_MOUTH	grid	0	-280	15149.466	15149.409	-0.057	149.47	-
MURRAY_MOUTH	grid	0	-260	15149.511	15149.484	-0.026	149.51	-
MURRAY_MOUTH	grid	0	-240	15149.520	15149.445	-0.075	149.52	-
MURRAY_MOUTH	grid	0	-220	15149.498	15149.433	-0.065	149.50	-
MURRAY_MOUTH	grid	0	-200	15149.435	15149.397	-0.038	149.44	-
MURRAY_MOUTH	grid	0	-180	15149.339	15149.262	-0.078	149.34	-
MURRAY_MOUTH	grid	0	-160	15149.210	15149.147	-0.063	149.21	-
MURRAY_MOUTH	grid	0	-140	15149.051	15149.022	-0.029	149.05	-
MURRAY_MOUTH	grid	0	-120	15148.879	15148.844	-0.035	148.88	-
MURRAY_MOUTH	grid	0	-100	15148.708	15148.681	-0.027	148.71	-
MURRAY_MOUTH	grid	0	-80	15148.563	15148.572	0.010	148.56	-
MURRAY_MOUTH	grid	0	-60	15148.484	15148.552	0.068	148.48	-
MURRAY_MOUTH	grid	0	-40	15148.509	15148.560	0.050	148.51	-
MURRAY_MOUTH	grid	0	-20	15148.686	15148.763	0.077	148.69	-
MURRAY_MOUTH	grid	0	0	15149.058	15149.299	0.242	149.06	-
MURRAY_MOUTH	grid	0	20	15149.697	15149.863	0.166	149.70	-
MURRAY_MOUTH	grid	0	40	15150.618	15150.773	0.155	150.62	-
MURRAY_MOUTH	grid	0	60	15151.853	15152.177	0.324	151.85	-
MURRAY_MOUTH	grid	0	80	15153.428	15153.608	0.180	153.43	-
MURRAY_MOUTH	grid	0	100	15155.318	15155.202	-0.116	155.32	-
MURRAY_MOUTH	grid	0	120	15157.474	15157.407	-0.067	157.47	-
MURRAY_MOUTH	grid	0	140	15159.849	15159.778	-0.070	159.85	-
MURRAY_MOUTH	grid	0	160	15162.366	15162.068	-0.298	162.37	-
MURRAY_MOUTH	grid	0	180	15164.916	15164.215	-0.701	164.92	-
MURRAY_MOUTH	grid	0	200	15167.394	15166.958	-0.436	167.39	-
MURRAY_MOUTH	grid	0	220	15169.703	15169.281	-0.422	169.70	-
MURRAY_MOUTH	grid	0	240	15171.739	15170.950	-0.789	171.74	-
MURRAY_MOUTH	grid	0	260	15173.430	15172.784	-0.645	173.43	-
MURRAY_MOUTH	grid	0	280	15174.704	15174.308	-0.396	174.70	-
MURRAY_MOUTH	grid	0	300	15175.517	15174.854	-0.663	175.52	-
MURRAY_MOUTH	grid	0	320	15175.859	15175.428	-0.431	175.86	-
MURRAY_MOUTH	grid	0	340	15175.744	15175.488	-0.256	175.74	-
MURRAY_MOUTH	grid	0	360	15175.148	15174.677	-0.471	175.15	-
MURRAY_MOUTH	grid	0	380	15174.158	15173.886	-0.273	174.16	-
MURRAY_MOUTH	grid	0	400	15172.825	15172.774	-0.051	172.83	-
MURRAY_MOUTH	grid	0	420	15171.183	15171.036	-0.147	171.18	-
MURRAY_MOUTH	grid	0	440	15169.335	15169.287	-0.047	169.33	-
MURRAY_MOUTH	grid	0	460	15167.350	15167.499	0.149	167.35	-
MURRAY_MOUTH	grid	0	480	15165.306	15165.623	0.317	165.31	-
MURRAY_MOUTH	grid	0	500	15163.287	15163.502	0.215	163.29	-
MURRAY_MOUTH	grid	20	-500	15146.373	15146.277	-0.096	146.37	-
MURRAY_MOUTH	grid	20	-480	15146.879	15146.714	-0.165	146.88	-
MURRAY_MOUTH	grid	20	-460	15147.345	15147.162	-0.183	147.35	-
MURRAY_MOUTH	grid	20	-440	15147.764	15147.697	-0.067	147.76	-
MURRAY_MOUTH	grid	20	-420	15148.136	15148.021	-0.115	148.14	-
MURRAY_MOUTH	grid	20	-400	15148.456	15148.358	-0.098	148.46	-
MURRAY_MOUTH	grid	20	-380	15148.730	15148.722	-0.008	148.73	-
MURRAY_MOUTH	grid	20	-360	15148.959	15148.884	-0.075	148.96	-
MURRAY_MOUTH	grid	20	-340	15149.144	15149.060	-0.085	149.14	-
MURRAY_MOUTH	grid	20	-320	15149.293	15149.263	-0.030	149.29	-
MURRAY_MOUTH	grid	20	-300	15149.406	15149.316	-0.090	149.41	-
MURRAY_MOUTH	grid	20	-280	15149.486	15149.396	-0.089	149.49	-
MURRAY_MOUTH	grid	20	-260	15149.536	15149.501	-0.035	149.54	-
MURRAY_MOUTH	grid	20	-240	15149.556	15149.470	-0.086	149.56	-
MURRAY_MOUTH	grid	20	-220	15149.544	15149.460	-0.083	149.54	-
MURRAY_MOUTH	grid	20	-200	15149.496	15149.469	-0.027	149.50	-
MURRAY_MOUTH	grid	20	-180	15149.416	15149.340	-0.075	149.42	-
MURRAY_MOUTH	grid	20	-160	15149.306	15149.239	-0.068	149.31	-
MURRAY_MOUTH	grid	20	-140	15149.163	15149.146	-0.018	149.16	-
MURRAY_MOUTH	grid	20	-120	15149.003	15148.968	-0.035	149.00	-
MURRAY_MOUTH	grid	20	-100	15148.838	15148.816	-0.021	148.84	-
MURRAY_MOUTH	grid	20	-80	15148.692	15148.695	0.003	148.69	-
MURRAY_MOUTH	grid	20	-60	15148.595	15148.667	0.072	148.60	-
MURRAY_MOUTH	grid	20	-40	15148.584	15148.655	0.071	148.58	-
MURRAY_MOUTH	grid	20	-20	15148.696	15148.696	0.000	148.70	-
MURRAY_MOUTH	grid	20	0	15148.991	15149.122	0.131	148.99	-
MURRAY_MOUTH	grid	20	20	15149.499	15149.637	0.138	149.50	-
MURRAY_MOUTH	grid	20	40	15150.253	15150.230	-0.023	150.25	-
MURRAY_MOUTH	grid	20	60	15151.308	15151.323	0.015	151.31	-
MURRAY_MOUTH	grid	20	80	15152.652	15152.695	0.043	152.65	-
MURRAY_MOUTH	grid	20	100	15154.270	15154.193	-0.076	154.27	-
MURRAY_MOUTH	grid	20	120	15156.149	15156.042	-0.107	156.15	-
MURRAY_MOUTH	grid	20	140	15158.240	15157.965	-0.275	158.24	-
MURRAY_MOUTH	grid	20	160	15160.450	15160.328	-0.121	160.45	-
MURRAY_MOUTH	grid	20	180	15162.707	15162.473	-0.235	162.71	-
MURRAY_MOUTH	grid	20	200	15164.922	15164.644	-0.278	164.92	-
MURRAY_MOUTH	grid	20	220	15166.992	15166.909	-0.083	166.99	-
MURRAY_MOUTH	grid	20	240	15168.841	15168.552	-0.289	168.84	-
MURRAY_MOUTH	grid	20	260	15170.380	15170.065	-0.315	170.38	-
MURRAY_MOUTH	grid	20	280	15171.549	15171.415	-0.134	171.55	-
MURRAY_MOUTH	grid	20	300	15172.324	15171.762	-0.562	172.32	-
MURRAY_MOUTH	grid	20	320	15172.680	15172.216	-0.464	172.68	-
MURRAY_MOUTH	grid	20	340	15172.589	15172.509	-0.080	172.59	-
MURRAY_MOUTH	grid	20	360	15172.099	15171.726	-0.372	172.10	-
MURRAY_MOUTH	grid	20	380	15171.243	15170.939	-0.304	171.24	-
MURRAY_MOUTH	grid	20	400	15170.039	15170.051	0.011	170.04	-
MURRAY_MOUTH	grid	20	420	15168.562	15168.484	-0.078	168.56	-
MURRAY_MOUTH	grid	20	440	15166.891	15166.909	0.017	166.89	-
MURRAY_MOUTH	grid	20	460	15165.087	15165.164	0.077	165.09	-
MURRAY_MOUTH	grid	20	480	15163.210	15163.312	0.102	163.21	-
MURRAY_MOUTH	grid	20	500	15161.358	15161.487	0.129	161.36	-
MURRAY_MOUTH	grid	40	-500	15146.576	15146.530	-0.046	146.58	-
MURRAY_MOUTH	grid	40	-480	15147.038	15146.992	-0.046	147.04	-
MURRAY_MOUTH	grid	40	-460	15147.470	15147.376	-0.093	147.47	-
MURRAY_MOUTH	grid	40	-440	15147.853	15147.787	-0.066	147.85	-
MURRAY_MOUTH	grid	40	-420	15148.194	15148.070	-0.123	148.19	-
MURRAY_MOUTH	grid	40	-400	15148.496	15148.353	-0.143	148.50	-
MURRAY_MOUTH	grid	40	-380	15148.747	15148.663	-0.084	148.75	-
MURRAY_MOUTH	grid	40	-360	15148.963	15148.851	-0.111	148.96	-
MURRAY_MOUTH	grid	40	-340	15149.144	15149.015	-0.129	149.14	-
MURRAY_MOUTH	grid	40	-320	15149.290	15149.218	-0.072	149.29	-
MURRAY_MOUTH	grid	40	-300	15149.405	15149.317	-0.088	149.40	-
MURRAY_MOUTH	grid	40	-280	15149.490	15149.396	-0.094	149.49	-
MURRAY_MOUTH	grid	40	-260	15149.552	15149.502	-0.049	149.55	-
MURRAY_MOUTH	grid	40	-240	15149.582	15149.511	-0.071	149.58	-
MURRAY_MOUTH	grid	40	-220	15149.584	15149.507	-0.077	149.58	-
MURRAY_MOUTH	grid	40	-200	15149.553	15149.529	-0.024	149.55	-
MURRAY_MOUTH	grid	40	-180	15149.491	15149.439	-0.052	149.49	-
MURRAY_MOUTH	grid	40	-160	15149.395	15149.331	-0.064	149.40	-
MURRAY_MOUTH	grid	40	-140	15149.273	15149.248	-0.025	149.27	-
MURRAY_MOUTH	grid	40	-120	15149.127	15149.093	-0.034	149.13	-
MURRAY_MOUTH	grid	40	-100	15148.971	15148.933	-0.038	148.97	-
MURRAY_MOUTH	grid	40	-80	15148.824	15148.799	-0.025	148.82	-
MURRAY_MOUTH	grid	40	-60	15148.714	15148.727	0.013	148.71	-
MURRAY_MOUTH	grid	40	-40	15148.671	15148.706	0.035	148.67	-
MURRAY_MOUTH	grid	40	-20	15148.736	15148.721	-0.015	148.74	-
MURRAY_MOUTH	grid	40	0	15148.940	15149.021	0.081	148.94	-
MURRAY_MOUTH	grid	40	20	15149.328	15149.405	0.077	149.33	-
MURRAY_MOUTH	grid	40	40	15149.948	15149.935	-0.013	149.95	-
MURRAY_MOUTH	grid	40	60	15150.809	15150.941	0.132	150.81	-
MURRAY_MOUTH	grid	40	80	15151.919	15152.062	0.143	151.92	-
MURRAY_MOUTH	grid	40	100	15153.290	15153.267	-0.023	153.29	-
MURRAY_MOUTH	grid	40	120	15154.896	15155.060	0.164	154.90	-
MURRAY_MOUTH	grid	40	140	15156.675	15156.860	0.185	156.67	-
MURRAY_MOUTH	grid	40	160	15158.582	15158.593	0.010	158.58	-
MURRAY_MOUTH	grid	40	180	15160.547	15160.265	-0.282	160.55	-
MURRAY_MOUTH	grid	40	200	15162.481	15162.234	-0.247	162.48	-
MURRAY_MOUTH	grid	40	220	15164.310	15164.230	-0.080	164.31	-
MURRAY_MOUTH	grid	40	240	15165.947	15165.365	-0.581	165.95	-
MURRAY_MOUTH	grid	40	260	15167.324	15166.751	-0.573	167.32	-
MURRAY_MOUTH	grid	40	280	15168.402	15168.291	-0.111	168.40	-
MURRAY_MOUTH	grid	40	300	15169.132	15168.665	-0.467	169.13	-
MURRAY_MOUTH	grid	40	320	15169.471	15168.894	-0.577	169.47	-
MURRAY_MOUTH	grid	40	340	15169.448	15169.375	-0.073	169.45	-
MURRAY_MOUTH	grid	40	360	15169.066	15168.750	-0.316	169.07	-
MURRAY_MOUTH	grid	40	380	15168.320	15167.995	-0.325	168.32	-
MURRAY_MOUTH	grid	40	400	15167.286	15167.258	-0.028	167.29	-
MURRAY_MOUTH	grid	40	420	15165.999	15165.789	-0.210	166.00	-
MURRAY_MOUTH	grid	40	440	15164.509	15164.293	-0.217	164.51	-
MURRAY_MOUTH	grid	40	460	15162.890	15162.906	0.016	162.89	-
MURRAY_MOUTH	grid	40	480	15161.209	15161.358	0.149	161.21	-
MURRAY_MOUTH	grid	40	500	15159.527	15159.685	0.158	159.53	-
MURRAY_MOUTH	grid	60	-500	15146.733	15146.613	-0.120	146.73	-
MURRAY_MOUTH	grid	60	-480	15147.156	15147.025	-0.131	147.16	-
MURRAY_MOUTH	grid	60	-460	15147.546	15147.353	-0.193	147.55	-
MURRAY_MOUTH	grid	60	-440	15147.902	15147.764	-0.138	147.90	-
MURRAY_MOUTH	grid	60	-420	15148.216	15148.101	-0.114	148.22	-
MURRAY_MOUTH	grid	60	-400	15148.494	15148.337	-0.156	148.49	-
MURRAY_MOUTH	grid	60	-380	15148.734	15148.624	-0.110	148.73	-
MURRAY_MOUTH	grid	60	-360	15148.943	15148.865	-0.078	148.94	-
MURRAY_MOUTH	grid	60	-340	15149.117	15149.021	-0.096	149.12	-
MURRAY_MOUTH	grid	60	-320	15149.264	15149.204	-0.060	149.26	-
MURRAY_MOUTH	grid	60	-300	15149.387	15149.345	-0.042	149.39	-
MURRAY_MOUTH	grid	60	-280	15149.482	15149.423	-0.060	149.48	-
MURRAY_MOUTH	grid	60	-260	15149.552	15149.514	-0.039	149.55	-
MURRAY_MOUTH	grid	60	-240	15149.599	15149.559	-0.040	149.60	-
MURRAY_MOUTH	grid	60	-220	15149.618	15149.544	-0.074	149.62	-
MURRAY_MOUTH	grid	60	-200	15149.605	15149.556	-0.049	149.60	-
MURRAY_MOUTH	grid	60	-180	15149.561	15149.513	-0.048	149.56	-
MURRAY_MOUTH	grid	60	-160	15149.485	15149.412	-0.073	149.49	-
MURRAY_MOUTH	grid	60	-140	15149.378	15149.329	-0.050	149.38	-
MURRAY_MOUTH	grid	60	-120	15149.247	15149.208	-0.039	149.25	-
MURRAY_MOUTH	grid	60	-100	15149.101	15149.058	-0.042	149.10	-
MURRAY_MOUTH	grid	60	-80	15148.957	15148.928	-0.029	148.96	-
MURRAY_MOUTH	grid	60	-60	15148.840	15148.845	0.005	148.84	-
MURRAY_MOUTH	grid	60	-40	15148.772	15148.808	0.036	148.77	-
MURRAY_MOUTH	grid	60	-20	15148.788	15148.798	0.011	148.79	-
MURRAY_MOUTH	grid	60	0	15148.917	15149.017	0.099	148.92	-
MURRAY_MOUTH	grid	60	20	15149.208	15149.400	0.192	149.21	-
MURRAY_MOUTH	grid	60	40	15149.682	15149.770	0.088	149.68	-
MURRAY_MOUTH	grid	60	60	15150.359	15150.394	0.035	150.36	-
MURRAY_MOUTH	grid	60	80	15151.265	15151.405	0.140	151.26	-
MURRAY_MOUTH	grid	60	100	15152.395	15152.442	0.047	152.40	-
MURRAY_MOUTH	grid	60	120	15153.713	15153.541	-0.173	153.71	-
MURRAY_MOUTH	grid	60	140	15155.200	15155.002	-0.198	155.20	-
MURRAY_MOUTH	grid	60	160	15156.816	15156.734	-0.081	156.82	-
MURRAY_MOUTH	grid	60	180	15158.483	15158.233	-0.250	158.48	-
MURRAY_MOUTH	grid	60	200	15160.136	15159.579	-0.557	160.14	-
MURRAY_MOUTH	grid	60	220	15161.708	15161.471	-0.237	161.71	-
MURRAY_MOUTH	grid	60	240	15163.136	15162.878	-0.258	163.14	-
MURRAY_MOUTH	grid	60	260	15164.358	15163.902	-0.455	164.36	-
MURRAY_MOUTH	grid	60	280	15165.322	15165.004	-0.318	165.32	-
MURRAY_MOUTH	grid	60	300	15165.987	15165.741	-0.246	165.99	-
MURRAY_MOUTH	grid	60	320	15166.339	15165.970	-0.370	166.34	-
MURRAY_MOUTH	grid	60	340	15166.379	15166.220	-0.159	166.38	-
MURRAY_MOUTH	grid	60	360	15166.075	15165.913	-0.162	166.08	-
MURRAY_MOUTH	grid	60	380	15165.475	15165.228	-0.247	165.48	-
MURRAY_MOUTH	grid	60	400	15164.612	15164.570	-0.042	164.61	-
MURRAY_MOUTH	grid	60	420	15163.509	15163.600	0.092	163.51	-
MURRAY_MOUTH	grid	60	440	15162.209	15162.287	0.078	162.21	-
MURRAY_MOUTH	grid	60	460	15160.794	15160.901	0.106	160.79	-
MURRAY_MOUTH	grid	60	480	15159.304	15159.522	0.218	159.30	-
MURRAY_MOUTH	grid	60	500	15157.794	15158.159	0.365	157.79	-
MURRAY_MOUTH	grid	80	-500	15146.839	15146.672	-0.167	146.84	-
MURRAY_MOUTH	grid	80	-480	15147.228	15147.140	-0.088	147.23	-
MURRAY_MOUTH	grid	80	-460	15147.586	15147.454	-0.131	147.59	-
MURRAY_MOUTH	grid	80	-440	15147.911	15147.796	-0.115	147.91	-
MURRAY_MOUTH	grid	80	-420	15148.206	15148.164	-0.042	148.21	-
MURRAY_MOUTH	grid	80	-400	15148.466	15148.400	-0.067	148.47	-
MURRAY_MOUTH	grid	80	-380	15148.698	15148.647	-0.050	148.70	-
MURRAY_MOUTH	grid	80	-360	15148.896	15148.872	-0.024	148.90	-
MURRAY_MOUTH	grid	80	-340	15149.074	15149.006	-0.068	149.07	-
MURRAY_MOUTH	grid	80	-320	15149.226	15149.166	-0.060	149.23	-
MURRAY_MOUTH	grid	80	-300	15149.358	15149.323	-0.035	149.36	-
MURRAY_MOUTH	grid	80	-280	15149.464	15149.400	-0.064	149.46	-
MURRAY_MOUTH	grid	80	-260	15149.551	15149.491	-0.060	149.55	-
MURRAY_MOUTH	grid	80	-240	15149.613	15149.575	-0.038	149.61	-
MURRAY_MOUTH	grid	80	-220	15149.648	15149.576	-0.072	149.65	-
MURRAY_MOUTH	grid	80	-200	15149.655	15149.597	-0.059	149.66	-
MURRAY_MOUTH	grid	80	-180	15149.630	15149.595	-0.036	149.63	-
MURRAY_MOUTH	grid	80	-160	15149.575	15149.500	-0.075	149.58	-
MURRAY_MOUTH	grid	80	-140	15149.485	15149.433	-0.052	149.49	-
MURRAY_MOUTH	grid	80	-120	15149.368	15149.347	-0.020	149.37	-
MURRAY_MOUTH	grid	80	-100	15149.236	15149.197	-0.038	149.24	-
MURRAY_MOUTH	grid	80	-80	15149.096	15149.074	-0.022	149.10	-
MURRAY_MOUTH	grid	80	-60	15148.969	15148.965	-0.004	148.97	-
MURRAY_MOUTH	grid	80	-40	15148.880	15148.905	0.026	148.88	-
MURRAY_MOUTH	grid	80	-20	15148.854	15148.872	0.019	148.85	-
MURRAY_MOUTH	grid	80	0	15148.926	15148.913	-0.014	148.93	-
MURRAY_MOUTH	grid	80	20	15149.120	15149.147	0.027	149.12	-
MURRAY_MOUTH	grid	80	40	15149.460	15149.503	0.043	149.46	-
MURRAY_MOUTH	grid	80	60	15149.983	15149.962	-0.021	149.98	-
MURRAY_MOUTH	grid	80	80	15150.690	15150.617	-0.073	150.69	-
MURRAY_MOUTH	grid	80	100	15151.581	15151.533	-0.048	151.58	-
MURRAY_MOUTH	grid	80	120	15152.642	15152.616	-0.026	152.64	-
MURRAY_MOUTH	grid	80	140	15153.861	15153.765	-0.096	153.86	-
MURRAY_MOUTH	grid	80	160	15155.177	15154.941	-0.236	155.18	-
MURRAY_MOUTH	grid	80	180	15156.552	15156.518	-0.034	156.55	-
MURRAY_MOUTH	grid	80	200	15157.936	15157.864	-0.072	157.94	-
MURRAY_MOUTH	grid	80	220	15159.258	15159.237	-0.021	159.26	-
MURRAY_MOUTH	grid	80	240	15160.475	15160.343	-0.132	160.48	-
MURRAY_MOUTH	grid	80	260	15161.531	15161.283	-0.248	161.53	-
MURRAY_MOUTH	grid	80	280	15162.373	15162.250	-0.123	162.37	-
MURRAY_MOUTH	grid	80	300	15162.987	15162.911	-0.076	162.99	-
MURRAY_MOUTH	grid	80	320	15163.344	15163.035	-0.308	163.34	-
MURRAY_MOUTH	grid	80	340	15163.403	15163.283	-0.121	163.40	-
MURRAY_MOUTH	grid	80	360	15163.206	15163.247	0.042	163.21	-
MURRAY_MOUTH	grid	80	380	15162.749	15162.649	-0.100	162.75	-
MURRAY_MOUTH	grid	80	400	15162.033	15162.016	-0.017	162.03	-
MURRAY_MOUTH	grid	80	420	15161.112	15161.195	0.084	161.11	-
MURRAY_MOUTH	grid	80	440	15160.021	15160.040	0.020	160.02	-
MURRAY_MOUTH	grid	80	460	15158.793	15158.912	0.119	158.79	-
MURRAY_MOUTH	grid	80	480	15157.491	15157.553	0.062	157.49	-
MURRAY_MOUTH	grid	80	500	15156.164	15156.190	0.026	156.16	-
MURRAY_MOUTH	grid	100	-500	15146.902	15146.858	-0.044	146.90	-
MURRAY_MOUTH	grid	100	-480	15147.259	15147.240	-0.019	147.26	-
MURRAY_MOUTH	grid	100	-460	15147.587	15147.510	-0.077	147.59	-
MURRAY_MOUTH	grid	100	-440	15147.890	15147.803	-0.087	147.89	-
MURRAY_MOUTH	grid	100	-420	15148.163	15148.123	-0.040	148.16	-
MURRAY_MOUTH	grid	100	-400	15148.411	15148.319	-0.093	148.41	-
MURRAY_MOUTH	grid	100	-380	15148.638	15148.546	-0.091	148.64	-
MURRAY_MOUTH	grid	100	-360	15148.837	15148.801	-0.036	148.84	-
MURRAY_MOUTH	grid	100	-340	15149.020	15148.946	-0.074	149.02	-
MURRAY_MOUTH	grid	100	-320	15149.180	15149.110	-0.070	149.18	-
MURRAY_MOUTH	grid	100	-300	15149.318	15149.296	-0.022	149.32	-
MURRAY_MOUTH	grid	100	-280	15149.443	15149.381	-0.061	149.44	-
MURRAY_MOUTH	grid	100	-260	15149.547	15149.489	-0.058	149.55	-
MURRAY_MOUTH	grid	100	-240	15149.626	15149.614	-0.012	149.63	-
MURRAY_MOUTH	grid	100	-220	15149.678	15149.618	-0.060	149.68	-
MURRAY_MOUTH	grid	100	-200	15149.703	15149.646	-0.057	149.70	-
MURRAY_MOUTH	grid	100	-180	15149.702	15149.699	-0.003	149.70	-
MURRAY_MOUTH	grid	100	-160	15149.659	15149.597	-0.062	149.66	-
MURRAY_MOUTH	grid	100	-140	15149.588	15149.521	-0.067	149.59	-
MURRAY_MOUTH	grid	100	-120	15149.486	15149.470	-0.016	149.49	-
MURRAY_MOUTH	grid	100	-100	15149.364	15149.313	-0.051	149.36	-
MURRAY_MOUTH	grid	100	-80	15149.230	15149.178	-0.052	149.23	-
MURRAY_MOUTH	grid	100	-60	15149.102	15149.070	-0.032	149.10	-
MURRAY_MOUTH	grid	100	-40	15148.994	15148.974	-0.020	148.99	-
MURRAY_MOUTH	grid	100	-20	15148.937	15148.922	-0.015	148.94	-
MURRAY_MOUTH	grid	100	0	15148.950	15148.921	-0.029	148.95	-
MURRAY_MOUTH	grid	100	20	15149.057	15149.097	0.040	149.06	-
MURRAY_MOUTH	grid	100	40	15149.296	15149.299	0.004	149.30	-
MURRAY_MOUTH	grid	100	60	15149.669	15149.657	-0.012	149.67	-
MURRAY_MOUTH	grid	100	80	15150.192	15150.312	0.120	150.19	-
MURRAY_MOUTH	grid	100	100	15150.872	15150.994	0.122	150.87	-
MURRAY_MOUTH	grid	100	120	15151.703	15151.698	-0.005	151.70	-
MURRAY_MOUTH	grid	100	140	15152.654	15152.717	0.063	152.65	-
MURRAY_MOUTH	grid	100	160	15153.696	15153.764	0.068	153.70	-
MURRAY_MOUTH	grid	100	180	15154.803	15154.809	0.006	154.80	-
MURRAY_MOUTH	grid	100	200	15155.926	15155.634	-0.292	155.93	-
MURRAY_MOUTH	grid	100	220	15157.012	15156.876	-0.135	157.01	-
MURRAY_MOUTH	grid	100	240	15158.018	15158.090	0.072	158.02	-
MURRAY_MOUTH	grid	100	260	15158.908	15158.595	-0.312	158.91	-
MURRAY_MOUTH	grid	100	280	15159.636	15159.371	-0.266	159.64	-
MURRAY_MOUTH	grid	100	300	15160.178	15160.292	0.113	160.18	-
MURRAY_MOUTH	grid	100	320	15160.511	15160.335	-0.175	160.51	-
MURRAY_MOUTH	grid	100	340	15160.619	15160.406	-0.212	160.62	-
MURRAY_MOUTH	grid	100	360	15160.499	15160.578	0.079	160.50	-
MURRAY_MOUTH	grid	100	380	15160.156	15159.981	-0.175	160.16	-
MURRAY_MOUTH	grid	100	400	15159.592	15159.410	-0.183	159.59	-
MURRAY_MOUTH	grid	100	420	15158.844	15158.837	-0.007	158.84	-
MURRAY_MOUTH	grid	100	440	15157.937	15157.826	-0.111	157.94	-
MURRAY_MOUTH	grid	100	460	15156.895	15156.843	-0.052	156.90	-
MURRAY_MOUTH	grid	100	480	15155.776	15155.884	0.107	155.78	-
MURRAY_MOUTH	grid	100	500	15154.625	15154.842	0.218	154.62	-
MURRAY_MOUTH	grid	120	-500	15146.925	15146.800	-0.125	146.93	-
MURRAY_MOUTH	grid	120	-480	15147.254	15147.169	-0.084	147.25	-
MURRAY_MOUTH	grid	120	-460	15147.559	15147.454	-0.105	147.56	-
MURRAY_MOUTH	grid	120	-440	15147.841	15147.713	-0.129	147.84	-
MURRAY_MOUTH	grid	120	-420	15148.105	15148.033	-0.072	148.10	-
MURRAY_MOUTH	grid	120	-400	15148.343	15148.270	-0.073	148.34	-
MURRAY_MOUTH	grid	120	-380	15148.566	15148.481	-0.085	148.57	-
MURRAY_MOUTH	grid	120	-360	15148.769	15148.726	-0.043	148.77	-
MURRAY_MOUTH	grid	120	-340	15148.958	15148.908	-0.050	148.96	-
MURRAY_MOUTH	grid	120	-320	15149.128	15149.074	-0.055	149.13	-
MURRAY_MOUTH	grid	120	-300	15149.285	15149.266	-0.019	149.28	-
MURRAY_MOUTH	grid	120	-280	15149.423	15149.383	-0.040	149.42	-
MURRAY_MOUTH	grid	120	-260	15149.543	15149.485	-0.057	149.54	-
MURRAY_MOUTH	grid	120	-240	15149.638	15149.614	-0.024	149.64	-
MURRAY_MOUTH	grid	120	-220	15149.711	15149.659	-0.051	149.71	-
MURRAY_MOUTH	grid	120	-200	15149.757	15149.681	-0.077	149.76	-
MURRAY_MOUTH	grid	120	-180	15149.766	15149.729	-0.038	149.77	-
MURRAY_MOUTH	grid	120	-160	15149.743	15149.679	-0.064	149.74	-
MURRAY_MOUTH	grid	120	-140	15149.691	15149.609	-0.081	149.69	-
MURRAY_MOUTH	grid	120	-120	15149.603	15149.560	-0.043	149.60	-
MURRAY_MOUTH	grid	120	-100	15149.491	15149.437	-0.054	149.49	-
MURRAY_MOUTH	grid	120	-80	15149.364	15149.307	-0.057	149.36	-
MURRAY_MOUTH	grid	120	-60	15149.234	15149.202	-0.032	149.23	-
MURRAY_MOUTH	grid	120	-40	15149.114	15149.109	-0.005	149.11	-
MURRAY_MOUTH	grid	120	-20	15149.028	15149.039	0.012	149.03	-
MURRAY_MOUTH	grid	120	0	15148.992	15148.997	0.004	148.99	-
MURRAY_MOUTH	grid	120	20	15149.035	15149.110	0.075	149.04	-
MURRAY_MOUTH	grid	120	40	15149.174	15149.259	0.085	149.17	-
MURRAY_MOUTH	grid	120	60	15149.416	15149.436	0.020	149.42	-
MURRAY_MOUTH	grid	120	80	15149.784	15149.711	-0.073	149.78	-
MURRAY_MOUTH	grid	120	100	15150.282	15150.298	0.017	150.28	-
MURRAY_MOUTH	grid	120	120	15150.893	15150.913	0.020	150.89	-
MURRAY_MOUTH	grid	120	140	15151.607	15151.461	-0.147	151.61	-
MURRAY_MOUTH	grid	120	160	15152.414	15152.209	-0.205	152.41	-
MURRAY_MOUTH	grid	120	180	15153.268	15153.283	0.015	153.27	-
MURRAY_MOUTH	grid	120	200	15154.138	15154.030	-0.108	154.14	-
MURRAY_MOUTH	grid	120	220	15155.003	15154.716	-0.286	155.00	-
MURRAY_MOUTH	grid	120	240	15155.810	15155.797	-0.014	155.81	-
MURRAY_MOUTH	grid	120	260	15156.537	15156.457	-0.080	156.54	-
MURRAY_MOUTH	grid	120	280	15157.154	15156.989	-0.165	157.15	-
MURRAY_MOUTH	grid	120	300	15157.613	15157.549	-0.065	157.61	-
MURRAY_MOUTH	grid	120	320	15157.920	15157.766	-0.154	157.92	-
MURRAY_MOUTH	grid	120	340	15158.058	15157.896	-0.162	158.06	-
MURRAY_MOUTH	grid	120	360	15157.988	15158.053	0.066	157.99	-
MURRAY_MOUTH	grid	120	380	15157.744	15157.726	-0.018	157.74	-
MURRAY_MOUTH	grid	120	400	15157.320	15157.270	-0.050	157.32	-
MURRAY_MOUTH	grid	120	420	15156.719	15156.841	0.122	156.72	-
MURRAY_MOUTH	grid	120	440	15155.975	15156.111	0.135	155.98	-
MURRAY_MOUTH	grid	120	460	15155.113	15155.247	0.134	155.11	-
MURRAY_MOUTH	grid	120	480	15154.161	15154.291	0.130	154.16	-
MURRAY_MOUTH	grid	120	500	15153.164	15153.334	0.171	153.16	-
MURRAY_MOUTH	grid	140	-500	15146.918	15146.796	-0.122	146.92	-
MURRAY_MOUTH	grid	140	-480	15147.225	15147.125	-0.100	147.22	-
MURRAY_MOUTH	grid	140	-460	15147.510	15147.453	-0.058	147.51	-
MURRAY_MOUTH	grid	140	-440	15147.781	15147.707	-0.075	147.78	-
MURRAY_MOUTH	grid	140	-420	15148.031	15147.987	-0.044	148.03	-
MURRAY_MOUTH	grid	140	-400	15148.269	15148.248	-0.022	148.27	-
MURRAY_MOUTH	grid	140	-380	15148.493	15148.447	-0.047	148.49	-
MURRAY_MOUTH	grid	140	-360	15148.702	15148.672	-0.030	148.70	-
MURRAY_MOUTH	grid	140	-340	15148.898	15148.875	-0.023	148.90	-
MURRAY_MOUTH	grid	140	-320	15149.083	15149.035	-0.048	149.08	-
MURRAY_MOUTH	grid	140	-300	15149.253	15149.220	-0.033	149.25	-
MURRAY_MOUTH	grid	140	-280	15149.409	15149.375	-0.034	149.41	-
MURRAY_MOUTH	grid	140	-260	15149.542	15149.488	-0.054	149.54	-
MURRAY_MOUTH	grid	140	-240	15149.660	15149.617	-0.042	149.66	-
MURRAY_MOUTH	grid	140	-220	15149.748	15149.702	-0.046	149.75	-
MURRAY_MOUTH	grid	140	-200	15149.808	15149.732	-0.076	149.81	-
MURRAY_MOUTH	grid	140	-180	15149.835	15149.786	-0.050	149.84	-
MURRAY_MOUTH	grid	140	-160	15149.830	15149.780	-0.050	149.83	-
MURRAY_MOUTH	grid	140	-140	15149.787	15149.713	-0.075	149.79	-
MURRAY_MOUTH	grid	140	-120	15149.712	15149.673	-0.040	149.71	-
MURRAY_MOUTH	grid	140	-100	15149.615	15149.587	-0.027	149.61	-
MURRAY_MOUTH	grid	140	-80	15149.491	15149.446	-0.045	149.49	-
MURRAY_MOUTH	grid	140	-60	15149.360	15149.327	-0.033	149.36	-
MURRAY_MOUTH	grid	140	-40	15149.232	15149.200	-0.032	149.23	-
MURRAY_MOUTH	grid	140	-20	15149.122	15149.102	-0.020	149.12	-
MURRAY_MOUTH	grid	140	0	15149.052	15149.032	-0.020	149.05	-
MURRAY_MOUTH	grid	140	20	15149.039	15149.001	-0.039	149.04	-
MURRAY_MOUTH	grid	140	40	15149.092	15149.042	-0.051	149.09	-
MURRAY_MOUTH	grid	140	60	15149.230	15149.218	-0.012	149.23	-
MURRAY_MOUTH	grid	140	80	15149.465	15149.441	-0.024	149.46	-
MURRAY_MOUTH	grid	140	100	15149.795	15149.709	-0.087	149.80	-
MURRAY_MOUTH	grid	140	120	15150.218	15150.164	-0.054	150.22	-
MURRAY_MOUTH	grid	140	140	15150.734	15150.743	0.009	150.73	-
MURRAY_MOUTH	grid	140	160	15151.316	15151.294	-0.023	151.32	-
MURRAY_MOUTH	grid	140	180	15151.947	15151.871	-0.076	151.95	-
MURRAY_MOUTH	grid	140	200	15152.600	15152.619	0.019	152.60	-
MURRAY_MOUTH	grid	140	220	15153.259	15153.271	0.012	153.26	-
MURRAY_MOUTH	grid	140	240	15153.885	15153.928	0.043	153.89	-
MURRAY_MOUTH	grid	140	260	15154.451	15154.330	-0.121	154.45	-
MURRAY_MOUTH	grid	140	280	15154.945	15154.857	-0.089	154.95	-
MURRAY_MOUTH	grid	140	300	15155.337	15155.410	0.073	155.34	-
MURRAY_MOUTH	grid	140	320	15155.600	15155.639	0.039	155.60	-
MURRAY_MOUTH	grid	140	340	15155.737	15155.643	-0.094	155.74	-
MURRAY_MOUTH	grid	140	360	15155.718	15155.800	0.082	155.72	-
MURRAY_MOUTH	grid	140	380	15155.547	15155.647	0.099	155.55	-
MURRAY_MOUTH	grid	140	400	15155.230	15155.236	0.006	155.23	-
MURRAY_MOUTH	grid	140	420	15154.756	15154.829	0.073	154.76	-
MURRAY_MOUTH	grid	140	440	15154.155	15154.207	0.052	154.16	-
MURRAY_MOUTH	grid	140	460	15153.449	15153.427	-0.022	153.45	-
MURRAY_MOUTH	grid	140	480	15152.646	15152.673	0.027	152.65	-
MURRAY_MOUTH	grid	140	500	15151.800	15151.776	-0.024	151.80	-
MURRAY_MOUTH	grid	160	-500	15146.887	15146.851	-0.035	146.89	-
MURRAY_MOUTH	grid	160	-480	15147.176	15147.136	-0.040	147.18	-
MURRAY_MOUTH	grid	160	-460	15147.450	15147.431	-0.019	147.45	-
MURRAY_MOUTH	grid	160	-440	15147.713	15147.659	-0.054	147.71	-
MURRAY_MOUTH	grid	160	-420	15147.963	15147.917	-0.046	147.96	-
MURRAY_MOUTH	grid	160	-400	15148.199	15148.184	-0.015	148.20	-
MURRAY_MOUTH	grid	160	-380	15148.428	15148.383	-0.045	148.43	-
MURRAY_MOUTH	grid	160	-360	15148.646	15148.608	-0.038	148.65	-
MURRAY_MOUTH	grid	160	-340	15148.855	15148.840	-0.015	148.86	-
MURRAY_MOUTH	grid	160	-320	15149.050	15149.007	-0.044	149.05	-
MURRAY_MOUTH	grid	160	-300	15149.236	15149.199	-0.038	149.24	-
MURRAY_MOUTH	grid	160	-280	15149.406	15149.386	-0.020	149.41	-
MURRAY_MOUTH	grid	160	-260	15149.559	15149.500	-0.058	149.56	-
MURRAY_MOUTH	grid	160	-240	15149.687	15149.641	-0.046	149.69	-
MURRAY_MOUTH	grid	160	-220	15149.792	15149.772	-0.021	149.79	-
MURRAY_MOUTH	grid	160	-200	15149.864	15149.802	-0.062	149.86	-
MURRAY_MOUTH	grid	160	-180	15149.908	15149.849	-0.059	149.91	-
MURRAY_MOUTH	grid	160	-160	15149.911	15149.881	-0.030	149.91	-
MURRAY_MOUTH	grid	160	-140	15149.884	15149.800	-0.084	149.88	-
MURRAY_MOUTH	grid	160	-120	15149.822	15149.746	-0.075	149.82	-
MURRAY_MOUTH	grid	160	-100	15149.728	15149.685	-0.044	149.73	-
MURRAY_MOUTH	grid	160	-80	15149.612	15149.535	-0.077	149.61	-
MURRAY_MOUTH	grid	160	-60	15149.481	15149.416	-0.065	149.48	-
MURRAY_MOUTH	grid	160	-40	15149.345	15149.307	-0.038	149.35	-
MURRAY_MOUTH	grid	160	-20	15149.224	15149.173	-0.052	149.22	-
MURRAY_MOUTH	grid	160	0	15149.123	15149.078	-0.045	149.12	-
MURRAY_MOUTH	grid	160	20	15149.058	15149.041	-0.017	149.06	-
MURRAY_MOUTH	grid	160	40	15149.046	15149.048	0.003	149.05	-
MURRAY_MOUTH	grid	160	60	15149.100	15149.083	-0.017	149.10	-
MURRAY_MOUTH	grid	160	80	15149.220	15149.240	0.020	149.22	-
MURRAY_MOUTH	grid	160	100	15149.410	15149.508	0.098	149.41	-
MURRAY_MOUTH	grid	160	120	15149.686	15149.749	0.063	149.69	-
MURRAY_MOUTH	grid	160	140	15150.021	15149.962	-0.059	150.02	-
MURRAY_MOUTH	grid	160	160	15150.411	15150.393	-0.018	150.41	-
MURRAY_MOUTH	grid	160	180	15150.854	15150.896	0.042	150.85	-
MURRAY_MOUTH	grid	160	200	15151.316	15151.332	0.016	151.32	-
MURRAY_MOUTH	grid	160	220	15151.783	15151.595	-0.189	151.78	-
MURRAY_MOUTH	grid	160	240	15152.249	15152.252	0.003	152.25	-
MURRAY_MOUTH	grid	160	260	15152.674	15152.788	0.115	152.67	-
MURRAY_MOUTH	grid	160	280	15153.049	15152.962	-0.087	153.05	-
MURRAY_MOUTH	grid	160	300	15153.363	15153.296	-0.067	153.36	-
MURRAY_MOUTH	grid	160	320	15153.575	15153.698	0.123	153.57	-
MURRAY_MOUTH	grid	160	340	15153.692	15153.655	-0.037	153.69	-
MURRAY_MOUTH	grid	160	360	15153.706	15153.640	-0.066	153.71	-
MURRAY_MOUTH	grid	160	380	15153.583	15153.587	0.004	153.58	-
MURRAY_MOUTH	grid	160	400	15153.344	15153.177	-0.167	153.34	-
MURRAY_MOUTH	grid	160	420	15152.982	15152.896	-0.086	152.98	-
MURRAY_MOUTH	grid	160	440	15152.500	15152.565	0.065	152.50	-
MURRAY_MOUTH	grid	160	460	15151.918	15151.930	0.013	151.92	-
MURRAY_MOUTH	grid	160	480	15151.257	15151.307	0.050	151.26	-
MURRAY_MOUTH	grid	160	500	15150.543	15150.695	0.152	150.54	-
MURRAY_MOUTH	grid	180	-500	15146.845	15146.777	-0.068	146.84	-
MURRAY_MOUTH	grid	180	-480	15147.123	15147.057	-0.067	147.12	-
MURRAY_MOUTH	grid	180	-460	15147.393	15147.369	-0.024	147.39	-
MURRAY_MOUTH	grid	180	-440	15147.651	15147.603	-0.048	147.65	-
MURRAY_MOUTH	grid	180	-420	15147.903	15147.851	-0.052	147.90	-
MURRAY_MOUTH	grid	180	-400	15148.146	15148.137	-0.009	148.15	-
MURRAY_MOUTH	grid	180	-380	15148.382	15148.346	-0.036	148.38	-
MURRAY_MOUTH	grid	180	-360	15148.610	15148.571	-0.039	148.61	-
MURRAY_MOUTH	grid	180	-340	15148.829	15148.823	-0.006	148.83	-
MURRAY_MOUTH	grid	180	-320	15149.039	15148.999	-0.040	149.04	-
MURRAY_MOUTH	grid	180	-300	15149.237	15149.192	-0.045	149.24	-
MURRAY_MOUTH	grid	180	-280	15149.418	15149.413	-0.005	149.42	-
MURRAY_MOUTH	grid	180	-260	15149.584	15149.527	-0.057	149.58	-
MURRAY_MOUTH	grid	180	-240	15149.727	15149.663	-0.064	149.73	-
MURRAY_MOUTH	grid	180	-220	15149.844	15149.826	-0.018	149.84	-
MURRAY_MOUTH	grid	180	-200	15149.931	15149.845	-0.086	149.93	-
MURRAY_MOUTH	grid	180	-180	15149.979	15149.891	-0.088	149.98	-
MURRAY_MOUTH	grid	180	-160	15149.995	15149.964	-0.030	149.99	-
MURRAY_MOUTH	grid	180	-140	15149.977	15149.886	-0.090	149.98	-
MURRAY_MOUTH	grid	180	-120	15149.920	15149.829	-0.092	149.92	-
MURRAY_MOUTH	grid	180	-100	15149.833	15149.802	-0.031	149.83	-
MURRAY_MOUTH	grid	180	-80	15149.723	15149.657	-0.067	149.72	-
MURRAY_MOUTH	grid	180	-60	15149.593	15149.534	-0.059	149.59	-
MURRAY_MOUTH	grid	180	-40	15149.456	15149.440	-0.017	149.46	-
MURRAY_MOUTH	grid	180	-20	15149.320	15149.307	-0.013	149.32	-
MURRAY_MOUTH	grid	180	0	15149.198	15149.197	-0.000	149.20	-
MURRAY_MOUTH	grid	180	20	15149.098	15149.090	-0.008	149.10	-
MURRAY_MOUTH	grid	180	40	15149.036	15149.027	-0.009	149.04	-
MURRAY_MOUTH	grid	180	60	15149.013	15149.018	0.005	149.01	-
MURRAY_MOUTH	grid	180	80	15149.043	15149.037	-0.006	149.04	-
MURRAY_MOUTH	grid	180	100	15149.129	15149.016	-0.114	149.13	-
MURRAY_MOUTH	grid	180	120	15149.271	15149.242	-0.029	149.27	-
MURRAY_MOUTH	grid	180	140	15149.459	15149.500	0.040	149.46	-
MURRAY_MOUTH	grid	180	160	15149.702	15149.617	-0.085	149.70	-
MURRAY_MOUTH	grid	180	180	15149.977	15149.845	-0.132	149.98	-
MURRAY_MOUTH	grid	180	200	15150.277	15150.373	0.096	150.28	-
MURRAY_MOUTH	grid	180	220	15150.586	15150.582	-0.004	150.59	-
MURRAY_MOUTH	grid	180	240	15150.902	15150.818	-0.084	150.90	-
MURRAY_MOUTH	grid	180	260	15151.201	15151.281	0.080	151.20	-
MURRAY_MOUTH	grid	180	280	15151.463	15151.455	-0.008	151.46	-
MURRAY_MOUTH	grid	180	300	15151.694	15151.660	-0.034	151.69	-
MURRAY_MOUTH	grid	180	320	15151.859	15151.916	0.056	151.86	-
MURRAY_MOUTH	grid	180	340	15151.944	15151.905	-0.039	151.94	-
MURRAY_MOUTH	grid	180	360	15151.962	15151.967	0.005	151.96	-
MURRAY_MOUTH	grid	180	380	15151.877	15152.053	0.176	151.88	-
MURRAY_MOUTH	grid	180	400	15151.683	15151.728	0.045	151.68	-
MURRAY_MOUTH	grid	180	420	15151.407	15151.458	0.051	151.41	-
MURRAY_MOUTH	grid	180	440	15151.019	15151.214	0.195	151.02	-
MURRAY_MOUTH	grid	180	460	15150.542	15150.673	0.132	150.54	-
MURRAY_MOUTH	grid	180	480	15150.005	15150.138	0.133	150.01	-
MURRAY_MOUTH	grid	180	500	15149.406	15149.542	0.136	149.41	-
MURRAY_MOUTH	grid	200	-500	15146.803	15146.756	-0.047	146.80	-
MURRAY_MOUTH	grid	200	-480	15147.077	15147.021	-0.056	147.08	-
MURRAY_MOUTH	grid	200	-460	15147.344	15147.316	-0.028	147.34	-
MURRAY_MOUTH	grid	200	-440	15147.611	15147.579	-0.031	147.61	-
MURRAY_MOUTH	grid	200	-420	15147.865	15147.828	-0.037	147.87	-
MURRAY_MOUTH	grid	200	-400	15148.116	15148.104	-0.012	148.12	-
MURRAY_MOUTH	grid	200	-380	15148.363	15148.338	-0.025	148.36	-
MURRAY_MOUTH	grid	200	-360	15148.600	15148.566	-0.035	148.60	-
MURRAY_MOUTH	grid	200	-340	15148.830	15148.820	-0.010	148.83	-
MURRAY_MOUTH	grid	200	-320	15149.051	15149.019	-0.033	149.05	-
MURRAY_MOUTH	grid	200	-300	15149.263	15149.210	-0.052	149.26	-
MURRAY_MOUTH	grid	200	-280	15149.456	15149.431	-0.025	149.46	-
MURRAY_MOUTH	grid	200	-260	15149.628	15149.576	-0.051	149.63	-
MURRAY_MOUTH	grid	200	-240	15149.780	15149.702	-0.078	149.78	-
MURRAY_MOUTH	grid	200	-220	15149.905	15149.865	-0.040	149.90	-
MURRAY_MOUTH	grid	200	-200	15149.997	15149.930	-0.067	150.00	-
MURRAY_MOUTH	grid	200	-180	15150.055	15149.967	-0.088	150.05	-
MURRAY_MOUTH	grid	200	-160	15150.079	15150.033	-0.046	150.08	-
MURRAY_MOUTH	grid	200	-140	15150.062	15150.003	-0.059	150.06	-
MURRAY_MOUTH	grid	200	-120	15150.012	15149.945	-0.067	150.01	-
MURRAY_MOUTH	grid	200	-100	15149.931	15149.907	-0.024	149.93	-
MURRAY_MOUTH	grid	200	-80	15149.824	15149.777	-0.047	149.82	-
MURRAY_MOUTH	grid	200	-60	15149.697	15149.634	-0.064	149.70	-
MURRAY_MOUTH	grid	200	-40	15149.557	15149.517	-0.041	149.56	-
MURRAY_MOUTH	grid	200	-20	15149.413	15149.356	-0.057	149.41	-
MURRAY_MOUTH	grid	200	0	15149.273	15149.217	-0.056	149.27	-
MURRAY_MOUTH	grid	200	20	15149.146	15149.110	-0.036	149.15	-
MURRAY_MOUTH	grid	200	40	15149.042	15148.989	-0.053	149.04	-
MURRAY_MOUTH	grid	200	60	15148.969	15148.889	-0.080	148.97	-
MURRAY_MOUTH	grid	200	80	15148.930	15148.908	-0.022	148.93	-
MURRAY_MOUTH	grid	200	100	15148.930	15148.904	-0.026	148.93	-
MURRAY_MOUTH	grid	200	120	15148.964	15148.910	-0.054	148.96	-
MURRAY_MOUTH	grid	200	140	15149.045	15149.020	-0.025	149.04	-
MURRAY_MOUTH	grid	200	160	15149.160	15149.181	0.021	149.16	-
MURRAY_MOUTH	grid	200	180	15149.293	15149.325	0.032	149.29	-
MURRAY_MOUTH	grid	200	200	15149.466	15149.486	0.020	149.47	-
MURRAY_MOUTH	grid	200	220	15149.648	15149.640	-0.008	149.65	-
MURRAY_MOUTH	grid	200	240	15149.830	15149.868	0.038	149.83	-
MURRAY_MOUTH	grid	200	260	15150.021	15150.122	0.101	150.02	-
MURRAY_MOUTH	grid	200	280	15150.189	15150.155	-0.035	150.19	-
MURRAY_MOUTH	grid	200	300	15150.327	15150.346	0.019	150.33	-
MURRAY_MOUTH	grid	200	320	15150.443	15150.606	0.163	150.44	-
MURRAY_MOUTH	grid	200	340	15150.500	15150.579	0.079	150.50	-
MURRAY_MOUTH	grid	200	360	15150.495	15150.484	-0.011	150.50	-
MURRAY_MOUTH	grid	200	380	15150.432	15150.573	0.141	150.43	-
MURRAY_MOUTH	grid	200	400	15150.279	15150.363	0.084	150.28	-
MURRAY_MOUTH	grid	200	420	15150.044	15150.066	0.022	150.04	-
MURRAY_MOUTH	grid	200	440	15149.738	15149.804	0.066	149.74	-
MURRAY_MOUTH	grid	200	460	15149.350	15149.350	-0.001	149.35	-
MURRAY_MOUTH	grid	200	480	15148.904	15148.836	-0.067	148.90	-
MURRAY_MOUTH	grid	200	500	15148.417	15148.407	-0.010	148.42	-
MURRAY_MOUTH	grid	220	-500	15146.772	15146.759	-0.013	146.77	-
MURRAY_MOUTH	grid	220	-480	15147.051	15147.021	-0.029	147.05	-
MURRAY_MOUTH	grid	220	-460	15147.327	15147.310	-0.017	147.33	-
MURRAY_MOUTH	grid	220	-440	15147.597	15147.589	-0.008	147.60	-
MURRAY_MOUTH	grid	220	-420	15147.864	15147.837	-0.027	147.86	-
MURRAY_MOUTH	grid	220	-400	15148.122	15148.113	-0.009	148.12	-
MURRAY_MOUTH	grid	220	-380	15148.378	15148.373	-0.005	148.38	-
MURRAY_MOUTH	grid	220	-360	15148.627	15148.593	-0.034	148.63	-
MURRAY_MOUTH	grid	220	-340	15148.867	15148.847	-0.021	148.87	-
MURRAY_MOUTH	grid	220	-320	15149.096	15149.077	-0.019	149.10	-
MURRAY_MOUTH	grid	220	-300	15149.312	15149.262	-0.050	149.31	-
MURRAY_MOUTH	grid	220	-280	15149.513	15149.475	-0.038	149.51	-
MURRAY_MOUTH	grid	220	-260	15149.692	15149.660	-0.033	149.69	-
MURRAY_MOUTH	grid	220	-240	15149.849	15149.785	-0.064	149.85	-
MURRAY_MOUTH	grid	220	-220	15149.976	15149.937	-0.039	149.98	-
MURRAY_MOUTH	grid	220	-200	15150.071	15150.032	-0.039	150.07	-
MURRAY_MOUTH	grid	220	-180	15150.134	15150.049	-0.085	150.13	-
MURRAY_MOUTH	grid	220	-160	15150.156	15150.094	-0.062	150.16	-
MURRAY_MOUTH	grid	220	-140	15150.143	15150.081	-0.063	150.14	-
MURRAY_MOUTH	grid	220	-120	15150.101	15149.997	-0.104	150.10	-
MURRAY_MOUTH	grid	220	-100	15150.022	15149.946	-0.077	150.02	-
MURRAY_MOUTH	grid	220	-80	15149.914	15149.851	-0.063	149.91	-
MURRAY_MOUTH	grid	220	-60	15149.789	15149.699	-0.090	149.79	-
MURRAY_MOUTH	grid	220	-40	15149.649	15149.581	-0.067	149.65	-
MURRAY_MOUTH	grid	220	-20	15149.498	15149.446	-0.051	149.50	-
MURRAY_MOUTH	grid	220	0	15149.346	15149.285	-0.061	149.35	-
MURRAY_MOUTH	grid	220	20	15149.201	15149.156	-0.045	149.20	-
MURRAY_MOUTH	grid	220	40	15149.070	15149.050	-0.020	149.07	-
MURRAY_MOUTH	grid	220	60	15148.957	15148.941	-0.015	148.96	-
MURRAY_MOUTH	grid	220	80	15148.862	15148.859	-0.003	148.86	-
MURRAY_MOUTH	grid	220	100	15148.798	15148.801	0.003	148.80	-
MURRAY_MOUTH	grid	220	120	15148.762	15148.773	0.011	148.76	-
MURRAY_MOUTH	grid	220	140	15148.748	15148.771	0.023	148.75	-
MURRAY_MOUTH	grid	220	160	15148.764	15148.726	-0.038	148.76	-
MURRAY_MOUTH	grid	220	180	15148.805	15148.778	-0.026	148.80	-
MURRAY_MOUTH	grid	220	200	15148.862	15148.918	0.056	148.86	-
MURRAY_MOUTH	grid	220	220	15148.936	15148.974	0.037	148.94	-
MURRAY_MOUTH	grid	220	240	15149.020	15148.933	-0.087	149.02	-
MURRAY_MOUTH	grid	220	260	15149.109	15149.175	0.066	149.11	-
MURRAY_MOUTH	grid	220	280	15149.197	15149.296	0.100	149.20	-
MURRAY_MOUTH	grid	220	300	15149.265	15149.270	0.005	149.26	-
MURRAY_MOUTH	grid	220	320	15149.320	15149.320	-0.000	149.32	-
MURRAY_MOUTH	grid	220	340	15149.340	15149.405	0.065	149.34	-
MURRAY_MOUTH	grid	220	360	15149.313	15149.297	-0.016	149.31	-
MURRAY_MOUTH	grid	220	380	15149.245	15149.216	-0.030	149.25	-
MURRAY_MOUTH	grid	220	400	15149.117	15149.089	-0.028	149.12	-
MURRAY_MOUTH	grid	220	420	15148.916	15148.888	-0.028	148.92	-
MURRAY_MOUTH	grid	220	440	15148.666	15148.714	0.048	148.67	-
MURRAY_MOUTH	grid	220	460	15148.349	15148.461	0.112	148.35	-
MURRAY_MOUTH	grid	220	480	15147.976	15148.081	0.105	147.98	-
MURRAY_MOUTH	grid	220	500	15147.584	15147.711	0.127	147.58	-
MURRAY_MOUTH	grid	240	-500	15146.766	15146.773	0.007	146.77	-
MURRAY_MOUTH	grid	240	-480	15147.056	15147.038	-0.018	147.06	-
MURRAY_MOUTH	grid	240	-460	15147.339	15147.328	-0.012	147.34	-
MURRAY_MOUTH	grid	240	-440	15147.621	15147.631	0.010	147.62	-
MURRAY_MOUTH	grid	240	-420	15147.900	15147.877	-0.024	147.90	-
MURRAY_MOUTH	grid	240	-400	15148.171	15148.150	-0.021	148.17	-
MURRAY_MOUTH	grid	240	-380	15148.434	15148.437	0.003	148.43	-
MURRAY_MOUTH	grid	240	-360	15148.694	15148.658	-0.036	148.69	-
MURRAY_MOUTH	grid	240	-340	15148.938	15148.905	-0.033	148.94	-
MURRAY_MOUTH	grid	240	-320	15149.172	15149.162	-0.009	149.17	-
MURRAY_MOUTH	grid	240	-300	15149.392	15149.341	-0.051	149.39	-
MURRAY_MOUTH	grid	240	-280	15149.596	15149.545	-0.051	149.60	-
MURRAY_MOUTH	grid	240	-260	15149.774	15149.746	-0.029	149.77	-
MURRAY_MOUTH	grid	240	-240	15149.930	15149.839	-0.091	149.93	-
MURRAY_MOUTH	grid	240	-220	15150.055	15149.976	-0.078	150.05	-
MURRAY_MOUTH	grid	240	-200	15150.150	15150.105	-0.044	150.15	-
MURRAY_MOUTH	grid	240	-180	15150.210	15150.096	-0.114	150.21	-
MURRAY_MOUTH	grid	240	-160	15150.234	15150.135	-0.099	150.23	-
MURRAY_MOUTH	grid	240	-140	15150.222	15150.171	-0.052	150.22	-
MURRAY_MOUTH	grid	240	-120	15150.174	15150.077	-0.097	150.17	-
MURRAY_MOUTH	grid	240	-100	15150.099	15150.011	-0.088	150.10	-
MURRAY_MOUTH	grid	240	-80	15149.995	15149.957	-0.038	149.99	-
MURRAY_MOUTH	grid	240	-60	15149.866	15149.804	-0.062	149.87	-
MURRAY_MOUTH	grid	240	-40	15149.726	15149.679	-0.047	149.73	-
MURRAY_MOUTH	grid	240	-20	15149.573	15149.563	-0.009	149.57	-
MURRAY_MOUTH	grid	240	0	15149.416	15149.386	-0.029	149.42	-
MURRAY_MOUTH	grid	240	20	15149.260	15149.230	-0.030	149.26	-
MURRAY_MOUTH	grid	240	40	15149.108	15149.083	-0.025	149.11	-
MURRAY_MOUTH	grid	240	60	15148.967	15148.925	-0.042	148.97	-
MURRAY_MOUTH	grid	240	80	15148.839	15148.815	-0.025	148.84	-
MURRAY_MOUTH	grid	240	100	15148.727	15148.711	-0.015	148.73	-
MURRAY_MOUTH	grid	240	120	15148.633	15148.558	-0.075	148.63	-
MURRAY_MOUTH	grid	240	140	15148.555	15148.535	-0.020	148.56	-
MURRAY_MOUTH	grid	240	160	15148.502	15148.528	0.026	148.50	-
MURRAY_MOUTH	grid	240	180	15148.465	15148.432	-0.032	148.46	-
MURRAY_MOUTH	grid	240	200	15148.439	15148.378	-0.061	148.44	-
MURRAY_MOUTH	grid	240	220	15148.434	15148.495	0.061	148.43	-
MURRAY_MOUTH	grid	240	240	15148.437	15148.454	0.017	148.44	-
MURRAY_MOUTH	grid	240	260	15148.441	15148.440	-0.001	148.44	-
MURRAY_MOUTH	grid	240	280	15148.459	15148.465	0.006	148.46	-
MURRAY_MOUTH	grid	240	300	15148.471	15148.469	-0.002	148.47	-
MURRAY_MOUTH	grid	240	320	15148.463	15148.507	0.044	148.46	-
MURRAY_MOUTH	grid	240	340	15148.450	15148.515	0.065	148.45	-
MURRAY_MOUTH	grid	240	360	15148.404	15148.410	0.006	148.40	-
MURRAY_MOUTH	grid	240	380	15148.317	15148.397	0.079	148.32	-
MURRAY_MOUTH	grid	240	400	15148.200	15148.348	0.148	148.20	-
MURRAY_MOUTH	grid	240	420	15148.029	15148.090	0.061	148.03	-
MURRAY_MOUTH	grid	240	440	15147.806	15147.902	0.096	147.81	-
MURRAY_MOUTH	grid	240	460	15147.549	15147.710	0.160	147.55	-
MURRAY_MOUTH	grid	240	480	15147.246	15147.362	0.116	147.25	-
MURRAY_MOUTH	grid	240	500	15146.921	15147.041	0.120	146.92	-
MURRAY_MOUTH	grid	260	-500	15146.795	15146.802	0.007	146.80	-
MURRAY_MOUTH	grid	260	-480	15147.097	15147.078	-0.019	147.10	-
MURRAY_MOUTH	grid	260	-460	15147.397	15147.369	-0.028	147.40	-
MURRAY_MOUTH	grid	260	-440	15147.690	15147.688	-0.002	147.69	-
MURRAY_MOUTH	grid	260	-420	15147.981	15147.946	-0.035	147.98	-
MURRAY_MOUTH	grid	260	-400	15148.262	15148.224	-0.038	148.26	-
MURRAY_MOUTH	grid	260	-380	15148.534	15148.530	-0.004	148.53	-
MURRAY_MOUTH	grid	260	-360	15148.797	15148.747	-0.050	148.80	-
MURRAY_MOUTH	grid	260	-340	15149.046	15148.994	-0.053	149.05	-
MURRAY_MOUTH	grid	260	-320	15149.280	15149.268	-0.013	149.28	-
MURRAY_MOUTH	grid	260	-300	15149.499	15149.424	-0.075	149.50	-
MURRAY_MOUTH	grid	260	-280	15149.698	15149.615	-0.083	149.70	-
MURRAY_MOUTH	grid	260	-260	15149.872	15149.846	-0.026	149.87	-
MURRAY_MOUTH	grid	260	-240	15150.024	15149.938	-0.086	150.02	-
MURRAY_MOUTH	grid	260	-220	15150.147	15150.039	-0.108	150.15	-
MURRAY_MOUTH	grid	260	-200	15150.234	15150.200	-0.034	150.23	-
MURRAY_MOUTH	grid	260	-180	15150.287	15150.207	-0.080	150.29	-
MURRAY_MOUTH	grid	260	-160	15150.308	15150.225	-0.083	150.31	-
MURRAY_MOUTH	grid	260	-140	15150.292	15150.274	-0.018	150.29	-
MURRAY_MOUTH	grid	260	-120	15150.244	15150.194	-0.050	150.24	-
MURRAY_MOUTH	grid	260	-100	15150.164	15150.104	-0.060	150.16	-
MURRAY_MOUTH	grid	260	-80	15150.062	15150.039	-0.022	150.06	-
MURRAY_MOUTH	grid	260	-60	15149.935	15149.873	-0.062	149.93	-
MURRAY_MOUTH	grid	260	-40	15149.792	15149.726	-0.066	149.79	-
MURRAY_MOUTH	grid	260	-20	15149.642	15149.606	-0.037	149.64	-
MURRAY_MOUTH	grid	260	0	15149.480	15149.418	-0.063	149.48	-
MURRAY_MOUTH	grid	260	20	15149.319	15149.258	-0.061	149.32	-
MURRAY_MOUTH	grid	260	40	15149.157	15149.128	-0.028	149.16	-
MURRAY_MOUTH	grid	260	60	15148.999	15148.946	-0.053	149.00	-
MURRAY_MOUTH	grid	260	80	15148.846	15148.786	-0.060	148.85	-
MURRAY_MOUTH	grid	260	100	15148.702	15148.700	-0.002	148.70	-
MURRAY_MOUTH	grid	260	120	15148.574	15148.552	-0.022	148.57	-
MURRAY_MOUTH	grid	260	140	15148.455	15148.426	-0.029	148.45	-
MURRAY_MOUTH	grid	260	160	15148.345	15148.350	0.005	148.35	-
MURRAY_MOUTH	grid	260	180	15148.254	15148.262	0.008	148.25	-
MURRAY_MOUTH	grid	260	200	15148.174	15148.187	0.013	148.17	-
MURRAY_MOUTH	grid	260	220	15148.103	15148.139	0.037	148.10	-
MURRAY_MOUTH	grid	260	240	15148.046	15148.037	-0.009	148.05	-
MURRAY_MOUTH	grid	260	260	15147.995	15148.034	0.040	147.99	-
MURRAY_MOUTH	grid	260	280	15147.951	15148.059	0.107	147.95	-
MURRAY_MOUTH	grid	260	300	15147.914	15147.915	0.001	147.91	-
MURRAY_MOUTH	grid	260	320	15147.865	15147.896	0.031	147.87	-
MURRAY_MOUTH	grid	260	340	15147.809	15147.961	0.152	147.81	-
MURRAY_MOUTH	grid	260	360	15147.738	15147.797	0.059	147.74	-
MURRAY_MOUTH	grid	260	380	15147.639	15147.644	0.005	147.64	-
MURRAY_MOUTH	grid	260	400	15147.515	15147.641	0.126	147.51	-
MURRAY_MOUTH	grid	260	420	15147.358	15147.401	0.043	147.36	-
MURRAY_MOUTH	grid	260	440	15147.163	15147.169	0.006	147.16	-
MURRAY_MOUTH	grid	260	460	15146.945	15146.970	0.025	146.94	-
MURRAY_MOUTH	grid	260	480	15146.700	15146.662	-0.038	146.70	-
MURRAY_MOUTH	grid	260	500	15146.431	15146.436	0.005	146.43	-
MURRAY_MOUTH	grid	280	-500	15146.867	15146.857	-0.009	146.87	-
MURRAY_MOUTH	grid	280	-480	15147.182	15147.168	-0.014	147.18	-
MURRAY_MOUTH	grid	280	-460	15147.495	15147.470	-0.025	147.50	-
MURRAY_MOUTH	grid	280	-440	15147.804	15147.799	-0.006	147.80	-
MURRAY_MOUTH	grid	280	-420	15148.103	15148.079	-0.024	148.10	-
MURRAY_MOUTH	grid	280	-400	15148.394	15148.349	-0.045	148.39	-
MURRAY_MOUTH	grid	280	-380	15148.672	15148.655	-0.018	148.67	-
MURRAY_MOUTH	grid	280	-360	15148.935	15148.897	-0.038	148.94	-
MURRAY_MOUTH	grid	280	-340	15149.184	15149.115	-0.068	149.18	-
MURRAY_MOUTH	grid	280	-320	15149.417	15149.382	-0.034	149.42	-
MURRAY_MOUTH	grid	280	-300	15149.627	15149.580	-0.047	149.63	-
MURRAY_MOUTH	grid	280	-280	15149.820	15149.748	-0.072	149.82	-
MURRAY_MOUTH	grid	280	-260	15149.986	15149.943	-0.042	149.99	-
MURRAY_MOUTH	grid	280	-240	15150.127	15150.082	-0.045	150.13	-
MURRAY_MOUTH	grid	280	-220	15150.237	15150.180	-0.057	150.24	-
MURRAY_MOUTH	grid	280	-200	15150.316	15150.281	-0.036	150.32	-
MURRAY_MOUTH	grid	280	-180	15150.365	15150.287	-0.078	150.36	-
MURRAY_MOUTH	grid	280	-160	15150.373	15150.276	-0.096	150.37	-
MURRAY_MOUTH	grid	280	-140	15150.352	15150.293	-0.059	150.35	-
MURRAY_MOUTH	grid	280	-120	15150.300	15150.217	-0.083	150.30	-
MURRAY_MOUTH	grid	280	-100	15150.219	15150.118	-0.101	150.22	-
MURRAY_MOUTH	grid	280	-80	15150.114	15150.053	-0.060	150.11	-
MURRAY_MOUTH	grid	280	-60	15149.992	15149.922	-0.070	149.99	-
MURRAY_MOUTH	grid	280	-40	15149.851	15149.772	-0.078	149.85	-
MURRAY_MOUTH	grid	280	-20	15149.699	15149.652	-0.047	149.70	-
MURRAY_MOUTH	grid	280	0	15149.539	15149.490	-0.049	149.54	-
MURRAY_MOUTH	grid	280	20	15149.375	15149.323	-0.052	149.37	-
MURRAY_MOUTH	grid	280	40	15149.208	15149.183	-0.025	149.21	-
MURRAY_MOUTH	grid	280	60	15149.044	15149.023	-0.021	149.04	-
MURRAY_MOUTH	grid	280	80	15148.881	15148.861	-0.021	148.88	-
MURRAY_MOUTH	grid	280	100	15148.723	15148.713	-0.009	148.72	-
MURRAY_MOUTH	grid	280	120	15148.567	15148.545	-0.022	148.57	-
MURRAY_MOUTH	grid	280	140	15148.422	15148.406	-0.016	148.42	-
MURRAY_MOUTH	grid	280	160	15148.281	15148.293	0.012	148.28	-
MURRAY_MOUTH	grid	280	180	15148.154	15148.132	-0.021	148.15	-
MURRAY_MOUTH	grid	280	200	15148.033	15148.015	-0.019	148.03	-
MURRAY_MOUTH	grid	280	220	15147.919	15147.967	0.048	147.92	-
MURRAY_MOUTH	grid	280	240	15147.820	15147.844	0.023	147.82	-
MURRAY_MOUTH	grid	280	260	15147.727	15147.700	-0.027	147.73	-
MURRAY_MOUTH	grid	280	280	15147.637	15147.693	0.057	147.64	-
MURRAY_MOUTH	grid	280	300	15147.556	15147.604	0.048	147.56	-
MURRAY_MOUTH	grid	280	320	15147.472	15147.477	0.005	147.47	-
MURRAY_MOUTH	grid	280	340	15147.381	15147.377	-0.004	147.38	-
MURRAY_MOUTH	grid	280	360	15147.287	15147.285	-0.002	147.29	-
MURRAY_MOUTH	grid	280	380	15147.176	15147.150	-0.026	147.18	-
MURRAY_MOUTH	grid	280	400	15147.038	15147.067	0.029	147.04	-
MURRAY_MOUTH	grid	280	420	15146.892	15146.906	0.014	146.89	-
MURRAY_MOUTH	grid	280	440	15146.720	15146.745	0.024	146.72	-
MURRAY_MOUTH	grid	280	460	15146.526	15146.610	0.084	146.53	-
MURRAY_MOUTH	grid	280	480	15146.323	15146.430	0.107	146.32	-
MURRAY_MOUTH	grid	280	500	15146.112	15146.224	0.112	146.11	-
MURRAY_MOUTH	grid	300	-500	15146.982	15146.982	0.000	146.98	-
MURRAY_MOUTH	grid	300	-480	15147.314	15147.316	0.002	147.31	-
MURRAY_MOUTH	grid	300	-460	15147.641	15147.618	-0.023	147.64	-
MURRAY_MOUTH	grid	300	-440	15147.962	15147.946	-0.016	147.96	-
MURRAY_MOUTH	grid	300	-420	15148.271	15148.257	-0.014	148.27	-
MURRAY_MOUTH	grid	300	-400	15148.566	15148.519	-0.047	148.57	-
MURRAY_MOUTH	grid	300	-380	15148.845	15148.808	-0.037	148.85	-
MURRAY_MOUTH	grid	300	-360	15149.107	15149.085	-0.021	149.11	-
MURRAY_MOUTH	grid	300	-340	15149.348	15149.303	-0.045	149.35	-
MURRAY_MOUTH	grid	300	-320	15149.574	15149.542	-0.032	149.57	-
MURRAY_MOUTH	grid	300	-300	15149.776	15149.730	-0.047	149.78	-
MURRAY_MOUTH	grid	300	-280	15149.955	15149.872	-0.083	149.95	-
MURRAY_MOUTH	grid	300	-260	15150.110	15150.042	-0.068	150.11	-
MURRAY_MOUTH	grid	300	-240	15150.235	15150.160	-0.075	150.24	-
MURRAY_MOUTH	grid	300	-220	15150.332	15150.206	-0.127	150.33	-
MURRAY_MOUTH	grid	300	-200	15150.396	15150.306	-0.090	150.40	-
MURRAY_MOUTH	grid	300	-180	15150.431	15150.354	-0.077	150.43	-
MURRAY_MOUTH	grid	300	-160	15150.434	15150.309	-0.125	150.43	-
MURRAY_MOUTH	grid	300	-140	15150.404	15150.314	-0.090	150.40	-
MURRAY_MOUTH	grid	300	-120	15150.349	15150.284	-0.064	150.35	-
MURRAY_MOUTH	grid	300	-100	15150.262	15150.176	-0.085	150.26	-
MURRAY_MOUTH	grid	300	-80	15150.157	15150.095	-0.062	150.16	-
MURRAY_MOUTH	grid	300	-60	15150.033	15149.999	-0.034	150.03	-
MURRAY_MOUTH	grid	300	-40	15149.895	15149.849	-0.046	149.90	-
MURRAY_MOUTH	grid	300	-20	15149.748	15149.720	-0.028	149.75	-
MURRAY_MOUTH	grid	300	0	15149.595	15149.569	-0.026	149.59	-
MURRAY_MOUTH	grid	300	20	15149.431	15149.387	-0.044	149.43	-
MURRAY_MOUTH	grid	300	40	15149.268	15149.232	-0.036	149.27	-
MURRAY_MOUTH	grid	300	60	15149.102	15149.069	-0.032	149.10	-
MURRAY_MOUTH	grid	300	80	15148.934	15148.890	-0.044	148.93	-
MURRAY_MOUTH	grid	300	100	15148.768	15148.742	-0.026	148.77	-
MURRAY_MOUTH	grid	300	120	15148.605	15148.584	-0.021	148.60	-
MURRAY_MOUTH	grid	300	140	15148.446	15148.401	-0.045	148.45	-
MURRAY_MOUTH	grid	300	160	15148.288	15148.274	-0.014	148.29	-
MURRAY_MOUTH	grid	300	180	15148.136	15148.142	0.006	148.14	-
MURRAY_MOUTH	grid	300	200	15147.993	15147.973	-0.020	147.99	-
MURRAY_MOUTH	grid	300	220	15147.853	15147.830	-0.023	147.85	-
MURRAY_MOUTH	grid	300	240	15147.722	15147.737	0.015	147.72	-
MURRAY_MOUTH	grid	300	260	15147.599	15147.594	-0.005	147.60	-
MURRAY_MOUTH	grid	300	280	15147.479	15147.481	0.003	147.48	-
MURRAY_MOUTH	grid	300	300	15147.363	15147.354	-0.010	147.36	-
MURRAY_MOUTH	grid	300	320	15147.255	15147.248	-0.007	147.26	-
MURRAY_MOUTH	grid	300	340	15147.137	15147.170	0.032	147.14	-
MURRAY_MOUTH	grid	300	360	15147.017	15147.050	0.032	147.02	-
MURRAY_MOUTH	grid	300	380	15146.891	15146.887	-0.004	146.89	-
MURRAY_MOUTH	grid	300	400	15146.750	15146.804	0.055	146.75	-
MURRAY_MOUTH	grid	300	420	15146.599	15146.681	0.081	146.60	-
MURRAY_MOUTH	grid	300	440	15146.441	15146.484	0.043	146.44	-
MURRAY_MOUTH	grid	300	460	15146.270	15146.334	0.064	146.27	-
MURRAY_MOUTH	grid	300	480	15146.100	15146.183	0.083	146.10	-
MURRAY_MOUTH	grid	300	500	15145.932	15145.994	0.061	145.93	-
MURRAY_MOUTH	grid	320	-500	15147.137	15147.130	-0.008	147.14	-
MURRAY_MOUTH	grid	320	-480	15147.490	15147.492	0.002	147.49	-
MURRAY_MOUTH	grid	320	-460	15147.831	15147.793	-0.038	147.83	-
MURRAY_MOUTH	grid	320	-440	15148.156	15148.121	-0.035	148.16	-
MURRAY_MOUTH	grid	320	-420	15148.471	15148.457	-0.014	148.47	-
MURRAY_MOUTH	grid	320	-400	15148.766	15148.708	-0.058	148.77	-
MURRAY_MOUTH	grid	320	-380	15149.043	15148.986	-0.058	149.04	-
MURRAY_MOUTH	grid	320	-360	15149.301	15149.268	-0.033	149.30	-
MURRAY_MOUTH	grid	320	-340	15149.535	15149.432	-0.103	149.53	-
MURRAY_MOUTH	grid	320	-320	15149.744	15149.658	-0.087	149.74	-
MURRAY_MOUTH	grid	320	-300	15149.933	15149.886	-0.048	149.93	-
MURRAY_MOUTH	grid	320	-280	15150.097	15149.976	-0.121	150.10	-
MURRAY_MOUTH	grid	320	-260	15150.234	15150.122	-0.112	150.23	-
MURRAY_MOUTH	grid	320	-240	15150.341	15150.291	-0.051	150.34	-
MURRAY_MOUTH	grid	320	-220	15150.421	15150.316	-0.104	150.42	-
MURRAY_MOUTH	grid	320	-200	15150.472	15150.369	-0.103	150.47	-
MURRAY_MOUTH	grid	320	-180	15150.493	15150.458	-0.035	150.49	-
MURRAY_MOUTH	grid	320	-160	15150.485	15150.413	-0.072	150.48	-
MURRAY_MOUTH	grid	320	-140	15150.445	15150.394	-0.050	150.44	-
MURRAY_MOUTH	grid	320	-120	15150.382	15150.366	-0.016	150.38	-
MURRAY_MOUTH	grid	320	-100	15150.295	15150.234	-0.062	150.30	-
MURRAY_MOUTH	grid	320	-80	15150.191	15150.128	-0.062	150.19	-
MURRAY_MOUTH	grid	320	-60	15150.064	15150.033	-0.031	150.06	-
MURRAY_MOUTH	grid	320	-40	15149.933	15149.872	-0.060	149.93	-
MURRAY_MOUTH	grid	320	-20	15149.789	15149.732	-0.057	149.79	-
MURRAY_MOUTH	grid	320	0	15149.639	15149.605	-0.035	149.64	-
MURRAY_MOUTH	grid	320	20	15149.485	15149.432	-0.054	149.49	-
MURRAY_MOUTH	grid	320	40	15149.327	15149.281	-0.046	149.33	-
MURRAY_MOUTH	grid	320	60	15149.164	15149.140	-0.024	149.16	-
MURRAY_MOUTH	grid	320	80	15149.002	15148.956	-0.046	149.00	-
MURRAY_MOUTH	grid	320	100	15148.838	15148.800	-0.038	148.84	-
MURRAY_MOUTH	grid	320	120	15148.670	15148.663	-0.007	148.67	-
MURRAY_MOUTH	grid	320	140	15148.505	15148.480	-0.026	148.51	-
MURRAY_MOUTH	grid	320	160	15148.347	15148.323	-0.023	148.35	-
MURRAY_MOUTH	grid	320	180	15148.185	15148.177	-0.008	148.18	-
MURRAY_MOUTH	grid	320	200	15148.028	15148.006	-0.022	148.03	-
MURRAY_MOUTH	grid	320	220	15147.874	15147.863	-0.012	147.87	-
MURRAY_MOUTH	grid	320	240	15147.726	15147.730	0.004	147.73	-
MURRAY_MOUTH	grid	320	260	15147.582	15147.550	-0.032	147.58	-
MURRAY_MOUTH	grid	320	280	15147.443	15147.441	-0.002	147.44	-
MURRAY_MOUTH	grid	320	300	15147.302	15147.338	0.036	147.30	-
MURRAY_MOUTH	grid	320	320	15147.166	15147.148	-0.018	147.17	-
MURRAY_MOUTH	grid	320	340	15147.034	15147.025	-0.009	147.03	-
MURRAY_MOUTH	grid	320	360	15146.894	15146.949	0.055	146.89	-
MURRAY_MOUTH	grid	320	380	15146.752	15146.758	0.005	146.75	-
MURRAY_MOUTH	grid	320	400	15146.605	15146.594	-0.011	146.60	-
MURRAY_MOUTH	grid	320	420	15146.450	15146.490	0.040	146.45	-
MURRAY_MOUTH	grid	320	440	15146.300	15146.293	-0.007	146.30	-
MURRAY_MOUTH	grid	320	460	15146.148	15146.124	-0.024	146.15	-
MURRAY_MOUTH	grid	320	480	15145.996	15146.014	0.019	146.00	-
MURRAY_MOUTH	grid	320	500	15145.863	15145.885	0.022	145.86	-
MURRAY_MOUTH	grid	340	-500	15147.336	15147.297	-0.040	147.34	-
MURRAY_MOUTH	grid	340	-480	15147.700	15147.687	-0.013	147.70	-
MURRAY_MOUTH	grid	340	-460	15148.051	15147.989	-0.062	148.05	-
MURRAY_MOUTH	grid	340	-440	15148.383	15148.316	-0.067	148.38	-
MURRAY_MOUTH	grid	340	-420	15148.700	15148.669	-0.031	148.70	-
MURRAY_MOUTH	grid	340	-400	15148.991	15148.905	-0.086	148.99	-
MURRAY_MOUTH	grid	340	-380	15149.262	15149.160	-0.102	149.26	-
MURRAY_MOUTH	grid	340	-360	15149.507	15149.465	-0.042	149.51	-
MURRAY_MOUTH	grid	340	-340	15149.727	15149.639	-0.088	149.73	-
MURRAY_MOUTH	grid	340	-320	15149.925	15149.816	-0.109	149.93	-
MURRAY_MOUTH	grid	340	-300	15150.094	15150.053	-0.041	150.09	-
MURRAY_MOUTH	grid	340	-280	15150.237	15150.167	-0.070	150.24	-
MURRAY_MOUTH	grid	340	-260	15150.354	15150.284	-0.070	150.35	-
MURRAY_MOUTH	grid	340	-240	15150.444	15150.429	-0.015	150.44	-
MURRAY_MOUTH	grid	340	-220	15150.503	15150.448	-0.055	150.50	-
MURRAY_MOUTH	grid	340	-200	15150.538	15150.463	-0.074	150.54	-
MURRAY_MOUTH	grid	340	-180	15150.543	15150.505	-0.038	150.54	-
MURRAY_MOUTH	grid	340	-160	15150.521	15150.426	-0.094	150.52	-
MURRAY_MOUTH	grid	340	-140	15150.472	15150.376	-0.096	150.47	-
MURRAY_MOUTH	grid	340	-120	15150.401	15150.353	-0.048	150.40	-
MURRAY_MOUTH	grid	340	-100	15150.311	15150.231	-0.080	150.31	-
MURRAY_MOUTH	grid	340	-80	15150.206	15150.123	-0.083	150.21	-
MURRAY_MOUTH	grid	340	-60	15150.087	15150.044	-0.042	150.09	-
MURRAY_MOUTH	grid	340	-40	15149.957	15149.898	-0.059	149.96	-
MURRAY_MOUTH	grid	340	-20	15149.821	15149.767	-0.054	149.82	-
MURRAY_MOUTH	grid	340	0	15149.680	15149.656	-0.024	149.68	-
MURRAY_MOUTH	grid	340	20	15149.533	15149.493	-0.041	149.53	-
MURRAY_MOUTH	grid	340	40	15149.386	15149.347	-0.040	149.39	-
MURRAY_MOUTH	grid	340	60	15149.233	15149.228	-0.005	149.23	-
MURRAY_MOUTH	grid	340	80	15149.079	15149.047	-0.032	149.08	-
MURRAY_MOUTH	grid	340	100	15148.920	15148.883	-0.037	148.92	-
MURRAY_MOUTH	grid	340	120	15148.761	15148.746	-0.015	148.76	-
MURRAY_MOUTH	grid	340	140	15148.601	15148.565	-0.036	148.60	-
MURRAY_MOUTH	grid	340	160	15148.437	15148.403	-0.034	148.44	-
MURRAY_MOUTH	grid	340	180	15148.276	15148.268	-0.008	148.28	-
MURRAY_MOUTH	grid	340	200	15148.116	15148.079	-0.036	148.12	-
MURRAY_MOUTH	grid	340	220	15147.957	15147.919	-0.038	147.96	-
MURRAY_MOUTH	grid	340	240	15147.798	15147.802	0.004	147.80	-
MURRAY_MOUTH	grid	340	260	15147.640	15147.619	-0.021	147.64	-
MURRAY_MOUTH	grid	340	280	15147.487	15147.451	-0.036	147.49	-
MURRAY_MOUTH	grid	340	300	15147.334	15147.345	0.011	147.33	-
MURRAY_MOUTH	grid	340	320	15147.179	15147.170	-0.009	147.18	-
MURRAY_MOUTH	grid	340	340	15147.027	15147.007	-0.020	147.03	-
MURRAY_MOUTH	grid	340	360	15146.873	15146.869	-0.004	146.87	-
MURRAY_MOUTH	grid	340	380	15146.714	15146.693	-0.022	146.71	-
MURRAY_MOUTH	grid	340	400	15146.560	15146.537	-0.024	146.56	-
MURRAY_MOUTH	grid	340	420	15146.406	15146.407	0.001	146.41	-
MURRAY_MOUTH	grid	340	440	15146.254	15146.261	0.007	146.25	-
MURRAY_MOUTH	grid	340	460	15146.115	15146.123	0.008	146.12	-
MURRAY_MOUTH	grid	340	480	15145.987	15146.013	0.026	145.99	-
MURRAY_MOUTH	grid	340	500	15145.877	15145.933	0.056	145.88	-
MURRAY_MOUTH	grid	360	-500	15147.568	15147.516	-0.053	147.57	-
MURRAY_MOUTH	grid	360	-480	15147.939	15147.906	-0.032	147.94	-
MURRAY_MOUTH	grid	360	-460	15148.294	15148.240	-0.054	148.29	-
MURRAY_MOUTH	grid	360	-440	15148.629	15148.546	-0.083	148.63	-
MURRAY_MOUTH	grid	360	-420	15148.938	15148.889	-0.049	148.94	-
MURRAY_MOUTH	grid	360	-400	15149.227	15149.168	-0.059	149.23	-
MURRAY_MOUTH	grid	360	-380	15149.485	15149.407	-0.078	149.49	-
MURRAY_MOUTH	grid	360	-360	15149.716	15149.674	-0.042	149.72	-
MURRAY_MOUTH	grid	360	-340	15149.922	15149.887	-0.035	149.92	-
MURRAY_MOUTH	grid	360	-320	15150.096	15150.032	-0.064	150.10	-
MURRAY_MOUTH	grid	360	-300	15150.247	15150.198	-0.049	150.25	-
MURRAY_MOUTH	grid	360	-280	15150.366	15150.273	-0.093	150.37	-
MURRAY_MOUTH	grid	360	-260	15150.464	15150.351	-0.113	150.46	-
MURRAY_MOUTH	grid	360	-240	15150.534	15150.456	-0.078	150.53	-
MURRAY_MOUTH	grid	360	-220	15150.576	15150.470	-0.106	150.58	-
MURRAY_MOUTH	grid	360	-200	15150.589	15150.455	-0.134	150.59	-
MURRAY_MOUTH	grid	360	-180	15150.580	15150.497	-0.083	150.58	-
MURRAY_MOUTH	grid	360	-160	15150.543	15150.457	-0.086	150.54	-
MURRAY_MOUTH	grid	360	-140	15150.485	15150.381	-0.104	150.49	-
MURRAY_MOUTH	grid	360	-120	15150.410	15150.346	-0.064	150.41	-
MURRAY_MOUTH	grid	360	-100	15150.315	15150.261	-0.054	150.32	-
MURRAY_MOUTH	grid	360	-80	15150.208	15150.151	-0.058	150.21	-
MURRAY_MOUTH	grid	360	-60	15150.095	15150.067	-0.028	150.10	-
MURRAY_MOUTH	grid	360	-40	15149.972	15149.947	-0.024	149.97	-
MURRAY_MOUTH	grid	360	-20	15149.843	15149.804	-0.039	149.84	-
MURRAY_MOUTH	grid	360	0	15149.715	15149.686	-0.029	149.71	-
MURRAY_MOUTH	grid	360	20	15149.579	15149.551	-0.027	149.58	-
MURRAY_MOUTH	grid	360	40	15149.442	15149.396	-0.047	149.44	-
MURRAY_MOUTH	grid	360	60	15149.303	15149.267	-0.036	149.30	-
MURRAY_MOUTH	grid	360	80	15149.158	15149.119	-0.039	149.16	-
MURRAY_MOUTH	grid	360	100	15149.012	15148.967	-0.045	149.01	-
MURRAY_MOUTH	grid	360	120	15148.862	15148.830	-0.032	148.86	-
MURRAY_MOUTH	grid	360	140	15148.709	15148.670	-0.039	148.71	-
MURRAY_MOUTH	grid	360	160	15148.552	15148.508	-0.045	148.55	-
MURRAY_MOUTH	grid	360	180	15148.395	15148.373	-0.022	148.39	-
MURRAY_MOUTH	grid	360	200	15148.235	15148.208	-0.027	148.23	-
MURRAY_MOUTH	grid	360	220	15148.074	15148.036	-0.038	148.07	-
MURRAY_MOUTH	grid	360	240	15147.910	15147.892	-0.018	147.91	-
MURRAY_MOUTH	grid	360	260	15147.745	15147.726	-0.019	147.74	-
MURRAY_MOUTH	grid	360	280	15147.582	15147.542	-0.040	147.58	-
MURRAY_MOUTH	grid	360	300	15147.416	15147.386	-0.030	147.42	-
MURRAY_MOUTH	grid	360	320	15147.247	15147.193	-0.054	147.25	-
MURRAY_MOUTH	grid	360	340	15147.079	15147.019	-0.060	147.08	-
MURRAY_MOUTH	grid	360	360	15146.909	15146.874	-0.035	146.91	-
MURRAY_MOUTH	grid	360	380	15146.740	15146.703	-0.037	146.74	-
MURRAY_MOUTH	grid	360	400	15146.576	15146.529	-0.046	146.58	-
MURRAY_MOUTH	grid	360	420	15146.417	15146.400	-0.017	146.42	-
MURRAY_MOUTH	grid	360	440	15146.269	15146.267	-0.001	146.27	-
MURRAY_MOUTH	grid	360	460	15146.138	15146.142	0.003	146.14	-
MURRAY_MOUTH	grid	360	480	15146.025	15146.039	0.014	146.02	-
MURRAY_MOUTH	grid	360	500	15145.943	15145.958	0.015	145.94	-
MURRAY_MOUTH	grid	380	-500	15147.819	15147.763	-0.055	147.82	-
MURRAY_MOUTH	grid	380	-480	15148.195	15148.153	-0.042	148.20	-
MURRAY_MOUTH	grid	380	-460	15148.547	15148.522	-0.026	148.55	-
MURRAY_MOUTH	grid	380	-440	15148.879	15148.827	-0.053	148.88	-
MURRAY_MOUTH	grid	380	-420	15149.184	15149.131	-0.053	149.18	-
MURRAY_MOUTH	grid	380	-400	15149.456	15149.392	-0.064	149.46	-
MURRAY_MOUTH	grid	380	-380	15149.701	15149.595	-0.107	149.70	-
MURRAY_MOUTH	grid	380	-360	15149.917	15149.827	-0.090	149.92	-
MURRAY_MOUTH	grid	380	-340	15150.102	15150.014	-0.088	150.10	-
MURRAY_MOUTH	grid	380	-320	15150.258	15150.110	-0.148	150.26	-
MURRAY_MOUTH	grid	380	-300	15150.388	15150.276	-0.112	150.39	-
MURRAY_MOUTH	grid	380	-280	15150.487	15150.398	-0.089	150.49	-
MURRAY_MOUTH	grid	380	-260	15150.559	15150.422	-0.137	150.56	-
MURRAY_MOUTH	grid	380	-240	15150.608	15150.497	-0.110	150.61	-
MURRAY_MOUTH	grid	380	-220	15150.631	15150.560	-0.071	150.63	-
MURRAY_MOUTH	grid	380	-200	15150.625	15150.531	-0.094	150.63	-
MURRAY_MOUTH	grid	380	-180	15150.598	15150.529	-0.069	150.60	-
MURRAY_MOUTH	grid	380	-160	15150.553	15150.520	-0.033	150.55	-
MURRAY_MOUTH	grid	380	-140	15150.483	15150.441	-0.042	150.48	-
MURRAY_MOUTH	grid	380	-120	15150.402	15150.362	-0.041	150.40	-
MURRAY_MOUTH	grid	380	-100	15150.306	15150.273	-0.032	150.31	-
MURRAY_MOUTH	grid	380	-80	15150.201	15150.143	-0.058	150.20	-
MURRAY_MOUTH	grid	380	-60	15150.090	15150.039	-0.052	150.09	-
MURRAY_MOUTH	grid	380	-40	15149.976	15149.935	-0.041	149.98	-
MURRAY_MOUTH	grid	380	-20	15149.855	15149.810	-0.045	149.86	-
MURRAY_MOUTH	grid	380	0	15149.738	15149.692	-0.046	149.74	-
MURRAY_MOUTH	grid	380	20	15149.615	15149.577	-0.038	149.61	-
MURRAY_MOUTH	grid	380	40	15149.492	15149.446	-0.046	149.49	-
MURRAY_MOUTH	grid	380	60	15149.368	15149.331	-0.037	149.37	-
MURRAY_MOUTH	grid	380	80	15149.237	15149.203	-0.034	149.24	-
MURRAY_MOUTH	grid	380	100	15149.101	15149.055	-0.046	149.10	-
MURRAY_MOUTH	grid	380	120	15148.963	15148.935	-0.027	148.96	-
MURRAY_MOUTH	grid	380	140	15148.821	15148.802	-0.019	148.82	-
MURRAY_MOUTH	grid	380	160	15148.674	15148.635	-0.039	148.67	-
MURRAY_MOUTH	grid	380	180	15148.522	15148.485	-0.038	148.52	-
MURRAY_MOUTH	grid	380	200	15148.364	15148.326	-0.038	148.36	-
MURRAY_MOUTH	grid	380	220	15148.206	15148.137	-0.069	148.21	-
MURRAY_MOUTH	grid	380	240	15148.037	15147.977	-0.060	148.04	-
MURRAY_MOUTH	grid	380	260	15147.866	15147.806	-0.060	147.87	-
MURRAY_MOUTH	grid	380	280	15147.692	15147.601	-0.092	147.69	-
MURRAY_MOUTH	grid	380	300	15147.515	15147.444	-0.070	147.51	-
MURRAY_MOUTH	grid	380	320	15147.334	15147.279	-0.055	147.33	-
MURRAY_MOUTH	grid	380	340	15147.149	15147.074	-0.075	147.15	-
MURRAY_MOUTH	grid	380	360	15146.968	15146.906	-0.062	146.97	-
MURRAY_MOUTH	grid	380	380	15146.787	15146.758	-0.029	146.79	-
MURRAY_MOUTH	grid	380	400	15146.612	15146.581	-0.032	146.61	-
MURRAY_MOUTH	grid	380	420	15146.451	15146.430	-0.020	146.45	-
MURRAY_MOUTH	grid	380	440	15146.302	15146.300	-0.002	146.30	-
MURRAY_MOUTH	grid	380	460	15146.178	15146.175	-0.003	146.18	-
MURRAY_MOUTH	grid	380	480	15146.085	15146.077	-0.008	146.09	-
MURRAY_MOUTH	grid	380	500	15146.023	15146.045	0.022	146.02	-
MURRAY_MOUTH	grid	400	-500	15148.077	15147.998	-0.079	148.08	-
MURRAY_MOUTH	grid	400	-480	15148.451	15148.370	-0.081	148.45	-
MURRAY_MOUTH	grid	400	-460	15148.804	15148.751	-0.053	148.80	-
MURRAY_MOUTH	grid	400	-440	15149.125	15148.994	-0.132	149.13	-
MURRAY_MOUTH	grid	400	-420	15149.416	15149.298	-0.118	149.42	-
MURRAY_MOUTH	grid	400	-400	15149.678	15149.611	-0.068	149.68	-
MURRAY_MOUTH	grid	400	-380	15149.909	15149.768	-0.141	149.91	-
MURRAY_MOUTH	grid	400	-360	15150.103	15149.968	-0.135	150.10	-
MURRAY_MOUTH	grid	400	-340	15150.268	15150.207	-0.061	150.27	-
MURRAY_MOUTH	grid	400	-320	15150.402	15150.292	-0.110	150.40	-
MURRAY_MOUTH	grid	400	-300	15150.507	15150.404	-0.104	150.51	-
MURRAY_MOUTH	grid	400	-280	15150.586	15150.553	-0.033	150.59	-
MURRAY_MOUTH	grid	400	-260	15150.636	15150.577	-0.058	150.64	-
MURRAY_MOUTH	grid	400	-240	15150.662	15150.619	-0.043	150.66	-
MURRAY_MOUTH	grid	400	-220	15150.663	15150.636	-0.028	150.66	-
MURRAY_MOUTH	grid	400	-200	15150.642	15150.563	-0.079	150.64	-
MURRAY_MOUTH	grid	400	-180	15150.601	15150.522	-0.080	150.60	-
MURRAY_MOUTH	grid	400	-160	15150.541	15150.493	-0.048	150.54	-
MURRAY_MOUTH	grid	400	-140	15150.466	15150.377	-0.089	150.47	-
MURRAY_MOUTH	grid	400	-120	15150.377	15150.297	-0.080	150.38	-
MURRAY_MOUTH	grid	400	-100	15150.281	15150.234	-0.047	150.28	-
MURRAY_MOUTH	grid	400	-80	15150.177	15150.113	-0.064	150.18	-
MURRAY_MOUTH	grid	400	-60	15150.072	15150.015	-0.057	150.07	-
MURRAY_MOUTH	grid	400	-40	15149.964	15149.930	-0.035	149.96	-
MURRAY_MOUTH	grid	400	-20	15149.857	15149.809	-0.048	149.86	-
MURRAY_MOUTH	grid	400	0	15149.751	15149.715	-0.036	149.75	-
MURRAY_MOUTH	grid	400	20	15149.644	15149.627	-0.016	149.64	-
MURRAY_MOUTH	grid	400	40	15149.534	15149.496	-0.038	149.53	-
MURRAY_MOUTH	grid	400	60	15149.422	15149.387	-0.035	149.42	-
MURRAY_MOUTH	grid	400	80	15149.307	15149.290	-0.017	149.31	-
MURRAY_MOUTH	grid	400	100	15149.187	15149.134	-0.052	149.19	-
MURRAY_MOUTH	grid	400	120	15149.061	15149.001	-0.060	149.06	-
MURRAY_MOUTH	grid	400	140	15148.929	15148.886	-0.043	148.93	-
MURRAY_MOUTH	grid	400	160	15148.790	15148.718	-0.072	148.79	-
MURRAY_MOUTH	grid	400	180	15148.646	15148.568	-0.078	148.65	-
MURRAY_MOUTH	grid	400	200	15148.489	15148.434	-0.055	148.49	-
MURRAY_MOUTH	grid	400	220	15148.325	15148.241	-0.085	148.33	-
MURRAY_MOUTH	grid	400	240	15148.158	15148.075	-0.083	148.16	-
MURRAY_MOUTH	grid	400	260	15147.980	15147.932	-0.048	147.98	-
MURRAY_MOUTH	grid	400	280	15147.795	15147.724	-0.071	147.80	-
MURRAY_MOUTH	grid	400	300	15147.608	15147.544	-0.065	147.61	-
MURRAY_MOUTH	grid	400	320	15147.407	15147.391	-0.016	147.41	-
MURRAY_MOUTH	grid	400	340	15147.211	15147.186	-0.025	147.21	-
MURRAY_MOUTH	grid	400	360	15147.011	15146.975	-0.037	147.01	-
MURRAY_MOUTH	grid	400	380	15146.816	15146.782	-0.034	146.82	-
MURRAY_MOUTH	grid	400	400	15146.636	15146.592	-0.044	146.64	-
MURRAY_MOUTH	grid	400	420	15146.468	15146.417	-0.051	146.47	-
MURRAY_MOUTH	grid	400	440	15146.325	15146.274	-0.051	146.32	-
MURRAY_MOUTH	grid	400	460	15146.211	15146.224	0.014	146.21	-
MURRAY_MOUTH	grid	400	480	15146.133	15146.139	0.007	146.13	-
MURRAY_MOUTH	grid	400	500	15146.097	15146.075	-0.022	146.10	-
MURRAY_MOUTH	grid	420	-500	15148.330	15148.224	-0.106	148.33	-
MURRAY_MOUTH	grid	420	-480	15148.702	15148.579	-0.123	148.70	-
MURRAY_MOUTH	grid	420	-460	15149.043	15148.977	-0.065	149.04	-
MURRAY_MOUTH	grid	420	-440	15149.354	15149.247	-0.108	149.35	-
MURRAY_MOUTH	grid	420	-420	15149.631	15149.513	-0.118	149.63	-
MURRAY_MOUTH	grid	420	-400	15149.876	15149.824	-0.051	149.88	-
MURRAY_MOUTH	grid	420	-380	15150.086	15150.013	-0.073	150.09	-
MURRAY_MOUTH	grid	420	-360	15150.263	15150.198	-0.065	150.26	-
MURRAY_MOUTH	grid	420	-340	15150.410	15150.393	-0.018	150.41	-
MURRAY_MOUTH	grid	420	-320	15150.522	15150.448	-0.074	150.52	-
MURRAY_MOUTH	grid	420	-300	15150.608	15150.514	-0.094	150.61	-
MURRAY_MOUTH	grid	420	-280	15150.661	15150.606	-0.055	150.66	-
MURRAY_MOUTH	grid	420	-260	15150.692	15150.569	-0.123	150.69	-
MURRAY_MOUTH	grid	420	-240	15150.696	15150.575	-0.121	150.70	-
MURRAY_MOUTH	grid	420	-220	15150.676	15150.609	-0.067	150.68	-
MURRAY_MOUTH	grid	420	-200	15150.642	15150.534	-0.108	150.64	-
MURRAY_MOUTH	grid	420	-180	15150.583	15150.469	-0.114	150.58	-
MURRAY_MOUTH	grid	420	-160	15150.511	15150.455	-0.057	150.51	-
MURRAY_MOUTH	grid	420	-140	15150.430	15150.356	-0.074	150.43	-
MURRAY_MOUTH	grid	420	-120	15150.335	15150.266	-0.069	150.34	-
MURRAY_MOUTH	grid	420	-100	15150.240	15150.207	-0.032	150.24	-
MURRAY_MOUTH	grid	420	-80	15150.139	15150.100	-0.039	150.14	-
MURRAY_MOUTH	grid	420	-60	15150.037	15150.005	-0.032	150.04	-
MURRAY_MOUTH	grid	420	-40	15149.940	15149.928	-0.011	149.94	-
MURRAY_MOUTH	grid	420	-20	15149.845	15149.810	-0.035	149.84	-
MURRAY_MOUTH	grid	420	0	15149.750	15149.703	-0.047	149.75	-
MURRAY_MOUTH	grid	420	20	15149.657	15149.622	-0.034	149.66	-
MURRAY_MOUTH	grid	420	40	15149.561	15149.517	-0.044	149.56	-
MURRAY_MOUTH	grid	420	60	15149.461	15149.403	-0.058	149.46	-
MURRAY_MOUTH	grid	420	80	15149.363	15149.314	-0.048	149.36	-
MURRAY_MOUTH	grid	420	100	15149.252	15149.187	-0.065	149.25	-
MURRAY_MOUTH	grid	420	120	15149.140	15149.073	-0.067	149.14	-
MURRAY_MOUTH	grid	420	140	15149.020	15148.967	-0.054	149.02	-
MURRAY_MOUTH	grid	420	160	15148.884	15148.812	-0.072	148.88	-
MURRAY_MOUTH	grid	420	180	15148.742	15148.671	-0.070	148.74	-
MURRAY_MOUTH	grid	420	200	15148.588	15148.554	-0.034	148.59	-
MURRAY_MOUTH	grid	420	220	15148.423	15148.376	-0.047	148.42	-
MURRAY_MOUTH	grid	420	240	15148.248	15148.210	-0.039	148.25	-
MURRAY_MOUTH	grid	420	260	15148.060	15148.031	-0.029	148.06	-
MURRAY_MOUTH	grid	420	280	15147.863	15147.787	-0.077	147.86	-
MURRAY_MOUTH	grid	420	300	15147.655	15147.558	-0.097	147.65	-
MURRAY_MOUTH	grid	420	320	15147.445	15147.357	-0.089	147.45	-
MURRAY_MOUTH	grid	420	340	15147.227	15147.122	-0.105	147.23	-
MURRAY_MOUTH	grid	420	360	15147.012	15146.902	-0.110	147.01	-
MURRAY_MOUTH	grid	420	380	15146.807	15146.709	-0.097	146.81	-
MURRAY_MOUTH	grid	420	400	15146.613	15146.541	-0.072	146.61	-
MURRAY_MOUTH	grid	420	420	15146.443	15146.398	-0.045	146.44	-
MURRAY_MOUTH	grid	420	440	15146.304	15146.251	-0.053	146.30	-
MURRAY_MOUTH	grid	420	460	15146.204	15146.187	-0.017	146.20	-
MURRAY_MOUTH	grid	420	480	15146.148	15146.164	0.017	146.15	-
MURRAY_MOUTH	grid	420	500	15146.150	15146.157	0.008	146.15	-
MURRAY_MOUTH	grid	440	-500	15148.565	15148.495	-0.069	148.56	-
MURRAY_MOUTH	grid	440	-480	15148.931	15148.845	-0.086	148.93	-
MURRAY_MOUTH	grid	440	-460	15149.260	15149.221	-0.038	149.26	-
MURRAY_MOUTH	grid	440	-440	15149.557	15149.507	-0.050	149.56	-
MURRAY_MOUTH	grid	440	-420	15149.823	15149.729	-0.094	149.82	-
MURRAY_MOUTH	grid	440	-400	15150.048	15149.978	-0.070	150.05	-
MURRAY_MOUTH	grid	440	-380	15150.240	15150.129	-0.111	150.24	-
MURRAY_MOUTH	grid	440	-360	15150.402	15150.261	-0.141	150.40	-
MURRAY_MOUTH	grid	440	-340	15150.524	15150.426	-0.098	150.52	-
MURRAY_MOUTH	grid	440	-320	15150.615	15150.499	-0.116	150.61	-
MURRAY_MOUTH	grid	440	-300	15150.678	15150.522	-0.157	150.68	-
MURRAY_MOUTH	grid	440	-280	15150.711	15150.614	-0.098	150.71	-
MURRAY_MOUTH	grid	440	-260	15150.722	15150.624	-0.098	150.72	-
MURRAY_MOUTH	grid	440	-240	15150.708	15150.587	-0.121	150.71	-
MURRAY_MOUTH	grid	440	-220	15150.668	15150.592	-0.077	150.67	-
MURRAY_MOUTH	grid	440	-200	15150.615	15150.558	-0.057	150.62	-
MURRAY_MOUTH	grid	440	-180	15150.547	15150.486	-0.061	150.55	-
MURRAY_MOUTH	grid	440	-160	15150.465	15150.441	-0.023	150.46	-
MURRAY_MOUTH	grid	440	-140	15150.375	15150.347	-0.028	150.37	-
MURRAY_MOUTH	grid	440	-120	15150.277	15150.231	-0.046	150.28	-
MURRAY_MOUTH	grid	440	-100	15150.181	15150.142	-0.039	150.18	-
MURRAY_MOUTH	grid	440	-80	15150.084	15150.046	-0.039	150.08	-
MURRAY_MOUTH	grid	440	-60	15149.991	15149.937	-0.054	149.99	-
MURRAY_MOUTH	grid	440	-40	15149.900	15149.852	-0.049	149.90	-
MURRAY_MOUTH	grid	440	-20	15149.815	15149.764	-0.051	149.81	-
MURRAY_MOUTH	grid	440	0	15149.733	15149.683	-0.049	149.73	-
MURRAY_MOUTH	grid	440	20	15149.652	15149.603	-0.049	149.65	-
MURRAY_MOUTH	grid	440	40	15149.568	15149.513	-0.055	149.57	-
MURRAY_MOUTH	grid	440	60	15149.485	15149.426	-0.059	149.48	-
MURRAY_MOUTH	grid	440	80	15149.396	15149.357	-0.038	149.40	-
MURRAY_MOUTH	grid	440	100	15149.299	15149.250	-0.049	149.30	-
MURRAY_MOUTH	grid	440	120	15149.193	15149.139	-0.054	149.19	-
MURRAY_MOUTH	grid	440	140	15149.075	15149.054	-0.021	149.08	-
MURRAY_MOUTH	grid	440	160	15148.948	15148.898	-0.050	148.95	-
MURRAY_MOUTH	grid	440	180	15148.805	15148.720	-0.085	148.81	-
MURRAY_MOUTH	grid	440	200	15148.650	15148.569	-0.081	148.65	-
MURRAY_MOUTH	grid	440	220	15148.477	15148.369	-0.108	148.48	-
MURRAY_MOUTH	grid	440	240	15148.288	15148.153	-0.136	148.29	-
MURRAY_MOUTH	grid	440	260	15148.088	15147.969	-0.120	148.09	-
MURRAY_MOUTH	grid	440	280	15147.873	15147.745	-0.128	147.87	-
MURRAY_MOUTH	grid	440	300	15147.647	15147.497	-0.150	147.65	-
MURRAY_MOUTH	grid	440	320	15147.418	15147.294	-0.124	147.42	-
MURRAY_MOUTH	grid	440	340	15147.177	15147.078	-0.098	147.18	-
MURRAY_MOUTH	grid	440	360	15146.946	15146.857	-0.089	146.95	-
MURRAY_MOUTH	grid	440	380	15146.727	15146.664	-0.063	146.73	-
MURRAY_MOUTH	grid	440	400	15146.524	15146.496	-0.028	146.52	-
MURRAY_MOUTH	grid	440	420	15146.357	15146.353	-0.004	146.36	-
MURRAY_MOUTH	grid	440	440	15146.228	15146.224	-0.004	146.23	-
MURRAY_MOUTH	grid	440	460	15146.144	15146.184	0.039	146.14	-
MURRAY_MOUTH	grid	440	480	15146.125	15146.166	0.041	146.13	-
MURRAY_MOUTH	grid	440	500	15146.163	15146.175	0.012	146.16	-
MURRAY_MOUTH	grid	460	-500	15148.770	15148.694	-0.076	148.77	-
MURRAY_MOUTH	grid	460	-480	15149.127	15148.997	-0.130	149.13	-
MURRAY_MOUTH	grid	460	-460	15149.448	15149.333	-0.115	149.45	-
MURRAY_MOUTH	grid	460	-440	15149.732	15149.627	-0.104	149.73	-
MURRAY_MOUTH	grid	460	-420	15149.976	15149.810	-0.167	149.98	-
MURRAY_MOUTH	grid	460	-400	15150.188	15150.058	-0.130	150.19	-
MURRAY_MOUTH	grid	460	-380	15150.362	15150.264	-0.098	150.36	-
MURRAY_MOUTH	grid	460	-360	15150.500	15150.356	-0.145	150.50	-
MURRAY_MOUTH	grid	460	-340	15150.607	15150.486	-0.121	150.61	-
MURRAY_MOUTH	grid	460	-320	15150.680	15150.610	-0.070	150.68	-
MURRAY_MOUTH	grid	460	-300	15150.724	15150.628	-0.096	150.72	-
MURRAY_MOUTH	grid	460	-280	15150.737	15150.673	-0.064	150.74	-
MURRAY_MOUTH	grid	460	-260	15150.728	15150.706	-0.023	150.73	-
MURRAY_MOUTH	grid	460	-240	15150.694	15150.638	-0.056	150.69	-
MURRAY_MOUTH	grid	460	-220	15150.641	15150.587	-0.055	150.64	-
MURRAY_MOUTH	grid	460	-200	15150.573	15150.520	-0.053	150.57	-
MURRAY_MOUTH	grid	460	-180	15150.493	15150.409	-0.084	150.49	-
MURRAY_MOUTH	grid	460	-160	15150.399	15150.330	-0.069	150.40	-
MURRAY_MOUTH	grid	460	-140	15150.302	15150.248	-0.054	150.30	-
MURRAY_MOUTH	grid	460	-120	15150.203	15150.133	-0.069	150.20	-
MURRAY_MOUTH	grid	460	-100	15150.104	15150.044	-0.060	150.10	-
MURRAY_MOUTH	grid	460	-80	15150.012	15149.963	-0.049	150.01	-
MURRAY_MOUTH	grid	460	-60	15149.924	15149.871	-0.054	149.92	-
MURRAY_MOUTH	grid	460	-40	15149.841	15149.802	-0.039	149.84	-
MURRAY_MOUTH	grid	460	-20	15149.765	15149.727	-0.038	149.77	-
MURRAY_MOUTH	grid	460	0	15149.692	15149.647	-0.044	149.69	-
MURRAY_MOUTH	grid	460	20	15149.623	15149.594	-0.029	149.62	-
MURRAY_MOUTH	grid	460	40	15149.554	15149.536	-0.018	149.55	-
MURRAY_MOUTH	grid	460	60	15149.480	15149.425	-0.055	149.48	-
MURRAY_MOUTH	grid	460	80	15149.397	15149.341	-0.056	149.40	-
MURRAY_MOUTH	grid	460	100	15149.313	15149.249	-0.064	149.31	-
MURRAY_MOUTH	grid	460	120	15149.209	15149.110	-0.100	149.21	-
MURRAY_MOUTH	grid	460	140	15149.098	15148.995	-0.102	149.10	-
MURRAY_MOUTH	grid	460	160	15148.970	15148.868	-0.102	148.97	-
MURRAY_MOUTH	grid	460	180	15148.821	15148.681	-0.139	148.82	-
MURRAY_MOUTH	grid	460	200	15148.656	15148.529	-0.127	148.66	-
MURRAY_MOUTH	grid	460	220	15148.475	15148.363	-0.112	148.48	-
MURRAY_MOUTH	grid	460	240	15148.270	15148.135	-0.135	148.27	-
MURRAY_MOUTH	grid	460	260	15148.050	15147.933	-0.117	148.05	-
MURRAY_MOUTH	grid	460	280	15147.816	15147.741	-0.075	147.82	-
MURRAY_MOUTH	grid	460	300	15147.563	15147.493	-0.070	147.56	-
MURRAY_MOUTH	grid	460	320	15147.306	15147.272	-0.034	147.31	-
MURRAY_MOUTH	grid	460	340	15147.049	15147.034	-0.016	147.05	-
MURRAY_MOUTH	grid	460	360	15146.796	15146.756	-0.040	146.80	-
MURRAY_MOUTH	grid	460	380	15146.567	15146.506	-0.061	146.57	-
MURRAY_MOUTH	grid	460	400	15146.359	15146.318	-0.042	146.36	-
MURRAY_MOUTH	grid	460	420	15146.192	15146.205	0.013	146.19	-
MURRAY_MOUTH	grid	460	440	15146.078	15146.061	-0.017	146.08	-
MURRAY_MOUTH	grid	460	460	15146.027	15146.004	-0.023	146.03	-
MURRAY_MOUTH	grid	460	480	15146.046	15146.146	0.099	146.05	-
MURRAY_MOUTH	grid	460	500	15146.136	15146.216	0.079	146.14	-
MURRAY_MOUTH	grid	480	-500	15148.939	15148.854	-0.085	148.94	-
MURRAY_MOUTH	grid	480	-480	15149.285	15149.137	-0.147	149.28	-
MURRAY_MOUTH	grid	480	-460	15149.596	15149.452	-0.145	149.60	-
MURRAY_MOUTH	grid	480	-440	15149.864	15149.798	-0.066	149.86	-
MURRAY_MOUTH	grid	480	-420	15150.095	15149.981	-0.115	150.10	-
MURRAY_MOUTH	grid	480	-400	15150.295	15150.190	-0.105	150.29	-
MURRAY_MOUTH	grid	480	-380	15150.452	15150.425	-0.027	150.45	-
MURRAY_MOUTH	grid	480	-360	15150.572	15150.517	-0.055	150.57	-
MURRAY_MOUTH	grid	480	-340	15150.662	15150.597	-0.065	150.66	-
MURRAY_MOUTH	grid	480	-320	15150.717	15150.681	-0.037	150.72	-
MURRAY_MOUTH	grid	480	-300	15150.741	15150.640	-0.101	150.74	-
MURRAY_MOUTH	grid	480	-280	15150.738	15150.641	-0.097	150.74	-
MURRAY_MOUTH	grid	480	-260	15150.712	15150.654	-0.058	150.71	-
MURRAY_MOUTH	grid	480	-240	15150.660	15150.543	-0.117	150.66	-
MURRAY_MOUTH	grid	480	-220	15150.592	15150.487	-0.105	150.59	-
MURRAY_MOUTH	grid	480	-200	15150.511	15150.453	-0.059	150.51	-
MURRAY_MOUTH	grid	480	-180	15150.415	15150.329	-0.086	150.41	-
MURRAY_MOUTH	grid	480	-160	15150.318	15150.234	-0.083	150.32	-
MURRAY_MOUTH	grid	480	-140	15150.213	15150.175	-0.038	150.21	-
MURRAY_MOUTH	grid	480	-120	15150.109	15150.061	-0.048	150.11	-
MURRAY_MOUTH	grid	480	-100	15150.012	15149.973	-0.039	150.01	-
MURRAY_MOUTH	grid	480	-80	15149.919	15149.907	-0.012	149.92	-
MURRAY_MOUTH	grid	480	-60	15149.837	15149.813	-0.024	149.84	-
MURRAY_MOUTH	grid	480	-40	15149.761	15149.727	-0.034	149.76	-
MURRAY_MOUTH	grid	480	-20	15149.691	15149.664	-0.027	149.69	-
MURRAY_MOUTH	grid	480	0	15149.631	15149.574	-0.057	149.63	-
MURRAY_MOUTH	grid	480	20	15149.569	15149.501	-0.068	149.57	-
MURRAY_MOUTH	grid	480	40	15149.507	15149.449	-0.058	149.51	-
MURRAY_MOUTH	grid	480	60	15149.443	15149.355	-0.088	149.44	-
MURRAY_MOUTH	grid	480	80	15149.369	15149.275	-0.094	149.37	-
MURRAY_MOUTH	grid	480	100	15149.284	15149.211	-0.073	149.28	-
MURRAY_MOUTH	grid	480	120	15149.185	15149.073	-0.112	149.19	-
MURRAY_MOUTH	grid	480	140	15149.068	15148.963	-0.106	149.07	-
MURRAY_MOUTH	grid	480	160	15148.933	15148.868	-0.065	148.93	-
MURRAY_MOUTH	grid	480	180	15148.777	15148.682	-0.095	148.78	-
MURRAY_MOUTH	grid	480	200	15148.600	15148.522	-0.077	148.60	-
MURRAY_MOUTH	grid	480	220	15148.398	15148.385	-0.014	148.40	-
MURRAY_MOUTH	grid	480	240	15148.174	15148.118	-0.057	148.17	-
MURRAY_MOUTH	grid	480	260	15147.931	15147.845	-0.086	147.93	-
MURRAY_MOUTH	grid	480	280	15147.669	15147.594	-0.074	147.67	-
MURRAY_MOUTH	grid	480	300	15147.391	15147.266	-0.125	147.39	-
MURRAY_MOUTH	grid	480	320	15147.109	15146.975	-0.134	147.11	-
MURRAY_MOUTH	grid	480	340	15146.826	15146.710	-0.116	146.83	-
MURRAY_MOUTH	grid	480	360	15146.555	15146.466	-0.089	146.56	-
MURRAY_MOUTH	grid	480	380	15146.312	15146.230	-0.082	146.31	-
MURRAY_MOUTH	grid	480	400	15146.104	15146.008	-0.096	146.10	-
MURRAY_MOUTH	grid	480	420	15145.949	15145.940	-0.009	145.95	-
MURRAY_MOUTH	grid	480	440	15145.860	15145.899	0.039	145.86	-
MURRAY_MOUTH	grid	480	460	15145.844	15145.806	-0.038	145.84	-
MURRAY_MOUTH	grid	480	480	15145.913	15145.947	0.034	145.91	-
MURRAY_MOUTH	grid	480	500	15146.073	15146.115	0.042	146.07	-
MURRAY_MOUTH	grid	500	-500	15149.062	15149.007	-0.055	149.06	-
MURRAY_MOUTH	grid	500	-480	15149.400	15149.325	-0.075	149.40	-
MURRAY_MOUTH	grid	500	-460	15149.699	15149.635	-0.064	149.70	-
MURRAY_MOUTH	grid	500	-440	15149.963	15149.928	-0.035	149.96	-
MURRAY_MOUTH	grid	500	-420	15150.181	15150.087	-0.094	150.18	-
MURRAY_MOUTH	grid	500	-400	15150.362	15150.249	-0.113	150.36	-
MURRAY_MOUTH	grid	500	-380	15150.507	15150.438	-0.069	150.51	-
MURRAY_MOUTH	grid	500	-360	15150.612	15150.483	-0.128	150.61	-
MURRAY_MOUTH	grid	500	-340	15150.685	15150.548	-0.137	150.69	-
MURRAY_MOUTH	grid	500	-320	15150.726	15150.648	-0.078	150.73	-
MURRAY_MOUTH	grid	500	-300	15150.735	15150.617	-0.118	150.74	-
MURRAY_MOUTH	grid	500	-280	15150.715	15150.580	-0.135	150.71	-
MURRAY_MOUTH	grid	500	-260	15150.672	15150.607	-0.065	150.67	-
MURRAY_MOUTH	grid	500	-240	15150.608	15150.525	-0.083	150.61	-
MURRAY_MOUTH	grid	500	-220	15150.525	15150.440	-0.085	150.52	-
MURRAY_MOUTH	grid	500	-200	15150.429	15150.391	-0.038	150.43	-
MURRAY_MOUTH	grid	500	-180	15150.324	15150.289	-0.035	150.32	-
MURRAY_MOUTH	grid	500	-160	15150.215	15150.187	-0.028	150.22	-
MURRAY_MOUTH	grid	500	-140	15150.107	15150.087	-0.019	150.11	-
MURRAY_MOUTH	grid	500	-120	15149.999	15149.962	-0.038	150.00	-
MURRAY_MOUTH	grid	500	-100	15149.899	15149.850	-0.049	149.90	-
MURRAY_MOUTH	grid	500	-80	15149.807	15149.765	-0.043	149.81	-
MURRAY_MOUTH	grid	500	-60	15149.727	15149.675	-0.053	149.73	-
MURRAY_MOUTH	grid	500	-40	15149.655	15149.594	-0.061	149.66	-
MURRAY_MOUTH	grid	500	-20	15149.592	15149.535	-0.057	149.59	-
MURRAY_MOUTH	grid	500	0	15149.534	15149.465	-0.070	149.53	-
MURRAY_MOUTH	grid	500	20	15149.480	15149.413	-0.068	149.48	-
MURRAY_MOUTH	grid	500	40	15149.424	15149.368	-0.056	149.42	-
MURRAY_MOUTH	grid	500	60	15149.364	15149.288	-0.076	149.36	-
MURRAY_MOUTH	grid	500	80	15149.295	15149.220	-0.074	149.29	-
MURRAY_MOUTH	grid	500	100	15149.210	15149.178	-0.032	149.21	-
MURRAY_MOUTH	grid	500	120	15149.109	15149.061	-0.048	149.11	-
MURRAY_MOUTH	grid	500	140	15148.986	15148.921	-0.065	148.99	-
MURRAY_MOUTH	grid	500	160	15148.836	15148.785	-0.051	148.84	-
MURRAY_MOUTH	grid	500	180	15148.667	15148.547	-0.120	148.67	-
MURRAY_MOUTH	grid	500	200	15148.470	15148.325	-0.145	148.47	-
MURRAY_MOUTH	grid	500	220	15148.247	15148.130	-0.117	148.25	-
MURRAY_MOUTH	grid	500	240	15148.001	15147.827	-0.174	148.00	-
MURRAY_MOUTH	grid	500	260	15147.724	15147.535	-0.189	147.72	-
MURRAY_MOUTH	grid	500	280	15147.430	15147.289	-0.141	147.43	-
MURRAY_MOUTH	grid	500	300	15147.129	15146.981	-0.148	147.13	-
MURRAY_MOUTH	grid	500	320	15146.812	15146.673	-0.139	146.81	-
MURRAY_MOUTH	grid	500	340	15146.507	15146.404	-0.104	146.51	-
MURRAY_MOUTH	grid	500	360	15146.222	15146.161	-0.060	146.22	-
MURRAY_MOUTH	grid	500	380	15145.965	15145.945	-0.020	145.96	-
MURRAY_MOUTH	grid	500	400	15145.763	15145.755	-0.008	145.76	-
MURRAY_MOUTH	grid	500	420	15145.624	15145.657	0.034	145.62	-
MURRAY_MOUTH	grid	500	440	15145.564	15145.619	0.055	145.56	-
MURRAY_MOUTH	grid	500	460	15145.601	15145.607	0.006	145.60	-
MURRAY_MOUTH	grid	500	480	15145.733	15145.900	0.167	145.73	-
MURRAY_MOUTH	grid	500	500	15145.969	15146.108	0.139	145.97	-
MURRAY_MOUTH	summary	-500	-172	15145.791	15147.063	1.272	145.79	n=251001 p50=-0.049 p99=0.454 p999=0.628 max=1.272 min=-1.931 gt0.5=1411 gt2=0 gt5=0 clip=0 susp=1539
ERRINGTON_MOUTH	grid	-500	-500	15088.257	15088.118	-0.139	88.26	-
ERRINGTON_MOUTH	grid	-500	-480	15088.466	15088.348	-0.118	88.47	-
ERRINGTON_MOUTH	grid	-500	-460	15088.578	15088.464	-0.113	88.58	-
ERRINGTON_MOUTH	grid	-500	-440	15088.587	15088.479	-0.108	88.59	-
ERRINGTON_MOUTH	grid	-500	-420	15088.512	15088.404	-0.109	88.51	-
ERRINGTON_MOUTH	grid	-500	-400	15088.361	15088.231	-0.130	88.36	-
ERRINGTON_MOUTH	grid	-500	-380	15088.159	15088.085	-0.074	88.16	-
ERRINGTON_MOUTH	grid	-500	-360	15087.940	15087.942	0.002	87.94	-
ERRINGTON_MOUTH	grid	-500	-340	15087.738	15087.758	0.020	87.74	-
ERRINGTON_MOUTH	grid	-500	-320	15087.594	15087.599	0.005	87.59	-
ERRINGTON_MOUTH	grid	-500	-300	15087.563	15087.591	0.028	87.56	-
ERRINGTON_MOUTH	grid	-500	-280	15087.676	15087.827	0.151	87.68	-
ERRINGTON_MOUTH	grid	-500	-260	15087.991	15088.090	0.100	87.99	-
ERRINGTON_MOUTH	grid	-500	-240	15088.518	15088.602	0.084	88.52	-
ERRINGTON_MOUTH	grid	-500	-220	15089.273	15089.489	0.216	89.27	-
ERRINGTON_MOUTH	grid	-500	-200	15090.255	15090.358	0.104	90.25	-
ERRINGTON_MOUTH	grid	-500	-180	15091.420	15091.375	-0.046	91.42	-
ERRINGTON_MOUTH	grid	-500	-160	15092.741	15092.735	-0.006	92.74	-
ERRINGTON_MOUTH	grid	-500	-140	15094.155	15094.091	-0.064	94.16	-
ERRINGTON_MOUTH	grid	-500	-120	15095.600	15095.450	-0.150	95.60	-
ERRINGTON_MOUTH	grid	-500	-100	15097.014	15096.810	-0.204	97.01	-
ERRINGTON_MOUTH	grid	-500	-80	15098.353	15098.185	-0.168	98.35	-
ERRINGTON_MOUTH	grid	-500	-60	15099.556	15099.443	-0.113	99.56	-
ERRINGTON_MOUTH	grid	-500	-40	15100.615	15100.342	-0.273	100.62	-
ERRINGTON_MOUTH	grid	-500	-20	15101.493	15101.178	-0.315	101.49	-
ERRINGTON_MOUTH	grid	-500	0	15102.196	15101.950	-0.246	102.20	-
ERRINGTON_MOUTH	grid	-500	20	15102.722	15102.391	-0.331	102.72	-
ERRINGTON_MOUTH	grid	-500	40	15103.069	15102.859	-0.210	103.07	-
ERRINGTON_MOUTH	grid	-500	60	15103.272	15103.193	-0.079	103.27	-
ERRINGTON_MOUTH	grid	-500	80	15103.304	15103.074	-0.230	103.30	-
ERRINGTON_MOUTH	grid	-500	100	15103.208	15102.964	-0.244	103.21	-
ERRINGTON_MOUTH	grid	-500	120	15102.977	15102.812	-0.165	102.98	-
ERRINGTON_MOUTH	grid	-500	140	15102.622	15102.401	-0.222	102.62	-
ERRINGTON_MOUTH	grid	-500	160	15102.159	15101.989	-0.170	102.16	-
ERRINGTON_MOUTH	grid	-500	180	15101.582	15101.499	-0.083	101.58	-
ERRINGTON_MOUTH	grid	-500	200	15100.919	15100.788	-0.131	100.92	-
ERRINGTON_MOUTH	grid	-500	220	15100.171	15100.073	-0.098	100.17	-
ERRINGTON_MOUTH	grid	-500	240	15099.360	15099.317	-0.042	99.36	-
ERRINGTON_MOUTH	grid	-500	260	15098.507	15098.440	-0.067	98.51	-
ERRINGTON_MOUTH	grid	-500	280	15097.625	15097.592	-0.033	97.63	-
ERRINGTON_MOUTH	grid	-500	300	15096.741	15096.760	0.019	96.74	-
ERRINGTON_MOUTH	grid	-500	320	15095.887	15095.920	0.033	95.89	-
ERRINGTON_MOUTH	grid	-500	340	15095.074	15095.107	0.033	95.07	-
ERRINGTON_MOUTH	grid	-500	360	15094.339	15094.375	0.036	94.34	-
ERRINGTON_MOUTH	grid	-500	380	15093.703	15093.821	0.118	93.70	-
ERRINGTON_MOUTH	grid	-500	400	15093.178	15093.294	0.117	93.18	-
ERRINGTON_MOUTH	grid	-500	420	15092.803	15092.896	0.093	92.80	-
ERRINGTON_MOUTH	grid	-500	440	15092.571	15092.767	0.196	92.57	-
ERRINGTON_MOUTH	grid	-500	460	15092.518	15092.660	0.142	92.52	-
ERRINGTON_MOUTH	grid	-500	480	15092.633	15092.689	0.056	92.63	-
ERRINGTON_MOUTH	grid	-500	500	15092.920	15093.040	0.120	92.92	-
ERRINGTON_MOUTH	grid	-480	-500	15088.462	15088.317	-0.145	88.46	-
ERRINGTON_MOUTH	grid	-480	-480	15088.697	15088.654	-0.044	88.70	-
ERRINGTON_MOUTH	grid	-480	-460	15088.834	15088.672	-0.162	88.83	-
ERRINGTON_MOUTH	grid	-480	-440	15088.870	15088.687	-0.183	88.87	-
ERRINGTON_MOUTH	grid	-480	-420	15088.816	15088.728	-0.088	88.82	-
ERRINGTON_MOUTH	grid	-480	-400	15088.681	15088.596	-0.085	88.68	-
ERRINGTON_MOUTH	grid	-480	-380	15088.489	15088.419	-0.071	88.49	-
ERRINGTON_MOUTH	grid	-480	-360	15088.266	15088.207	-0.059	88.27	-
ERRINGTON_MOUTH	grid	-480	-340	15088.047	15088.050	0.003	88.05	-
ERRINGTON_MOUTH	grid	-480	-320	15087.877	15087.928	0.051	87.88	-
ERRINGTON_MOUTH	grid	-480	-300	15087.802	15087.816	0.014	87.80	-
ERRINGTON_MOUTH	grid	-480	-280	15087.864	15087.964	0.099	87.86	-
ERRINGTON_MOUTH	grid	-480	-260	15088.116	15088.269	0.153	88.12	-
ERRINGTON_MOUTH	grid	-480	-240	15088.578	15088.601	0.023	88.58	-
ERRINGTON_MOUTH	grid	-480	-220	15089.268	15089.360	0.092	89.27	-
ERRINGTON_MOUTH	grid	-480	-200	15090.192	15090.343	0.150	90.19	-
ERRINGTON_MOUTH	grid	-480	-180	15091.310	15091.353	0.044	91.31	-
ERRINGTON_MOUTH	grid	-480	-160	15092.599	15092.617	0.019	92.60	-
ERRINGTON_MOUTH	grid	-480	-140	15093.994	15093.962	-0.032	93.99	-
ERRINGTON_MOUTH	grid	-480	-120	15095.442	15095.330	-0.112	95.44	-
ERRINGTON_MOUTH	grid	-480	-100	15096.873	15096.704	-0.170	96.87	-
ERRINGTON_MOUTH	grid	-480	-80	15098.248	15098.091	-0.157	98.25	-
ERRINGTON_MOUTH	grid	-480	-60	15099.498	15099.326	-0.172	99.50	-
ERRINGTON_MOUTH	grid	-480	-40	15100.618	15100.357	-0.260	100.62	-
ERRINGTON_MOUTH	grid	-480	-20	15101.560	15101.251	-0.309	101.56	-
ERRINGTON_MOUTH	grid	-480	0	15102.334	15102.139	-0.195	102.33	-
ERRINGTON_MOUTH	grid	-480	20	15102.936	15102.773	-0.164	102.94	-
ERRINGTON_MOUTH	grid	-480	40	15103.363	15103.087	-0.277	103.36	-
ERRINGTON_MOUTH	grid	-480	60	15103.646	15103.408	-0.238	103.65	-
ERRINGTON_MOUTH	grid	-480	80	15103.766	15103.531	-0.235	103.77	-
ERRINGTON_MOUTH	grid	-480	100	15103.758	15103.506	-0.252	103.76	-
ERRINGTON_MOUTH	grid	-480	120	15103.617	15103.508	-0.108	103.62	-
ERRINGTON_MOUTH	grid	-480	140	15103.354	15103.260	-0.094	103.35	-
ERRINGTON_MOUTH	grid	-480	160	15102.988	15102.805	-0.183	102.99	-
ERRINGTON_MOUTH	grid	-480	180	15102.505	15102.376	-0.129	102.51	-
ERRINGTON_MOUTH	grid	-480	200	15101.940	15101.797	-0.143	101.94	-
ERRINGTON_MOUTH	grid	-480	220	15101.279	15101.112	-0.167	101.28	-
ERRINGTON_MOUTH	grid	-480	240	15100.553	15100.477	-0.076	100.55	-
ERRINGTON_MOUTH	grid	-480	260	15099.772	15099.737	-0.035	99.77	-
ERRINGTON_MOUTH	grid	-480	280	15098.948	15098.928	-0.020	98.95	-
ERRINGTON_MOUTH	grid	-480	300	15098.112	15098.107	-0.005	98.11	-
ERRINGTON_MOUTH	grid	-480	320	15097.275	15097.284	0.010	97.27	-
ERRINGTON_MOUTH	grid	-480	340	15096.467	15096.502	0.035	96.47	-
ERRINGTON_MOUTH	grid	-480	360	15095.712	15095.765	0.053	95.71	-
ERRINGTON_MOUTH	grid	-480	380	15095.031	15095.126	0.095	95.03	-
ERRINGTON_MOUTH	grid	-480	400	15094.438	15094.553	0.115	94.44	-
ERRINGTON_MOUTH	grid	-480	420	15093.974	15094.006	0.032	93.97	-
ERRINGTON_MOUTH	grid	-480	440	15093.631	15093.742	0.111	93.63	-
ERRINGTON_MOUTH	grid	-480	460	15093.454	15093.599	0.145	93.45	-
ERRINGTON_MOUTH	grid	-480	480	15093.430	15093.483	0.052	93.43	-
ERRINGTON_MOUTH	grid	-480	500	15093.571	15093.706	0.135	93.57	-
ERRINGTON_MOUTH	grid	-460	-500	15088.587	15088.424	-0.163	88.59	-
ERRINGTON_MOUTH	grid	-460	-480	15088.852	15088.686	-0.165	88.85	-
ERRINGTON_MOUTH	grid	-460	-460	15089.024	15088.901	-0.123	89.02	-
ERRINGTON_MOUTH	grid	-460	-440	15089.088	15088.917	-0.171	89.09	-
ERRINGTON_MOUTH	grid	-460	-420	15089.066	15088.960	-0.106	89.07	-
ERRINGTON_MOUTH	grid	-460	-400	15088.952	15088.908	-0.044	88.95	-
ERRINGTON_MOUTH	grid	-460	-380	15088.776	15088.680	-0.096	88.78	-
ERRINGTON_MOUTH	grid	-460	-360	15088.556	15088.468	-0.088	88.56	-
ERRINGTON_MOUTH	grid	-460	-340	15088.326	15088.288	-0.038	88.33	-
ERRINGTON_MOUTH	grid	-460	-320	15088.130	15088.166	0.036	88.13	-
ERRINGTON_MOUTH	grid	-460	-300	15088.014	15088.056	0.042	88.01	-
ERRINGTON_MOUTH	grid	-460	-280	15088.020	15087.995	-0.025	88.02	-
ERRINGTON_MOUTH	grid	-460	-260	15088.203	15088.383	0.179	88.20	-
ERRINGTON_MOUTH	grid	-460	-240	15088.592	15088.797	0.205	88.59	-
ERRINGTON_MOUTH	grid	-460	-220	15089.207	15089.189	-0.017	89.21	-
ERRINGTON_MOUTH	grid	-460	-200	15090.053	15090.178	0.125	90.05	-
ERRINGTON_MOUTH	grid	-460	-180	15091.106	15091.201	0.095	91.11	-
ERRINGTON_MOUTH	grid	-460	-160	15092.343	15092.251	-0.092	92.34	-
ERRINGTON_MOUTH	grid	-460	-140	15093.699	15093.663	-0.036	93.70	-
ERRINGTON_MOUTH	grid	-460	-120	15095.129	15095.105	-0.025	95.13	-
ERRINGTON_MOUTH	grid	-460	-100	15096.564	15096.531	-0.032	96.56	-
ERRINGTON_MOUTH	grid	-460	-80	15097.950	15097.759	-0.191	97.95	-
ERRINGTON_MOUTH	grid	-460	-60	15099.238	15098.993	-0.245	99.24	-
ERRINGTON_MOUTH	grid	-460	-40	15100.402	15100.255	-0.147	100.40	-
ERRINGTON_MOUTH	grid	-460	-20	15101.404	15101.169	-0.235	101.40	-
ERRINGTON_MOUTH	grid	-460	0	15102.247	15102.035	-0.211	102.25	-
ERRINGTON_MOUTH	grid	-460	20	15102.924	15102.804	-0.120	102.92	-
ERRINGTON_MOUTH	grid	-460	40	15103.432	15103.188	-0.244	103.43	-
ERRINGTON_MOUTH	grid	-460	60	15103.802	15103.572	-0.229	103.80	-
ERRINGTON_MOUTH	grid	-460	80	15104.008	15103.922	-0.086	104.01	-
ERRINGTON_MOUTH	grid	-460	100	15104.093	15103.908	-0.185	104.09	-
ERRINGTON_MOUTH	grid	-460	120	15104.052	15103.835	-0.217	104.05	-
ERRINGTON_MOUTH	grid	-460	140	15103.895	15103.790	-0.105	103.89	-
ERRINGTON_MOUTH	grid	-460	160	15103.638	15103.445	-0.193	103.64	-
ERRINGTON_MOUTH	grid	-460	180	15103.264	15103.106	-0.158	103.26	-
ERRINGTON_MOUTH	grid	-460	200	15102.811	15102.797	-0.014	102.81	-
ERRINGTON_MOUTH	grid	-460	220	15102.263	15102.182	-0.081	102.26	-
ERRINGTON_MOUTH	grid	-460	240	15101.644	15101.555	-0.089	101.64	-
ERRINGTON_MOUTH	grid	-460	260	15100.968	15100.955	-0.012	100.97	-
ERRINGTON_MOUTH	grid	-460	280	15100.235	15100.154	-0.081	100.23	-
ERRINGTON_MOUTH	grid	-460	300	15099.478	15099.375	-0.103	99.48	-
ERRINGTON_MOUTH	grid	-460	320	15098.698	15098.728	0.030	98.70	-
ERRINGTON_MOUTH	grid	-460	340	15097.927	15097.964	0.037	97.93	-
ERRINGTON_MOUTH	grid	-460	360	15097.182	15097.227	0.045	97.18	-
ERRINGTON_MOUTH	grid	-460	380	15096.480	15096.521	0.041	96.48	-
ERRINGTON_MOUTH	grid	-460	400	15095.845	15095.947	0.103	95.84	-
ERRINGTON_MOUTH	grid	-460	420	15095.306	15095.407	0.102	95.31	-
ERRINGTON_MOUTH	grid	-460	440	15094.864	15094.914	0.050	94.86	-
ERRINGTON_MOUTH	grid	-460	460	15094.562	15094.689	0.127	94.56	-
ERRINGTON_MOUTH	grid	-460	480	15094.394	15094.491	0.097	94.39	-
ERRINGTON_MOUTH	grid	-460	500	15094.379	15094.412	0.033	94.38	-
ERRINGTON_MOUTH	grid	-440	-500	15088.631	15088.460	-0.171	88.63	-
ERRINGTON_MOUTH	grid	-440	-480	15088.929	15088.736	-0.193	88.93	-
ERRINGTON_MOUTH	grid	-440	-460	15089.136	15089.035	-0.101	89.14	-
ERRINGTON_MOUTH	grid	-440	-440	15089.237	15089.156	-0.082	89.24	-
ERRINGTON_MOUTH	grid	-440	-420	15089.253	15089.085	-0.168	89.25	-
ERRINGTON_MOUTH	grid	-440	-400	15089.167	15089.041	-0.126	89.17	-
ERRINGTON_MOUTH	grid	-440	-380	15089.015	15088.916	-0.098	89.01	-
ERRINGTON_MOUTH	grid	-440	-360	15088.803	15088.720	-0.083	88.80	-
ERRINGTON_MOUTH	grid	-440	-340	15088.572	15088.547	-0.025	88.57	-
ERRINGTON_MOUTH	grid	-440	-320	15088.354	15088.387	0.033	88.35	-
ERRINGTON_MOUTH	grid	-440	-300	15088.202	15088.287	0.085	88.20	-
ERRINGTON_MOUTH	grid	-440	-280	15088.152	15088.195	0.043	88.15	-
ERRINGTON_MOUTH	grid	-440	-260	15088.272	15088.321	0.050	88.27	-
ERRINGTON_MOUTH	grid	-440	-240	15088.581	15088.735	0.155	88.58	-
ERRINGTON_MOUTH	grid	-440	-220	15089.108	15089.205	0.096	89.11	-
ERRINGTON_MOUTH	grid	-440	-200	15089.874	15089.921	0.046	89.87	-
ERRINGTON_MOUTH	grid	-440	-180	15090.845	15091.014	0.169	90.85	-
ERRINGTON_MOUTH	grid	-440	-160	15092.020	15092.125	0.104	92.02	-
ERRINGTON_MOUTH	grid	-440	-140	15093.325	15093.320	-0.004	93.32	-
ERRINGTON_MOUTH	grid	-440	-120	15094.720	15094.677	-0.043	94.72	-
ERRINGTON_MOUTH	grid	-440	-100	15096.141	15096.042	-0.099	96.14	-
ERRINGTON_MOUTH	grid	-440	-80	15097.533	15097.381	-0.152	97.53	-
ERRINGTON_MOUTH	grid	-440	-60	15098.838	15098.637	-0.201	98.84	-
ERRINGTON_MOUTH	grid	-440	-40	15100.038	15099.921	-0.118	100.04	-
ERRINGTON_MOUTH	grid	-440	-20	15101.091	15100.983	-0.108	101.09	-
ERRINGTON_MOUTH	grid	-440	0	15101.993	15101.728	-0.265	101.99	-
ERRINGTON_MOUTH	grid	-440	20	15102.735	15102.497	-0.238	102.73	-
ERRINGTON_MOUTH	grid	-440	40	15103.320	15103.159	-0.161	103.32	-
ERRINGTON_MOUTH	grid	-440	60	15103.767	15103.543	-0.224	103.77	-
ERRINGTON_MOUTH	grid	-440	80	15104.063	15103.895	-0.168	104.06	-
ERRINGTON_MOUTH	grid	-440	100	15104.243	15104.126	-0.117	104.24	-
ERRINGTON_MOUTH	grid	-440	120	15104.303	15104.131	-0.172	104.30	-
ERRINGTON_MOUTH	grid	-440	140	15104.251	15104.128	-0.123	104.25	-
ERRINGTON_MOUTH	grid	-440	160	15104.107	15104.001	-0.106	104.11	-
ERRINGTON_MOUTH	grid	-440	180	15103.859	15103.679	-0.180	103.86	-
ERRINGTON_MOUTH	grid	-440	200	15103.530	15103.401	-0.129	103.53	-
ERRINGTON_MOUTH	grid	-440	220	15103.113	15103.046	-0.067	103.11	-
ERRINGTON_MOUTH	grid	-440	240	15102.626	15102.507	-0.119	102.63	-
ERRINGTON_MOUTH	grid	-440	260	15102.073	15101.995	-0.078	102.07	-
ERRINGTON_MOUTH	grid	-440	280	15101.459	15101.451	-0.008	101.46	-
ERRINGTON_MOUTH	grid	-440	300	15100.811	15100.777	-0.034	100.81	-
ERRINGTON_MOUTH	grid	-440	320	15100.124	15100.130	0.006	100.12	-
ERRINGTON_MOUTH	grid	-440	340	15099.425	15099.455	0.031	99.42	-
ERRINGTON_MOUTH	grid	-440	360	15098.726	15098.718	-0.008	98.73	-
ERRINGTON_MOUTH	grid	-440	380	15098.039	15098.039	0.000	98.04	-
ERRINGTON_MOUTH	grid	-440	400	15097.386	15097.433	0.047	97.39	-
ERRINGTON_MOUTH	grid	-440	420	15096.797	15096.840	0.043	96.80	-
ERRINGTON_MOUTH	grid	-440	440	15096.270	15096.327	0.058	96.27	-
ERRINGTON_MOUTH	grid	-440	460	15095.853	15095.962	0.109	95.85	-
ERRINGTON_MOUTH	grid	-440	480	15095.543	15095.733	0.190	95.54	-
ERRINGTON_MOUTH	grid	-440	500	15095.361	15095.443	0.082	95.36	-
ERRINGTON_MOUTH	grid	-420	-500	15088.577	15088.496	-0.081	88.58	-
ERRINGTON_MOUTH	grid	-420	-480	15088.912	15088.771	-0.140	88.91	-
ERRINGTON_MOUTH	grid	-420	-460	15089.161	15089.008	-0.152	89.16	-
ERRINGTON_MOUTH	grid	-420	-440	15089.305	15089.223	-0.083	89.31	-
ERRINGTON_MOUTH	grid	-420	-420	15089.360	15089.186	-0.174	89.36	-
ERRINGTON_MOUTH	grid	-420	-400	15089.316	15089.157	-0.159	89.32	-
ERRINGTON_MOUTH	grid	-420	-380	15089.189	15089.148	-0.042	89.19	-
ERRINGTON_MOUTH	grid	-420	-360	15089.001	15088.943	-0.058	89.00	-
ERRINGTON_MOUTH	grid	-420	-340	15088.772	15088.696	-0.076	88.77	-
ERRINGTON_MOUTH	grid	-420	-320	15088.542	15088.477	-0.065	88.54	-
ERRINGTON_MOUTH	grid	-420	-300	15088.359	15088.387	0.029	88.36	-
ERRINGTON_MOUTH	grid	-420	-280	15088.265	15088.347	0.083	88.26	-
ERRINGTON_MOUTH	grid	-420	-260	15088.315	15088.335	0.020	88.32	-
ERRINGTON_MOUTH	grid	-420	-240	15088.552	15088.739	0.187	88.55	-
ERRINGTON_MOUTH	grid	-420	-220	15088.995	15089.213	0.218	88.99	-
ERRINGTON_MOUTH	grid	-420	-200	15089.674	15089.712	0.038	89.67	-
ERRINGTON_MOUTH	grid	-420	-180	15090.565	15090.657	0.092	90.56	-
ERRINGTON_MOUTH	grid	-420	-160	15091.664	15091.776	0.112	91.66	-
ERRINGTON_MOUTH	grid	-420	-140	15092.909	15092.917	0.007	92.91	-
ERRINGTON_MOUTH	grid	-420	-120	15094.257	15094.208	-0.049	94.26	-
ERRINGTON_MOUTH	grid	-420	-100	15095.648	15095.577	-0.071	95.65	-
ERRINGTON_MOUTH	grid	-420	-80	15097.028	15096.971	-0.057	97.03	-
ERRINGTON_MOUTH	grid	-420	-60	15098.345	15098.258	-0.087	98.35	-
ERRINGTON_MOUTH	grid	-420	-40	15099.567	15099.376	-0.190	99.57	-
ERRINGTON_MOUTH	grid	-420	-20	15100.654	15100.521	-0.133	100.65	-
ERRINGTON_MOUTH	grid	-420	0	15101.604	15101.410	-0.193	101.60	-
ERRINGTON_MOUTH	grid	-420	20	15102.406	15102.193	-0.214	102.41	-
ERRINGTON_MOUTH	grid	-420	40	15103.057	15102.999	-0.058	103.06	-
ERRINGTON_MOUTH	grid	-420	60	15103.579	15103.442	-0.137	103.58	-
ERRINGTON_MOUTH	grid	-420	80	15103.958	15103.757	-0.201	103.96	-
ERRINGTON_MOUTH	grid	-420	100	15104.227	15104.099	-0.128	104.23	-
ERRINGTON_MOUTH	grid	-420	120	15104.382	15104.222	-0.160	104.38	-
ERRINGTON_MOUTH	grid	-420	140	15104.440	15104.254	-0.186	104.44	-
ERRINGTON_MOUTH	grid	-420	160	15104.413	15104.323	-0.090	104.41	-
ERRINGTON_MOUTH	grid	-420	180	15104.288	15104.209	-0.079	104.29	-
ERRINGTON_MOUTH	grid	-420	200	15104.097	15104.026	-0.071	104.10	-
ERRINGTON_MOUTH	grid	-420	220	15103.818	15103.780	-0.037	103.82	-
ERRINGTON_MOUTH	grid	-420	240	15103.477	15103.334	-0.144	103.48	-
ERRINGTON_MOUTH	grid	-420	260	15103.074	15102.940	-0.134	103.07	-
ERRINGTON_MOUTH	grid	-420	280	15102.606	15102.597	-0.009	102.61	-
ERRINGTON_MOUTH	grid	-420	300	15102.101	15102.066	-0.035	102.10	-
ERRINGTON_MOUTH	grid	-420	320	15101.535	15101.483	-0.052	101.53	-
ERRINGTON_MOUTH	grid	-420	340	15100.942	15100.926	-0.016	100.94	-
ERRINGTON_MOUTH	grid	-420	360	15100.322	15100.306	-0.016	100.32	-
ERRINGTON_MOUTH	grid	-420	380	15099.687	15099.688	0.001	99.69	-
ERRINGTON_MOUTH	grid	-420	400	15099.052	15099.097	0.045	99.05	-
ERRINGTON_MOUTH	grid	-420	420	15098.435	15098.503	0.068	98.43	-
ERRINGTON_MOUTH	grid	-420	440	15097.849	15097.928	0.079	97.85	-
ERRINGTON_MOUTH	grid	-420	460	15097.327	15097.350	0.023	97.33	-
ERRINGTON_MOUTH	grid	-420	480	15096.881	15096.897	0.017	96.88	-
ERRINGTON_MOUTH	grid	-420	500	15096.535	15096.576	0.041	96.53	-
ERRINGTON_MOUTH	grid	-400	-500	15088.422	15088.347	-0.075	88.42	-
ERRINGTON_MOUTH	grid	-400	-480	15088.798	15088.707	-0.092	88.80	-
ERRINGTON_MOUTH	grid	-400	-460	15089.088	15088.908	-0.179	89.09	-
ERRINGTON_MOUTH	grid	-400	-440	15089.281	15089.123	-0.158	89.28	-
ERRINGTON_MOUTH	grid	-400	-420	15089.385	15089.281	-0.104	89.39	-
ERRINGTON_MOUTH	grid	-400	-400	15089.381	15089.252	-0.129	89.38	-
ERRINGTON_MOUTH	grid	-400	-380	15089.294	15089.165	-0.128	89.29	-
ERRINGTON_MOUTH	grid	-400	-360	15089.131	15089.054	-0.077	89.13	-
ERRINGTON_MOUTH	grid	-400	-340	15088.915	15088.837	-0.079	88.92	-
ERRINGTON_MOUTH	grid	-400	-320	15088.684	15088.647	-0.037	88.68	-
ERRINGTON_MOUTH	grid	-400	-300	15088.479	15088.481	0.002	88.48	-
ERRINGTON_MOUTH	grid	-400	-280	15088.349	15088.444	0.095	88.35	-
ERRINGTON_MOUTH	grid	-400	-260	15088.346	15088.435	0.089	88.35	-
ERRINGTON_MOUTH	grid	-400	-240	15088.513	15088.516	0.003	88.51	-
ERRINGTON_MOUTH	grid	-400	-220	15088.880	15089.058	0.179	88.88	-
ERRINGTON_MOUTH	grid	-400	-200	15089.480	15089.627	0.147	89.48	-
ERRINGTON_MOUTH	grid	-400	-180	15090.287	15090.309	0.022	90.29	-
ERRINGTON_MOUTH	grid	-400	-160	15091.312	15091.436	0.124	91.31	-
ERRINGTON_MOUTH	grid	-400	-140	15092.492	15092.577	0.085	92.49	-
ERRINGTON_MOUTH	grid	-400	-120	15093.788	15093.757	-0.032	93.79	-
ERRINGTON_MOUTH	grid	-400	-100	15095.144	15095.126	-0.018	95.14	-
ERRINGTON_MOUTH	grid	-400	-80	15096.505	15096.469	-0.036	96.50	-
ERRINGTON_MOUTH	grid	-400	-60	15097.817	15097.778	-0.039	97.82	-
ERRINGTON_MOUTH	grid	-400	-40	15099.050	15098.855	-0.195	99.05	-
ERRINGTON_MOUTH	grid	-400	-20	15100.164	15099.958	-0.206	100.16	-
ERRINGTON_MOUTH	grid	-400	0	15101.147	15101.109	-0.038	101.15	-
ERRINGTON_MOUTH	grid	-400	20	15101.993	15101.838	-0.155	101.99	-
ERRINGTON_MOUTH	grid	-400	40	15102.699	15102.522	-0.177	102.70	-
ERRINGTON_MOUTH	grid	-400	60	15103.279	15103.217	-0.062	103.28	-
ERRINGTON_MOUTH	grid	-400	80	15103.734	15103.566	-0.168	103.73	-
ERRINGTON_MOUTH	grid	-400	100	15104.081	15103.942	-0.140	104.08	-
ERRINGTON_MOUTH	grid	-400	120	15104.331	15104.319	-0.012	104.33	-
ERRINGTON_MOUTH	grid	-400	140	15104.487	15104.385	-0.102	104.49	-
ERRINGTON_MOUTH	grid	-400	160	15104.571	15104.455	-0.117	104.57	-
ERRINGTON_MOUTH	grid	-400	180	15104.570	15104.532	-0.037	104.57	-
ERRINGTON_MOUTH	grid	-400	200	15104.512	15104.349	-0.162	104.51	-
ERRINGTON_MOUTH	grid	-400	220	15104.380	15104.225	-0.155	104.38	-
ERRINGTON_MOUTH	grid	-400	240	15104.195	15104.203	0.007	104.20	-
ERRINGTON_MOUTH	grid	-400	260	15103.955	15103.937	-0.018	103.96	-
ERRINGTON_MOUTH	grid	-400	280	15103.651	15103.651	-0.000	103.65	-
ERRINGTON_MOUTH	grid	-400	300	15103.304	15103.302	-0.002	103.30	-
ERRINGTON_MOUTH	grid	-400	320	15102.893	15102.746	-0.147	102.89	-
ERRINGTON_MOUTH	grid	-400	340	15102.440	15102.369	-0.071	102.44	-
ERRINGTON_MOUTH	grid	-400	360	15101.932	15101.977	0.045	101.93	-
ERRINGTON_MOUTH	grid	-400	380	15101.382	15101.361	-0.021	101.38	-
ERRINGTON_MOUTH	grid	-400	400	15100.801	15100.772	-0.029	100.80	-
ERRINGTON_MOUTH	grid	-400	420	15100.191	15100.198	0.008	100.19	-
ERRINGTON_MOUTH	grid	-400	440	15099.576	15099.578	0.002	99.58	-
ERRINGTON_MOUTH	grid	-400	460	15098.976	15098.984	0.009	98.98	-
ERRINGTON_MOUTH	grid	-400	480	15098.413	15098.450	0.037	98.41	-
ERRINGTON_MOUTH	grid	-400	500	15097.908	15098.044	0.136	97.91	-
ERRINGTON_MOUTH	grid	-380	-500	15088.173	15088.013	-0.159	88.17	-
ERRINGTON_MOUTH	grid	-380	-480	15088.587	15088.464	-0.123	88.59	-
ERRINGTON_MOUTH	grid	-380	-460	15088.921	15088.758	-0.163	88.92	-
ERRINGTON_MOUTH	grid	-380	-440	15089.163	15088.995	-0.167	89.16	-
ERRINGTON_MOUTH	grid	-380	-420	15089.315	15089.233	-0.082	89.32	-
ERRINGTON_MOUTH	grid	-380	-400	15089.363	15089.241	-0.122	89.36	-
ERRINGTON_MOUTH	grid	-380	-380	15089.319	15089.148	-0.170	89.32	-
ERRINGTON_MOUTH	grid	-380	-360	15089.189	15089.074	-0.114	89.19	-
ERRINGTON_MOUTH	grid	-380	-340	15088.998	15088.931	-0.067	89.00	-
ERRINGTON_MOUTH	grid	-380	-320	15088.774	15088.733	-0.041	88.77	-
ERRINGTON_MOUTH	grid	-380	-300	15088.563	15088.524	-0.039	88.56	-
ERRINGTON_MOUTH	grid	-380	-280	15088.407	15088.451	0.044	88.41	-
ERRINGTON_MOUTH	grid	-380	-260	15088.362	15088.505	0.144	88.36	-
ERRINGTON_MOUTH	grid	-380	-240	15088.472	15088.579	0.107	88.47	-
ERRINGTON_MOUTH	grid	-380	-220	15088.776	15088.866	0.090	88.78	-
ERRINGTON_MOUTH	grid	-380	-200	15089.302	15089.504	0.202	89.30	-
ERRINGTON_MOUTH	grid	-380	-180	15090.037	15090.169	0.132	90.04	-
ERRINGTON_MOUTH	grid	-380	-160	15090.994	15091.060	0.066	90.99	-
ERRINGTON_MOUTH	grid	-380	-140	15092.109	15092.220	0.111	92.11	-
ERRINGTON_MOUTH	grid	-380	-120	15093.356	15093.406	0.051	93.36	-
ERRINGTON_MOUTH	grid	-380	-100	15094.674	15094.625	-0.049	94.67	-
ERRINGTON_MOUTH	grid	-380	-80	15096.006	15095.903	-0.103	96.01	-
ERRINGTON_MOUTH	grid	-380	-60	15097.304	15097.227	-0.078	97.30	-
ERRINGTON_MOUTH	grid	-380	-40	15098.536	15098.464	-0.072	98.54	-
ERRINGTON_MOUTH	grid	-380	-20	15099.660	15099.567	-0.093	99.66	-
ERRINGTON_MOUTH	grid	-380	0	15100.668	15100.583	-0.085	100.67	-
ERRINGTON_MOUTH	grid	-380	20	15101.547	15101.442	-0.105	101.55	-
ERRINGTON_MOUTH	grid	-380	40	15102.290	15102.093	-0.197	102.29	-
ERRINGTON_MOUTH	grid	-380	60	15102.924	15102.783	-0.141	102.92	-
ERRINGTON_MOUTH	grid	-380	80	15103.433	15103.362	-0.071	103.43	-
ERRINGTON_MOUTH	grid	-380	100	15103.848	15103.712	-0.136	103.85	-
ERRINGTON_MOUTH	grid	-380	120	15104.173	15104.080	-0.093	104.17	-
ERRINGTON_MOUTH	grid	-380	140	15104.421	15104.355	-0.066	104.42	-
ERRINGTON_MOUTH	grid	-380	160	15104.606	15104.491	-0.116	104.61	-
ERRINGTON_MOUTH	grid	-380	180	15104.724	15104.653	-0.072	104.72	-
ERRINGTON_MOUTH	grid	-380	200	15104.799	15104.785	-0.014	104.80	-
ERRINGTON_MOUTH	grid	-380	220	15104.812	15104.760	-0.053	104.81	-
ERRINGTON_MOUTH	grid	-380	240	15104.787	15104.761	-0.026	104.79	-
ERRINGTON_MOUTH	grid	-380	260	15104.716	15104.655	-0.061	104.72	-
ERRINGTON_MOUTH	grid	-380	280	15104.589	15104.416	-0.173	104.59	-
ERRINGTON_MOUTH	grid	-380	300	15104.424	15104.329	-0.095	104.42	-
ERRINGTON_MOUTH	grid	-380	320	15104.186	15104.186	-0.000	104.19	-
ERRINGTON_MOUTH	grid	-380	340	15103.897	15103.885	-0.012	103.90	-
ERRINGTON_MOUTH	grid	-380	360	15103.536	15103.535	-0.001	103.54	-
ERRINGTON_MOUTH	grid	-380	380	15103.106	15103.057	-0.049	103.11	-
ERRINGTON_MOUTH	grid	-380	400	15102.609	15102.501	-0.107	102.61	-
ERRINGTON_MOUTH	grid	-380	420	15102.044	15102.010	-0.034	102.04	-
ERRINGTON_MOUTH	grid	-380	440	15101.427	15101.408	-0.018	101.43	-
ERRINGTON_MOUTH	grid	-380	460	15100.778	15100.732	-0.045	100.78	-
ERRINGTON_MOUTH	grid	-380	480	15100.118	15100.083	-0.035	100.12	-
ERRINGTON_MOUTH	grid	-380	500	15099.475	15099.539	0.063	99.48	-
ERRINGTON_MOUTH	grid	-360	-500	15087.815	15087.662	-0.154	87.82	-
ERRINGTON_MOUTH	grid	-360	-480	15088.267	15088.141	-0.126	88.27	-
ERRINGTON_MOUTH	grid	-360	-460	15088.648	15088.625	-0.023	88.65	-
ERRINGTON_MOUTH	grid	-360	-440	15088.940	15088.795	-0.146	88.94	-
ERRINGTON_MOUTH	grid	-360	-420	15089.143	15088.960	-0.183	89.14	-
ERRINGTON_MOUTH	grid	-360	-400	15089.243	15089.153	-0.089	89.24	-
ERRINGTON_MOUTH	grid	-360	-380	15089.249	15089.086	-0.163	89.25	-
ERRINGTON_MOUTH	grid	-360	-360	15089.164	15089.036	-0.128	89.16	-
ERRINGTON_MOUTH	grid	-360	-340	15089.004	15088.964	-0.039	89.00	-
ERRINGTON_MOUTH	grid	-360	-320	15088.801	15088.787	-0.014	88.80	-
ERRINGTON_MOUTH	grid	-360	-300	15088.592	15088.580	-0.012	88.59	-
ERRINGTON_MOUTH	grid	-360	-280	15088.426	15088.398	-0.028	88.43	-
ERRINGTON_MOUTH	grid	-360	-260	15088.356	15088.425	0.069	88.36	-
ERRINGTON_MOUTH	grid	-360	-240	15088.431	15088.543	0.112	88.43	-
ERRINGTON_MOUTH	grid	-360	-220	15088.686	15088.732	0.046	88.69	-
ERRINGTON_MOUTH	grid	-360	-200	15089.157	15089.347	0.190	89.16	-
ERRINGTON_MOUTH	grid	-360	-180	15089.833	15090.068	0.236	89.83	-
ERRINGTON_MOUTH	grid	-360	-160	15090.729	15090.790	0.061	90.73	-
ERRINGTON_MOUTH	grid	-360	-140	15091.793	15091.869	0.076	91.79	-
ERRINGTON_MOUTH	grid	-360	-120	15092.991	15093.069	0.078	92.99	-
ERRINGTON_MOUTH	grid	-360	-100	15094.267	15094.296	0.029	94.27	-
ERRINGTON_MOUTH	grid	-360	-80	15095.569	15095.537	-0.033	95.57	-
ERRINGTON_MOUTH	grid	-360	-60	15096.855	15096.801	-0.054	96.86	-
ERRINGTON_MOUTH	grid	-360	-40	15098.075	15098.069	-0.006	98.07	-
ERRINGTON_MOUTH	grid	-360	-20	15099.201	15099.033	-0.168	99.20	-
ERRINGTON_MOUTH	grid	-360	0	15100.216	15100.027	-0.190	100.22	-
ERRINGTON_MOUTH	grid	-360	20	15101.111	15101.047	-0.064	101.11	-
ERRINGTON_MOUTH	grid	-360	40	15101.884	15101.788	-0.096	101.88	-
ERRINGTON_MOUTH	grid	-360	60	15102.546	15102.453	-0.093	102.55	-
ERRINGTON_MOUTH	grid	-360	80	15103.100	15103.070	-0.030	103.10	-
ERRINGTON_MOUTH	grid	-360	100	15103.567	15103.481	-0.086	103.57	-
ERRINGTON_MOUTH	grid	-360	120	15103.955	15103.854	-0.102	103.96	-
ERRINGTON_MOUTH	grid	-360	140	15104.280	15104.249	-0.031	104.28	-
ERRINGTON_MOUTH	grid	-360	160	15104.554	15104.450	-0.104	104.55	-
ERRINGTON_MOUTH	grid	-360	180	15104.776	15104.695	-0.080	104.78	-
ERRINGTON_MOUTH	grid	-360	200	15104.970	15104.968	-0.002	104.97	-
ERRINGTON_MOUTH	grid	-360	220	15105.125	15105.086	-0.039	105.13	-
ERRINGTON_MOUTH	grid	-360	240	15105.254	15105.188	-0.066	105.25	-
ERRINGTON_MOUTH	grid	-360	260	15105.355	15105.317	-0.038	105.36	-
ERRINGTON_MOUTH	grid	-360	280	15105.409	15105.375	-0.034	105.41	-
ERRINGTON_MOUTH	grid	-360	300	15105.432	15105.385	-0.047	105.43	-
ERRINGTON_MOUTH	grid	-360	320	15105.385	15105.421	0.036	105.38	-
ERRINGTON_MOUTH	grid	-360	340	15105.278	15105.167	-0.111	105.28	-
ERRINGTON_MOUTH	grid	-360	360	15105.091	15104.893	-0.198	105.09	-
ERRINGTON_MOUTH	grid	-360	380	15104.807	15104.801	-0.006	104.81	-
ERRINGTON_MOUTH	grid	-360	400	15104.434	15104.324	-0.110	104.43	-
ERRINGTON_MOUTH	grid	-360	420	15103.942	15103.833	-0.110	103.94	-
ERRINGTON_MOUTH	grid	-360	440	15103.364	15103.368	0.003	103.36	-
ERRINGTON_MOUTH	grid	-360	460	15102.701	15102.701	0.000	102.70	-
ERRINGTON_MOUTH	grid	-360	480	15101.977	15101.944	-0.032	101.98	-
ERRINGTON_MOUTH	grid	-360	500	15101.218	15101.188	-0.031	101.22	-
ERRINGTON_MOUTH	grid	-340	-500	15087.369	15087.269	-0.100	87.37	-
ERRINGTON_MOUTH	grid	-340	-480	15087.855	15087.739	-0.116	87.86	-
ERRINGTON_MOUTH	grid	-340	-460	15088.277	15088.152	-0.125	88.28	-
ERRINGTON_MOUTH	grid	-340	-440	15088.614	15088.490	-0.124	88.61	-
ERRINGTON_MOUTH	grid	-340	-420	15088.873	15088.683	-0.190	88.87	-
ERRINGTON_MOUTH	grid	-340	-400	15089.025	15088.902	-0.123	89.03	-
ERRINGTON_MOUTH	grid	-340	-380	15089.086	15089.035	-0.051	89.09	-
ERRINGTON_MOUTH	grid	-340	-360	15089.044	15088.902	-0.142	89.04	-
ERRINGTON_MOUTH	grid	-340	-340	15088.925	15088.794	-0.131	88.92	-
ERRINGTON_MOUTH	grid	-340	-320	15088.757	15088.686	-0.071	88.76	-
ERRINGTON_MOUTH	grid	-340	-300	15088.563	15088.526	-0.037	88.56	-
ERRINGTON_MOUTH	grid	-340	-280	15088.404	15088.394	-0.010	88.40	-
ERRINGTON_MOUTH	grid	-340	-260	15088.328	15088.382	0.054	88.33	-
ERRINGTON_MOUTH	grid	-340	-240	15088.382	15088.603	0.221	88.38	-
ERRINGTON_MOUTH	grid	-340	-220	15088.610	15088.792	0.182	88.61	-
ERRINGTON_MOUTH	grid	-340	-200	15089.041	15089.097	0.056	89.04	-
ERRINGTON_MOUTH	grid	-340	-180	15089.682	15089.819	0.136	89.68	-
ERRINGTON_MOUTH	grid	-340	-160	15090.531	15090.668	0.136	90.53	-
ERRINGTON_MOUTH	grid	-340	-140	15091.551	15091.614	0.064	91.55	-
ERRINGTON_MOUTH	grid	-340	-120	15092.710	15092.789	0.079	92.71	-
ERRINGTON_MOUTH	grid	-340	-100	15093.956	15093.990	0.034	93.96	-
ERRINGTON_MOUTH	grid	-340	-80	15095.230	15095.238	0.008	95.23	-
ERRINGTON_MOUTH	grid	-340	-60	15096.494	15096.440	-0.054	96.49	-
ERRINGTON_MOUTH	grid	-340	-40	15097.703	15097.637	-0.066	97.70	-
ERRINGTON_MOUTH	grid	-340	-20	15098.819	15098.814	-0.005	98.82	-
ERRINGTON_MOUTH	grid	-340	0	15099.833	15099.718	-0.115	99.83	-
ERRINGTON_MOUTH	grid	-340	20	15100.733	15100.649	-0.085	100.73	-
ERRINGTON_MOUTH	grid	-340	40	15101.517	15101.491	-0.025	101.52	-
ERRINGTON_MOUTH	grid	-340	60	15102.200	15102.051	-0.149	102.20	-
ERRINGTON_MOUTH	grid	-340	80	15102.781	15102.668	-0.113	102.78	-
ERRINGTON_MOUTH	grid	-340	100	15103.282	15103.269	-0.013	103.28	-
ERRINGTON_MOUTH	grid	-340	120	15103.718	15103.641	-0.078	103.72	-
ERRINGTON_MOUTH	grid	-340	140	15104.101	15104.045	-0.055	104.10	-
ERRINGTON_MOUTH	grid	-340	160	15104.446	15104.457	0.012	104.45	-
ERRINGTON_MOUTH	grid	-340	180	15104.760	15104.758	-0.002	104.76	-
ERRINGTON_MOUTH	grid	-340	200	15105.060	15105.067	0.008	105.06	-
ERRINGTON_MOUTH	grid	-340	220	15105.343	15105.326	-0.017	105.34	-
ERRINGTON_MOUTH	grid	-340	240	15105.615	15105.504	-0.111	105.62	-
ERRINGTON_MOUTH	grid	-340	260	15105.881	15105.838	-0.043	105.88	-
ERRINGTON_MOUTH	grid	-340	280	15106.112	15106.142	0.030	106.11	-
ERRINGTON_MOUTH	grid	-340	300	15106.327	15106.264	-0.062	106.33	-
ERRINGTON_MOUTH	grid	-340	320	15106.475	15106.414	-0.061	106.48	-
ERRINGTON_MOUTH	grid	-340	340	15106.571	15106.528	-0.043	106.57	-
ERRINGTON_MOUTH	grid	-340	360	15106.569	15106.430	-0.139	106.57	-
ERRINGTON_MOUTH	grid	-340	380	15106.456	15106.360	-0.096	106.46	-
ERRINGTON_MOUTH	grid	-340	400	15106.229	15106.176	-0.053	106.23	-
ERRINGTON_MOUTH	grid	-340	420	15105.848	15105.684	-0.164	105.85	-
ERRINGTON_MOUTH	grid	-340	440	15105.340	15105.215	-0.125	105.34	-
ERRINGTON_MOUTH	grid	-340	460	15104.699	15104.608	-0.091	104.70	-
ERRINGTON_MOUTH	grid	-340	480	15103.945	15103.751	-0.194	103.94	-
ERRINGTON_MOUTH	grid	-340	500	15103.107	15102.994	-0.112	103.11	-
ERRINGTON_MOUTH	grid	-320	-500	15086.830	15086.785	-0.045	86.83	-
ERRINGTON_MOUTH	grid	-320	-480	15087.344	15087.232	-0.112	87.34	-
ERRINGTON_MOUTH	grid	-320	-460	15087.808	15087.653	-0.155	87.81	-
ERRINGTON_MOUTH	grid	-320	-440	15088.188	15088.092	-0.096	88.19	-
ERRINGTON_MOUTH	grid	-320	-420	15088.497	15088.364	-0.133	88.50	-
ERRINGTON_MOUTH	grid	-320	-400	15088.703	15088.545	-0.157	88.70	-
ERRINGTON_MOUTH	grid	-320	-380	15088.813	15088.694	-0.119	88.81	-
ERRINGTON_MOUTH	grid	-320	-360	15088.828	15088.690	-0.138	88.83	-
ERRINGTON_MOUTH	grid	-320	-340	15088.754	15088.618	-0.135	88.75	-
ERRINGTON_MOUTH	grid	-320	-320	15088.624	15088.570	-0.055	88.62	-
ERRINGTON_MOUTH	grid	-320	-300	15088.465	15088.462	-0.004	88.47	-
ERRINGTON_MOUTH	grid	-320	-280	15088.330	15088.365	0.035	88.33	-
ERRINGTON_MOUTH	grid	-320	-260	15088.265	15088.295	0.029	88.27	-
ERRINGTON_MOUTH	grid	-320	-240	15088.323	15088.415	0.092	88.32	-
ERRINGTON_MOUTH	grid	-320	-220	15088.543	15088.685	0.142	88.54	-
ERRINGTON_MOUTH	grid	-320	-200	15088.961	15089.014	0.053	88.96	-
ERRINGTON_MOUTH	grid	-320	-180	15089.582	15089.735	0.153	89.58	-
ERRINGTON_MOUTH	grid	-320	-160	15090.409	15090.631	0.222	90.41	-
ERRINGTON_MOUTH	grid	-320	-140	15091.405	15091.539	0.134	91.41	-
ERRINGTON_MOUTH	grid	-320	-120	15092.539	15092.598	0.058	92.54	-
ERRINGTON_MOUTH	grid	-320	-100	15093.761	15093.800	0.039	93.76	-
ERRINGTON_MOUTH	grid	-320	-80	15095.014	15095.045	0.031	95.01	-
ERRINGTON_MOUTH	grid	-320	-60	15096.260	15096.214	-0.047	96.26	-
ERRINGTON_MOUTH	grid	-320	-40	15097.448	15097.308	-0.140	97.45	-
ERRINGTON_MOUTH	grid	-320	-20	15098.555	15098.457	-0.098	98.55	-
ERRINGTON_MOUTH	grid	-320	0	15099.558	15099.535	-0.024	99.56	-
ERRINGTON_MOUTH	grid	-320	20	15100.451	15100.346	-0.105	100.45	-
ERRINGTON_MOUTH	grid	-320	40	15101.236	15101.180	-0.056	101.24	-
ERRINGTON_MOUTH	grid	-320	60	15101.917	15101.872	-0.045	101.92	-
ERRINGTON_MOUTH	grid	-320	80	15102.510	15102.424	-0.086	102.51	-
ERRINGTON_MOUTH	grid	-320	100	15103.031	15103.002	-0.028	103.03	-
ERRINGTON_MOUTH	grid	-320	120	15103.498	15103.466	-0.033	103.50	-
ERRINGTON_MOUTH	grid	-320	140	15103.921	15103.877	-0.044	103.92	-
ERRINGTON_MOUTH	grid	-320	160	15104.321	15104.316	-0.006	104.32	-
ERRINGTON_MOUTH	grid	-320	180	15104.709	15104.693	-0.016	104.71	-
ERRINGTON_MOUTH	grid	-320	200	15105.100	15105.021	-0.079	105.10	-
ERRINGTON_MOUTH	grid	-320	220	15105.491	15105.483	-0.008	105.49	-
ERRINGTON_MOUTH	grid	-320	240	15105.895	15105.941	0.046	105.89	-
ERRINGTON_MOUTH	grid	-320	260	15106.308	15106.377	0.069	106.31	-
ERRINGTON_MOUTH	grid	-320	280	15106.711	15106.753	0.042	106.71	-
ERRINGTON_MOUTH	grid	-320	300	15107.107	15106.984	-0.122	107.11	-
ERRINGTON_MOUTH	grid	-320	320	15107.452	15107.295	-0.157	107.45	-
ERRINGTON_MOUTH	grid	-320	340	15107.743	15107.704	-0.040	107.74	-
ERRINGTON_MOUTH	grid	-320	360	15107.944	15107.851	-0.094	107.94	-
ERRINGTON_MOUTH	grid	-320	380	15108.017	15107.854	-0.163	108.02	-
ERRINGTON_MOUTH	grid	-320	400	15107.961	15107.884	-0.077	107.96	-
ERRINGTON_MOUTH	grid	-320	420	15107.716	15107.553	-0.163	107.72	-
ERRINGTON_MOUTH	grid	-320	440	15107.314	15107.072	-0.242	107.31	-
ERRINGTON_MOUTH	grid	-320	460	15106.726	15106.617	-0.109	106.73	-
ERRINGTON_MOUTH	grid	-320	480	15105.983	15105.866	-0.117	105.98	-
ERRINGTON_MOUTH	grid	-320	500	15105.104	15105.022	-0.082	105.10	-
ERRINGTON_MOUTH	grid	-300	-500	15086.219	15086.112	-0.108	86.22	-
ERRINGTON_MOUTH	grid	-300	-480	15086.756	15086.667	-0.088	86.76	-
ERRINGTON_MOUTH	grid	-300	-460	15087.243	15087.105	-0.138	87.24	-
ERRINGTON_MOUTH	grid	-300	-440	15087.665	15087.568	-0.096	87.66	-
ERRINGTON_MOUTH	grid	-300	-420	15088.017	15087.965	-0.051	88.02	-
ERRINGTON_MOUTH	grid	-300	-400	15088.275	15088.114	-0.161	88.27	-
ERRINGTON_MOUTH	grid	-300	-380	15088.438	15088.265	-0.173	88.44	-
ERRINGTON_MOUTH	grid	-300	-360	15088.504	15088.440	-0.064	88.50	-
ERRINGTON_MOUTH	grid	-300	-340	15088.484	15088.369	-0.115	88.48	-
ERRINGTON_MOUTH	grid	-300	-320	15088.405	15088.302	-0.103	88.40	-
ERRINGTON_MOUTH	grid	-300	-300	15088.290	15088.252	-0.039	88.29	-
ERRINGTON_MOUTH	grid	-300	-280	15088.193	15088.237	0.044	88.19	-
ERRINGTON_MOUTH	grid	-300	-260	15088.156	15088.249	0.093	88.16	-
ERRINGTON_MOUTH	grid	-300	-240	15088.237	15088.254	0.016	88.24	-
ERRINGTON_MOUTH	grid	-300	-220	15088.474	15088.612	0.138	88.47	-
ERRINGTON_MOUTH	grid	-300	-200	15088.900	15089.101	0.201	88.90	-
ERRINGTON_MOUTH	grid	-300	-180	15089.523	15089.616	0.094	89.52	-
ERRINGTON_MOUTH	grid	-300	-160	15090.349	15090.498	0.148	90.35	-
ERRINGTON_MOUTH	grid	-300	-140	15091.340	15091.447	0.106	91.34	-
ERRINGTON_MOUTH	grid	-300	-120	15092.466	15092.498	0.032	92.47	-
ERRINGTON_MOUTH	grid	-300	-100	15093.677	15093.659	-0.018	93.68	-
ERRINGTON_MOUTH	grid	-300	-80	15094.919	15094.904	-0.015	94.92	-
ERRINGTON_MOUTH	grid	-300	-60	15096.153	15096.176	0.023	96.15	-
ERRINGTON_MOUTH	grid	-300	-40	15097.328	15097.298	-0.030	97.33	-
ERRINGTON_MOUTH	grid	-300	-20	15098.419	15098.378	-0.041	98.42	-
ERRINGTON_MOUTH	grid	-300	0	15099.406	15099.414	0.007	99.41	-
ERRINGTON_MOUTH	grid	-300	20	15100.288	15100.160	-0.128	100.29	-
ERRINGTON_MOUTH	grid	-300	40	15101.060	15100.882	-0.178	101.06	-
ERRINGTON_MOUTH	grid	-300	60	15101.735	15101.711	-0.025	101.74	-
ERRINGTON_MOUTH	grid	-300	80	15102.322	15102.289	-0.033	102.32	-
ERRINGTON_MOUTH	grid	-300	100	15102.847	15102.804	-0.043	102.85	-
ERRINGTON_MOUTH	grid	-300	120	15103.324	15103.345	0.021	103.32	-
ERRINGTON_MOUTH	grid	-300	140	15103.771	15103.765	-0.006	103.77	-
ERRINGTON_MOUTH	grid	-300	160	15104.210	15104.192	-0.019	104.21	-
ERRINGTON_MOUTH	grid	-300	180	15104.648	15104.655	0.006	104.65	-
ERRINGTON_MOUTH	grid	-300	200	15105.109	15105.147	0.038	105.11	-
ERRINGTON_MOUTH	grid	-300	220	15105.593	15105.640	0.047	105.59	-
ERRINGTON_MOUTH	grid	-300	240	15106.104	15106.159	0.055	106.10	-
ERRINGTON_MOUTH	grid	-300	260	15106.647	15106.603	-0.044	106.65	-
ERRINGTON_MOUTH	grid	-300	280	15107.206	15107.088	-0.117	107.21	-
ERRINGTON_MOUTH	grid	-300	300	15107.776	15107.801	0.026	107.78	-
ERRINGTON_MOUTH	grid	-300	320	15108.307	15108.302	-0.006	108.31	-
ERRINGTON_MOUTH	grid	-300	340	15108.793	15108.778	-0.015	108.79	-
ERRINGTON_MOUTH	grid	-300	360	15109.193	15109.209	0.016	109.19	-
ERRINGTON_MOUTH	grid	-300	380	15109.461	15109.214	-0.247	109.46	-
ERRINGTON_MOUTH	grid	-300	400	15109.592	15109.343	-0.249	109.59	-
ERRINGTON_MOUTH	grid	-300	420	15109.505	15109.459	-0.047	109.51	-
ERRINGTON_MOUTH	grid	-300	440	15109.231	15108.969	-0.261	109.23	-
ERRINGTON_MOUTH	grid	-300	460	15108.740	15108.507	-0.233	108.74	-
ERRINGTON_MOUTH	grid	-300	480	15108.038	15108.022	-0.016	108.04	-
ERRINGTON_MOUTH	grid	-300	500	15107.159	15106.982	-0.177	107.16	-
ERRINGTON_MOUTH	grid	-280	-500	15085.545	15085.448	-0.097	85.55	-
ERRINGTON_MOUTH	grid	-280	-480	15086.094	15086.036	-0.057	86.09	-
ERRINGTON_MOUTH	grid	-280	-460	15086.603	15086.545	-0.058	86.60	-
ERRINGTON_MOUTH	grid	-280	-440	15087.056	15086.909	-0.147	87.06	-
ERRINGTON_MOUTH	grid	-280	-420	15087.443	15087.300	-0.143	87.44	-
ERRINGTON_MOUTH	grid	-280	-400	15087.744	15087.612	-0.132	87.74	-
ERRINGTON_MOUTH	grid	-280	-380	15087.958	15087.788	-0.170	87.96	-
ERRINGTON_MOUTH	grid	-280	-360	15088.079	15087.982	-0.097	88.08	-
ERRINGTON_MOUTH	grid	-280	-340	15088.111	15088.064	-0.047	88.11	-
ERRINGTON_MOUTH	grid	-280	-320	15088.087	15088.034	-0.053	88.09	-
ERRINGTON_MOUTH	grid	-280	-300	15088.026	15087.984	-0.042	88.03	-
ERRINGTON_MOUTH	grid	-280	-280	15087.979	15087.963	-0.015	87.98	-
ERRINGTON_MOUTH	grid	-280	-260	15087.992	15087.976	-0.016	87.99	-
ERRINGTON_MOUTH	grid	-280	-240	15088.116	15088.177	0.060	88.12	-
ERRINGTON_MOUTH	grid	-280	-220	15088.388	15088.497	0.109	88.39	-
ERRINGTON_MOUTH	grid	-280	-200	15088.848	15089.088	0.240	88.85	-
ERRINGTON_MOUTH	grid	-280	-180	15089.496	15089.706	0.210	89.50	-
ERRINGTON_MOUTH	grid	-280	-160	15090.343	15090.365	0.022	90.34	-
ERRINGTON_MOUTH	grid	-280	-140	15091.352	15091.455	0.103	91.35	-
ERRINGTON_MOUTH	grid	-280	-120	15092.487	15092.591	0.104	92.49	-
ERRINGTON_MOUTH	grid	-280	-100	15093.705	15093.753	0.048	93.71	-
ERRINGTON_MOUTH	grid	-280	-80	15094.949	15094.940	-0.009	94.95	-
ERRINGTON_MOUTH	grid	-280	-60	15096.177	15096.154	-0.024	96.18	-
ERRINGTON_MOUTH	grid	-280	-40	15097.343	15097.294	-0.049	97.34	-
ERRINGTON_MOUTH	grid	-280	-20	15098.424	15098.236	-0.187	98.42	-
ERRINGTON_MOUTH	grid	-280	0	15099.397	15099.273	-0.125	99.40	-
ERRINGTON_MOUTH	grid	-280	20	15100.259	15100.253	-0.006	100.26	-
ERRINGTON_MOUTH	grid	-280	40	15101.012	15100.976	-0.037	101.01	-
ERRINGTON_MOUTH	grid	-280	60	15101.668	15101.639	-0.029	101.67	-
ERRINGTON_MOUTH	grid	-280	80	15102.244	15102.236	-0.008	102.24	-
ERRINGTON_MOUTH	grid	-280	100	15102.760	15102.681	-0.079	102.76	-
ERRINGTON_MOUTH	grid	-280	120	15103.232	15103.165	-0.067	103.23	-
ERRINGTON_MOUTH	grid	-280	140	15103.688	15103.692	0.004	103.69	-
ERRINGTON_MOUTH	grid	-280	160	15104.144	15104.148	0.005	104.14	-
ERRINGTON_MOUTH	grid	-280	180	15104.620	15104.652	0.032	104.62	-
ERRINGTON_MOUTH	grid	-280	200	15105.128	15105.179	0.051	105.13	-
ERRINGTON_MOUTH	grid	-280	220	15105.679	15105.723	0.044	105.68	-
ERRINGTON_MOUTH	grid	-280	240	15106.284	15106.294	0.010	106.28	-
ERRINGTON_MOUTH	grid	-280	260	15106.939	15106.969	0.030	106.94	-
ERRINGTON_MOUTH	grid	-280	280	15107.629	15107.656	0.026	107.63	-
ERRINGTON_MOUTH	grid	-280	300	15108.347	15108.369	0.022	108.35	-
ERRINGTON_MOUTH	grid	-280	320	15109.048	15109.024	-0.024	109.05	-
ERRINGTON_MOUTH	grid	-280	340	15109.718	15109.543	-0.175	109.72	-
ERRINGTON_MOUTH	grid	-280	360	15110.311	15110.160	-0.151	110.31	-
ERRINGTON_MOUTH	grid	-280	380	15110.775	15110.676	-0.099	110.77	-
ERRINGTON_MOUTH	grid	-280	400	15111.089	15110.865	-0.224	111.09	-
ERRINGTON_MOUTH	grid	-280	420	15111.180	15111.022	-0.158	111.18	-
ERRINGTON_MOUTH	grid	-280	440	15111.062	15110.908	-0.154	111.06	-
ERRINGTON_MOUTH	grid	-280	460	15110.689	15110.409	-0.280	110.69	-
ERRINGTON_MOUTH	grid	-280	480	15110.074	15109.867	-0.206	110.07	-
ERRINGTON_MOUTH	grid	-280	500	15109.230	15109.040	-0.190	109.23	-
ERRINGTON_MOUTH	grid	-260	-500	15084.826	15084.775	-0.050	84.83	-
ERRINGTON_MOUTH	grid	-260	-480	15085.373	15085.300	-0.073	85.37	-
ERRINGTON_MOUTH	grid	-260	-460	15085.892	15085.815	-0.078	85.89	-
ERRINGTON_MOUTH	grid	-260	-440	15086.363	15086.228	-0.135	86.36	-
ERRINGTON_MOUTH	grid	-260	-420	15086.778	15086.634	-0.145	86.78	-
ERRINGTON_MOUTH	grid	-260	-400	15087.117	15087.065	-0.052	87.12	-
ERRINGTON_MOUTH	grid	-260	-380	15087.373	15087.271	-0.103	87.37	-
ERRINGTON_MOUTH	grid	-260	-360	15087.544	15087.390	-0.154	87.54	-
ERRINGTON_MOUTH	grid	-260	-340	15087.633	15087.536	-0.097	87.63	-
ERRINGTON_MOUTH	grid	-260	-320	15087.668	15087.580	-0.088	87.67	-
ERRINGTON_MOUTH	grid	-260	-300	15087.668	15087.592	-0.077	87.67	-
ERRINGTON_MOUTH	grid	-260	-280	15087.684	15087.660	-0.024	87.68	-
ERRINGTON_MOUTH	grid	-260	-260	15087.758	15087.904	0.146	87.76	-
ERRINGTON_MOUTH	grid	-260	-240	15087.942	15088.162	0.220	87.94	-
ERRINGTON_MOUTH	grid	-260	-220	15088.273	15088.392	0.119	88.27	-
ERRINGTON_MOUTH	grid	-260	-200	15088.785	15088.856	0.071	88.78	-
ERRINGTON_MOUTH	grid	-260	-180	15089.484	15089.551	0.067	89.48	-
ERRINGTON_MOUTH	grid	-260	-160	15090.370	15090.461	0.090	90.37	-
ERRINGTON_MOUTH	grid	-260	-140	15091.416	15091.519	0.103	91.42	-
ERRINGTON_MOUTH	grid	-260	-120	15092.582	15092.685	0.103	92.58	-
ERRINGTON_MOUTH	grid	-260	-100	15093.823	15093.873	0.051	93.82	-
ERRINGTON_MOUTH	grid	-260	-80	15095.085	15095.056	-0.029	95.08	-
ERRINGTON_MOUTH	grid	-260	-60	15096.319	15096.239	-0.080	96.32	-
ERRINGTON_MOUTH	grid	-260	-40	15097.489	15097.449	-0.039	97.49	-
ERRINGTON_MOUTH	grid	-260	-20	15098.560	15098.486	-0.074	98.56	-
ERRINGTON_MOUTH	grid	-260	0	15099.518	15099.406	-0.111	99.52	-
ERRINGTON_MOUTH	grid	-260	20	15100.363	15100.340	-0.023	100.36	-
ERRINGTON_MOUTH	grid	-260	40	15101.094	15100.973	-0.122	101.09	-
ERRINGTON_MOUTH	grid	-260	60	15101.728	15101.583	-0.145	101.73	-
ERRINGTON_MOUTH	grid	-260	80	15102.280	15102.234	-0.046	102.28	-
ERRINGTON_MOUTH	grid	-260	100	15102.775	15102.773	-0.003	102.78	-
ERRINGTON_MOUTH	grid	-260	120	15103.234	15103.245	0.010	103.23	-
ERRINGTON_MOUTH	grid	-260	140	15103.682	15103.703	0.021	103.68	-
ERRINGTON_MOUTH	grid	-260	160	15104.141	15104.180	0.039	104.14	-
ERRINGTON_MOUTH	grid	-260	180	15104.632	15104.679	0.046	104.63	-
ERRINGTON_MOUTH	grid	-260	200	15105.171	15105.208	0.036	105.17	-
ERRINGTON_MOUTH	grid	-260	220	15105.773	15105.756	-0.016	105.77	-
ERRINGTON_MOUTH	grid	-260	240	15106.441	15106.477	0.036	106.44	-
ERRINGTON_MOUTH	grid	-260	260	15107.180	15107.238	0.058	107.18	-
ERRINGTON_MOUTH	grid	-260	280	15107.982	15108.022	0.040	107.98	-
ERRINGTON_MOUTH	grid	-260	300	15108.828	15108.829	0.001	108.83	-
ERRINGTON_MOUTH	grid	-260	320	15109.680	15109.663	-0.017	109.68	-
ERRINGTON_MOUTH	grid	-260	340	15110.517	15110.431	-0.086	110.52	-
ERRINGTON_MOUTH	grid	-260	360	15111.288	15111.146	-0.141	111.29	-
ERRINGTON_MOUTH	grid	-260	380	15111.940	15111.888	-0.053	111.94	-
ERRINGTON_MOUTH	grid	-260	400	15112.450	15112.211	-0.239	112.45	-
ERRINGTON_MOUTH	grid	-260	420	15112.720	15112.426	-0.293	112.72	-
ERRINGTON_MOUTH	grid	-260	440	15112.771	15112.668	-0.103	112.77	-
ERRINGTON_MOUTH	grid	-260	460	15112.548	15112.234	-0.314	112.55	-
ERRINGTON_MOUTH	grid	-260	480	15112.040	15111.685	-0.355	112.04	-
ERRINGTON_MOUTH	grid	-260	500	15111.276	15111.170	-0.106	111.28	-
ERRINGTON_MOUTH	grid	-240	-500	15084.079	15084.029	-0.050	84.08	-
ERRINGTON_MOUTH	grid	-240	-480	15084.615	15084.513	-0.103	84.62	-
ERRINGTON_MOUTH	grid	-240	-460	15085.134	15085.026	-0.108	85.13	-
ERRINGTON_MOUTH	grid	-240	-440	15085.614	15085.547	-0.066	85.61	-
ERRINGTON_MOUTH	grid	-240	-420	15086.042	15085.953	-0.089	86.04	-
ERRINGTON_MOUTH	grid	-240	-400	15086.408	15086.285	-0.124	86.41	-
ERRINGTON_MOUTH	grid	-240	-380	15086.701	15086.619	-0.083	86.70	-
ERRINGTON_MOUTH	grid	-240	-360	15086.916	15086.771	-0.145	86.92	-
ERRINGTON_MOUTH	grid	-240	-340	15087.056	15086.950	-0.106	87.06	-
ERRINGTON_MOUTH	grid	-240	-320	15087.153	15087.139	-0.014	87.15	-
ERRINGTON_MOUTH	grid	-240	-300	15087.213	15087.211	-0.003	87.21	-
ERRINGTON_MOUTH	grid	-240	-280	15087.301	15087.324	0.024	87.30	-
ERRINGTON_MOUTH	grid	-240	-260	15087.446	15087.464	0.018	87.45	-
ERRINGTON_MOUTH	grid	-240	-240	15087.698	15087.790	0.092	87.70	-
ERRINGTON_MOUTH	grid	-240	-220	15088.102	15088.144	0.042	88.10	-
ERRINGTON_MOUTH	grid	-240	-200	15088.683	15088.719	0.036	88.68	-
ERRINGTON_MOUTH	grid	-240	-180	15089.449	15089.709	0.259	89.45	-
ERRINGTON_MOUTH	grid	-240	-160	15090.399	15090.629	0.229	90.40	-
ERRINGTON_MOUTH	grid	-240	-140	15091.501	15091.566	0.065	91.50	-
ERRINGTON_MOUTH	grid	-240	-120	15092.717	15092.722	0.005	92.72	-
ERRINGTON_MOUTH	grid	-240	-100	15094.000	15093.977	-0.022	94.00	-
ERRINGTON_MOUTH	grid	-240	-80	15095.291	15095.301	0.010	95.29	-
ERRINGTON_MOUTH	grid	-240	-60	15096.549	15096.434	-0.115	96.55	-
ERRINGTON_MOUTH	grid	-240	-40	15097.727	15097.581	-0.146	97.73	-
ERRINGTON_MOUTH	grid	-240	-20	15098.803	15098.792	-0.011	98.80	-
ERRINGTON_MOUTH	grid	-240	0	15099.760	15099.658	-0.101	99.76	-
ERRINGTON_MOUTH	grid	-240	20	15100.589	15100.457	-0.132	100.59	-
ERRINGTON_MOUTH	grid	-240	40	15101.299	15101.283	-0.016	101.30	-
ERRINGTON_MOUTH	grid	-240	60	15101.908	15101.823	-0.085	101.91	-
ERRINGTON_MOUTH	grid	-240	80	15102.432	15102.373	-0.059	102.43	-
ERRINGTON_MOUTH	grid	-240	100	15102.900	15102.901	0.001	102.90	-
ERRINGTON_MOUTH	grid	-240	120	15103.337	15103.306	-0.030	103.34	-
ERRINGTON_MOUTH	grid	-240	140	15103.768	15103.765	-0.004	103.77	-
ERRINGTON_MOUTH	grid	-240	160	15104.217	15104.249	0.033	104.22	-
ERRINGTON_MOUTH	grid	-240	180	15104.711	15104.748	0.038	104.71	-
ERRINGTON_MOUTH	grid	-240	200	15105.262	15105.299	0.037	105.26	-
ERRINGTON_MOUTH	grid	-240	220	15105.890	15105.933	0.043	105.89	-
ERRINGTON_MOUTH	grid	-240	240	15106.610	15106.724	0.114	106.61	-
ERRINGTON_MOUTH	grid	-240	260	15107.411	15107.530	0.119	107.41	-
ERRINGTON_MOUTH	grid	-240	280	15108.296	15108.318	0.022	108.30	-
ERRINGTON_MOUTH	grid	-240	300	15109.247	15109.168	-0.079	109.25	-
ERRINGTON_MOUTH	grid	-240	320	15110.226	15110.188	-0.039	110.23	-
ERRINGTON_MOUTH	grid	-240	340	15111.208	15111.208	0.000	111.21	-
ERRINGTON_MOUTH	grid	-240	360	15112.141	15112.006	-0.135	112.14	-
ERRINGTON_MOUTH	grid	-240	380	15112.965	15112.830	-0.134	112.96	-
ERRINGTON_MOUTH	grid	-240	400	15113.652	15113.584	-0.068	113.65	-
ERRINGTON_MOUTH	grid	-240	420	15114.110	15113.799	-0.311	114.11	-
ERRINGTON_MOUTH	grid	-240	440	15114.339	15114.041	-0.298	114.34	-
ERRINGTON_MOUTH	grid	-240	460	15114.276	15114.133	-0.144	114.28	-
ERRINGTON_MOUTH	grid	-240	480	15113.914	15113.575	-0.339	113.91	-
ERRINGTON_MOUTH	grid	-240	500	15113.260	15113.033	-0.227	113.26	-
ERRINGTON_MOUTH	grid	-220	-500	15083.319	15083.260	-0.059	83.32	-
ERRINGTON_MOUTH	grid	-220	-480	15083.833	15083.764	-0.068	83.83	-
ERRINGTON_MOUTH	grid	-220	-460	15084.333	15084.275	-0.058	84.33	-
ERRINGTON_MOUTH	grid	-220	-440	15084.809	15084.773	-0.036	84.81	-
ERRINGTON_MOUTH	grid	-220	-420	15085.244	15085.151	-0.093	85.24	-
ERRINGTON_MOUTH	grid	-220	-400	15085.624	15085.477	-0.148	85.62	-
ERRINGTON_MOUTH	grid	-220	-380	15085.943	15085.827	-0.116	85.94	-
ERRINGTON_MOUTH	grid	-220	-360	15086.195	15086.111	-0.084	86.19	-
ERRINGTON_MOUTH	grid	-220	-340	15086.382	15086.285	-0.097	86.38	-
ERRINGTON_MOUTH	grid	-220	-320	15086.536	15086.470	-0.067	86.54	-
ERRINGTON_MOUTH	grid	-220	-300	15086.666	15086.672	0.005	86.67	-
ERRINGTON_MOUTH	grid	-220	-280	15086.824	15086.884	0.060	86.82	-
ERRINGTON_MOUTH	grid	-220	-260	15087.051	15087.124	0.073	87.05	-
ERRINGTON_MOUTH	grid	-220	-240	15087.389	15087.408	0.019	87.39	-
ERRINGTON_MOUTH	grid	-220	-220	15087.875	15088.039	0.165	87.87	-
ERRINGTON_MOUTH	grid	-220	-200	15088.539	15088.698	0.158	88.54	-
ERRINGTON_MOUTH	grid	-220	-180	15089.389	15089.484	0.095	89.39	-
ERRINGTON_MOUTH	grid	-220	-160	15090.412	15090.509	0.097	90.41	-
ERRINGTON_MOUTH	grid	-220	-140	15091.585	15091.563	-0.022	91.58	-
ERRINGTON_MOUTH	grid	-220	-120	15092.866	15092.872	0.006	92.87	-
ERRINGTON_MOUTH	grid	-220	-100	15094.202	15094.187	-0.015	94.20	-
ERRINGTON_MOUTH	grid	-220	-80	15095.541	15095.511	-0.030	95.54	-
ERRINGTON_MOUTH	grid	-220	-60	15096.832	15096.793	-0.039	96.83	-
ERRINGTON_MOUTH	grid	-220	-40	15098.039	15097.940	-0.098	98.04	-
ERRINGTON_MOUTH	grid	-220	-20	15099.126	15099.014	-0.112	99.13	-
ERRINGTON_MOUTH	grid	-220	0	15100.082	15099.981	-0.101	100.08	-
ERRINGTON_MOUTH	grid	-220	20	15100.907	15100.690	-0.217	100.91	-
ERRINGTON_MOUTH	grid	-220	40	15101.600	15101.427	-0.174	101.60	-
ERRINGTON_MOUTH	grid	-220	60	15102.187	15102.177	-0.010	102.19	-
ERRINGTON_MOUTH	grid	-220	80	15102.688	15102.630	-0.058	102.69	-
ERRINGTON_MOUTH	grid	-220	100	15103.128	15103.087	-0.042	103.13	-
ERRINGTON_MOUTH	grid	-220	120	15103.537	15103.538	0.001	103.54	-
ERRINGTON_MOUTH	grid	-220	140	15103.944	15103.951	0.007	103.94	-
ERRINGTON_MOUTH	grid	-220	160	15104.371	15104.391	0.019	104.37	-
ERRINGTON_MOUTH	grid	-220	180	15104.857	15104.900	0.043	104.86	-
ERRINGTON_MOUTH	grid	-220	200	15105.408	15105.508	0.100	105.41	-
ERRINGTON_MOUTH	grid	-220	220	15106.050	15106.140	0.090	106.05	-
ERRINGTON_MOUTH	grid	-220	240	15106.794	15106.850	0.056	106.79	-
ERRINGTON_MOUTH	grid	-220	260	15107.642	15107.667	0.025	107.64	-
ERRINGTON_MOUTH	grid	-220	280	15108.590	15108.612	0.023	108.59	-
ERRINGTON_MOUTH	grid	-220	300	15109.617	15109.659	0.041	109.62	-
ERRINGTON_MOUTH	grid	-220	320	15110.699	15110.753	0.054	110.70	-
ERRINGTON_MOUTH	grid	-220	340	15111.801	15111.819	0.018	111.80	-
ERRINGTON_MOUTH	grid	-220	360	15112.874	15112.762	-0.112	112.87	-
ERRINGTON_MOUTH	grid	-220	380	15113.854	15113.629	-0.225	113.85	-
ERRINGTON_MOUTH	grid	-220	400	15114.714	15114.557	-0.156	114.71	-
ERRINGTON_MOUTH	grid	-220	420	15115.351	15115.137	-0.215	115.35	-
ERRINGTON_MOUTH	grid	-220	440	15115.759	15115.406	-0.353	115.76	-
ERRINGTON_MOUTH	grid	-220	460	15115.874	15115.701	-0.172	115.87	-
ERRINGTON_MOUTH	grid	-220	480	15115.672	15115.434	-0.238	115.67	-
ERRINGTON_MOUTH	grid	-220	500	15115.159	15114.760	-0.399	115.16	-
ERRINGTON_MOUTH	grid	-200	-500	15082.570	15082.532	-0.038	82.57	-
ERRINGTON_MOUTH	grid	-200	-480	15083.050	15083.036	-0.014	83.05	-
ERRINGTON_MOUTH	grid	-200	-460	15083.522	15083.465	-0.056	83.52	-
ERRINGTON_MOUTH	grid	-200	-440	15083.981	15083.884	-0.097	83.98	-
ERRINGTON_MOUTH	grid	-200	-420	15084.410	15084.330	-0.080	84.41	-
ERRINGTON_MOUTH	grid	-200	-400	15084.791	15084.685	-0.106	84.79	-
ERRINGTON_MOUTH	grid	-200	-380	15085.125	15085.038	-0.086	85.12	-
ERRINGTON_MOUTH	grid	-200	-360	15085.404	15085.364	-0.040	85.40	-
ERRINGTON_MOUTH	grid	-200	-340	15085.630	15085.597	-0.033	85.63	-
ERRINGTON_MOUTH	grid	-200	-320	15085.836	15085.806	-0.030	85.84	-
ERRINGTON_MOUTH	grid	-200	-300	15086.031	15086.017	-0.013	86.03	-
ERRINGTON_MOUTH	grid	-200	-280	15086.259	15086.237	-0.022	86.26	-
ERRINGTON_MOUTH	grid	-200	-260	15086.567	15086.581	0.015	86.57	-
ERRINGTON_MOUTH	grid	-200	-240	15086.989	15087.050	0.061	86.99	-
ERRINGTON_MOUTH	grid	-200	-220	15087.565	15087.744	0.180	87.56	-
ERRINGTON_MOUTH	grid	-200	-200	15088.320	15088.556	0.236	88.32	-
ERRINGTON_MOUTH	grid	-200	-180	15089.260	15089.389	0.129	89.26	-
ERRINGTON_MOUTH	grid	-200	-160	15090.367	15090.408	0.041	90.37	-
ERRINGTON_MOUTH	grid	-200	-140	15091.622	15091.694	0.072	91.62	-
ERRINGTON_MOUTH	grid	-200	-120	15092.979	15093.008	0.029	92.98	-
ERRINGTON_MOUTH	grid	-200	-100	15094.383	15094.337	-0.046	94.38	-
ERRINGTON_MOUTH	grid	-200	-80	15095.784	15095.687	-0.097	95.78	-
ERRINGTON_MOUTH	grid	-200	-60	15097.123	15097.059	-0.064	97.12	-
ERRINGTON_MOUTH	grid	-200	-40	15098.369	15098.191	-0.178	98.37	-
ERRINGTON_MOUTH	grid	-200	-20	15099.483	15099.243	-0.239	99.48	-
ERRINGTON_MOUTH	grid	-200	0	15100.455	15100.333	-0.122	100.46	-
ERRINGTON_MOUTH	grid	-200	20	15101.284	15101.181	-0.103	101.28	-
ERRINGTON_MOUTH	grid	-200	40	15101.970	15101.879	-0.091	101.97	-
ERRINGTON_MOUTH	grid	-200	60	15102.545	15102.471	-0.073	102.54	-
ERRINGTON_MOUTH	grid	-200	80	15103.021	15102.926	-0.095	103.02	-
ERRINGTON_MOUTH	grid	-200	100	15103.435	15103.327	-0.108	103.44	-
ERRINGTON_MOUTH	grid	-200	120	15103.820	15103.782	-0.037	103.82	-
ERRINGTON_MOUTH	grid	-200	140	15104.201	15104.225	0.023	104.20	-
ERRINGTON_MOUTH	grid	-200	160	15104.609	15104.658	0.049	104.61	-
ERRINGTON_MOUTH	grid	-200	180	15105.075	15105.118	0.043	105.08	-
ERRINGTON_MOUTH	grid	-200	200	15105.618	15105.702	0.084	105.62	-
ERRINGTON_MOUTH	grid	-200	220	15106.260	15106.350	0.090	106.26	-
ERRINGTON_MOUTH	grid	-200	240	15107.015	15107.029	0.015	107.01	-
ERRINGTON_MOUTH	grid	-200	260	15107.889	15107.986	0.097	107.89	-
ERRINGTON_MOUTH	grid	-200	280	15108.876	15108.989	0.113	108.88	-
ERRINGTON_MOUTH	grid	-200	300	15109.961	15110.020	0.059	109.96	-
ERRINGTON_MOUTH	grid	-200	320	15111.124	15111.107	-0.018	111.12	-
ERRINGTON_MOUTH	grid	-200	340	15112.321	15112.228	-0.093	112.32	-
ERRINGTON_MOUTH	grid	-200	360	15113.509	15113.493	-0.016	113.51	-
ERRINGTON_MOUTH	grid	-200	380	15114.630	15114.491	-0.139	114.63	-
ERRINGTON_MOUTH	grid	-200	400	15115.643	15115.448	-0.194	115.64	-
ERRINGTON_MOUTH	grid	-200	420	15116.449	15116.404	-0.045	116.45	-
ERRINGTON_MOUTH	grid	-200	440	15117.037	15116.739	-0.297	117.04	-
ERRINGTON_MOUTH	grid	-200	460	15117.332	15116.981	-0.352	117.33	-
ERRINGTON_MOUTH	grid	-200	480	15117.306	15117.242	-0.065	117.31	-
ERRINGTON_MOUTH	grid	-200	500	15116.957	15116.565	-0.392	116.96	-
ERRINGTON_MOUTH	grid	-180	-500	15081.851	15081.877	0.026	81.85	-
ERRINGTON_MOUTH	grid	-180	-480	15082.283	15082.261	-0.023	82.28	-
ERRINGTON_MOUTH	grid	-180	-460	15082.718	15082.664	-0.054	82.72	-
ERRINGTON_MOUTH	grid	-180	-440	15083.148	15083.060	-0.088	83.15	-
ERRINGTON_MOUTH	grid	-180	-420	15083.553	15083.484	-0.070	83.55	-
ERRINGTON_MOUTH	grid	-180	-400	15083.928	15083.917	-0.011	83.93	-
ERRINGTON_MOUTH	grid	-180	-380	15084.263	15084.183	-0.080	84.26	-
ERRINGTON_MOUTH	grid	-180	-360	15084.560	15084.476	-0.084	84.56	-
ERRINGTON_MOUTH	grid	-180	-340	15084.819	15084.786	-0.034	84.82	-
ERRINGTON_MOUTH	grid	-180	-320	15085.067	15085.017	-0.050	85.07	-
ERRINGTON_MOUTH	grid	-180	-300	15085.320	15085.276	-0.044	85.32	-
ERRINGTON_MOUTH	grid	-180	-280	15085.621	15085.651	0.030	85.62	-
ERRINGTON_MOUTH	grid	-180	-260	15086.004	15086.220	0.217	86.00	-
ERRINGTON_MOUTH	grid	-180	-240	15086.512	15086.714	0.201	86.51	-
ERRINGTON_MOUTH	grid	-180	-220	15087.180	15087.219	0.039	87.18	-
ERRINGTON_MOUTH	grid	-180	-200	15088.023	15088.031	0.008	88.02	-
ERRINGTON_MOUTH	grid	-180	-180	15089.051	15089.112	0.060	89.05	-
ERRINGTON_MOUTH	grid	-180	-160	15090.253	15090.276	0.023	90.25	-
ERRINGTON_MOUTH	grid	-180	-140	15091.593	15091.675	0.082	91.59	-
ERRINGTON_MOUTH	grid	-180	-120	15093.031	15093.101	0.070	93.03	-
ERRINGTON_MOUTH	grid	-180	-100	15094.509	15094.506	-0.003	94.51	-
ERRINGTON_MOUTH	grid	-180	-80	15095.979	15095.844	-0.134	95.98	-
ERRINGTON_MOUTH	grid	-180	-60	15097.376	15097.205	-0.171	97.38	-
ERRINGTON_MOUTH	grid	-180	-40	15098.668	15098.588	-0.080	98.67	-
ERRINGTON_MOUTH	grid	-180	-20	15099.824	15099.612	-0.212	99.82	-
ERRINGTON_MOUTH	grid	-180	0	15100.824	15100.663	-0.161	100.82	-
ERRINGTON_MOUTH	grid	-180	20	15101.668	15101.625	-0.044	101.67	-
ERRINGTON_MOUTH	grid	-180	40	15102.362	15102.158	-0.203	102.36	-
ERRINGTON_MOUTH	grid	-180	60	15102.934	15102.750	-0.183	102.93	-
ERRINGTON_MOUTH	grid	-180	80	15103.402	15103.361	-0.041	103.40	-
ERRINGTON_MOUTH	grid	-180	100	15103.802	15103.762	-0.039	103.80	-
ERRINGTON_MOUTH	grid	-180	120	15104.164	15104.147	-0.017	104.16	-
ERRINGTON_MOUTH	grid	-180	140	15104.526	15104.522	-0.004	104.53	-
ERRINGTON_MOUTH	grid	-180	160	15104.910	15104.953	0.043	104.91	-
ERRINGTON_MOUTH	grid	-180	180	15105.360	15105.410	0.050	105.36	-
ERRINGTON_MOUTH	grid	-180	200	15105.890	15105.909	0.019	105.89	-
ERRINGTON_MOUTH	grid	-180	220	15106.526	15106.605	0.079	106.53	-
ERRINGTON_MOUTH	grid	-180	240	15107.283	15107.389	0.106	107.28	-
ERRINGTON_MOUTH	grid	-180	260	15108.165	15108.227	0.061	108.17	-
ERRINGTON_MOUTH	grid	-180	280	15109.178	15109.283	0.105	109.18	-
ERRINGTON_MOUTH	grid	-180	300	15110.301	15110.366	0.065	110.30	-
ERRINGTON_MOUTH	grid	-180	320	15111.519	15111.527	0.008	111.52	-
ERRINGTON_MOUTH	grid	-180	340	15112.790	15112.773	-0.017	112.79	-
ERRINGTON_MOUTH	grid	-180	360	15114.075	15114.043	-0.032	114.08	-
ERRINGTON_MOUTH	grid	-180	380	15115.312	15115.260	-0.051	115.31	-
ERRINGTON_MOUTH	grid	-180	400	15116.460	15116.232	-0.228	116.46	-
ERRINGTON_MOUTH	grid	-180	420	15117.425	15117.233	-0.191	117.42	-
ERRINGTON_MOUTH	grid	-180	440	15118.182	15118.029	-0.154	118.18	-
ERRINGTON_MOUTH	grid	-180	460	15118.658	15118.255	-0.403	118.66	-
ERRINGTON_MOUTH	grid	-180	480	15118.815	15118.515	-0.300	118.82	-
ERRINGTON_MOUTH	grid	-180	500	15118.645	15118.452	-0.194	118.65	-
ERRINGTON_MOUTH	grid	-160	-500	15081.178	15081.133	-0.045	81.18	-
ERRINGTON_MOUTH	grid	-160	-480	15081.557	15081.482	-0.075	81.56	-
ERRINGTON_MOUTH	grid	-160	-460	15081.942	15081.892	-0.050	81.94	-
ERRINGTON_MOUTH	grid	-160	-440	15082.330	15082.308	-0.022	82.33	-
ERRINGTON_MOUTH	grid	-160	-420	15082.704	15082.680	-0.023	82.70	-
ERRINGTON_MOUTH	grid	-160	-400	15083.060	15083.016	-0.044	83.06	-
ERRINGTON_MOUTH	grid	-160	-380	15083.387	15083.330	-0.057	83.39	-
ERRINGTON_MOUTH	grid	-160	-360	15083.691	15083.621	-0.070	83.69	-
ERRINGTON_MOUTH	grid	-160	-340	15083.972	15083.937	-0.035	83.97	-
ERRINGTON_MOUTH	grid	-160	-320	15084.256	15084.261	0.006	84.26	-
ERRINGTON_MOUTH	grid	-160	-300	15084.556	15084.605	0.049	84.56	-
ERRINGTON_MOUTH	grid	-160	-280	15084.919	15084.976	0.058	84.92	-
ERRINGTON_MOUTH	grid	-160	-260	15085.372	15085.443	0.072	85.37	-
ERRINGTON_MOUTH	grid	-160	-240	15085.958	15086.039	0.081	85.96	-
ERRINGTON_MOUTH	grid	-160	-220	15086.704	15086.723	0.018	86.70	-
ERRINGTON_MOUTH	grid	-160	-200	15087.636	15087.767	0.131	87.64	-
ERRINGTON_MOUTH	grid	-160	-180	15088.752	15089.028	0.276	88.75	-
ERRINGTON_MOUTH	grid	-160	-160	15090.040	15090.188	0.149	90.04	-
ERRINGTON_MOUTH	grid	-160	-140	15091.462	15091.454	-0.008	91.46	-
ERRINGTON_MOUTH	grid	-160	-120	15092.983	15092.893	-0.090	92.98	-
ERRINGTON_MOUTH	grid	-160	-100	15094.538	15094.449	-0.090	94.54	-
ERRINGTON_MOUTH	grid	-160	-80	15096.085	15095.952	-0.133	96.08	-
ERRINGTON_MOUTH	grid	-160	-60	15097.547	15097.342	-0.204	97.55	-
ERRINGTON_MOUTH	grid	-160	-40	15098.902	15098.760	-0.142	98.90	-
ERRINGTON_MOUTH	grid	-160	-20	15100.105	15100.031	-0.074	100.10	-
ERRINGTON_MOUTH	grid	-160	0	15101.144	15100.907	-0.237	101.14	-
ERRINGTON_MOUTH	grid	-160	20	15102.023	15101.811	-0.212	102.02	-
ERRINGTON_MOUTH	grid	-160	40	15102.737	15102.590	-0.147	102.74	-
ERRINGTON_MOUTH	grid	-160	60	15103.320	15103.145	-0.175	103.32	-
ERRINGTON_MOUTH	grid	-160	80	15103.790	15103.726	-0.064	103.79	-
ERRINGTON_MOUTH	grid	-160	100	15104.188	15104.147	-0.041	104.19	-
ERRINGTON_MOUTH	grid	-160	120	15104.542	15104.495	-0.047	104.54	-
ERRINGTON_MOUTH	grid	-160	140	15104.890	15104.868	-0.022	104.89	-
ERRINGTON_MOUTH	grid	-160	160	15105.263	15105.281	0.019	105.26	-
ERRINGTON_MOUTH	grid	-160	180	15105.696	15105.739	0.043	105.70	-
ERRINGTON_MOUTH	grid	-160	200	15106.214	15106.269	0.055	106.21	-
ERRINGTON_MOUTH	grid	-160	220	15106.841	15106.938	0.096	106.84	-
ERRINGTON_MOUTH	grid	-160	240	15107.593	15107.758	0.165	107.59	-
ERRINGTON_MOUTH	grid	-160	260	15108.476	15108.586	0.109	108.48	-
ERRINGTON_MOUTH	grid	-160	280	15109.503	15109.532	0.029	109.50	-
ERRINGTON_MOUTH	grid	-160	300	15110.647	15110.716	0.069	110.65	-
ERRINGTON_MOUTH	grid	-160	320	15111.902	15111.959	0.058	111.90	-
ERRINGTON_MOUTH	grid	-160	340	15113.229	15113.238	0.010	113.23	-
ERRINGTON_MOUTH	grid	-160	360	15114.587	15114.553	-0.034	114.59	-
ERRINGTON_MOUTH	grid	-160	380	15115.921	15115.894	-0.027	115.92	-
ERRINGTON_MOUTH	grid	-160	400	15117.187	15117.035	-0.152	117.19	-
ERRINGTON_MOUTH	grid	-160	420	15118.293	15118.042	-0.251	118.29	-
ERRINGTON_MOUTH	grid	-160	440	15119.207	15119.076	-0.131	119.21	-
ERRINGTON_MOUTH	grid	-160	460	15119.862	15119.582	-0.281	119.86	-
ERRINGTON_MOUTH	grid	-160	480	15120.201	15119.835	-0.367	120.20	-
ERRINGTON_MOUTH	grid	-160	500	15120.220	15120.067	-0.153	120.22	-
ERRINGTON_MOUTH	grid	-140	-500	15080.565	15080.536	-0.029	80.56	-
ERRINGTON_MOUTH	grid	-140	-480	15080.882	15080.877	-0.006	80.88	-
ERRINGTON_MOUTH	grid	-140	-460	15081.209	15081.247	0.038	81.21	-
ERRINGTON_MOUTH	grid	-140	-440	15081.553	15081.542	-0.011	81.55	-
ERRINGTON_MOUTH	grid	-140	-420	15081.886	15081.817	-0.069	81.89	-
ERRINGTON_MOUTH	grid	-140	-400	15082.211	15082.128	-0.082	82.21	-
ERRINGTON_MOUTH	grid	-140	-380	15082.523	15082.490	-0.032	82.52	-
ERRINGTON_MOUTH	grid	-140	-360	15082.821	15082.799	-0.022	82.82	-
ERRINGTON_MOUTH	grid	-140	-340	15083.117	15083.106	-0.011	83.12	-
ERRINGTON_MOUTH	grid	-140	-320	15083.421	15083.436	0.015	83.42	-
ERRINGTON_MOUTH	grid	-140	-300	15083.760	15083.833	0.073	83.76	-
ERRINGTON_MOUTH	grid	-140	-280	15084.172	15084.268	0.097	84.17	-
ERRINGTON_MOUTH	grid	-140	-260	15084.686	15084.730	0.044	84.69	-
ERRINGTON_MOUTH	grid	-140	-240	15085.338	15085.456	0.118	85.34	-
ERRINGTON_MOUTH	grid	-140	-220	15086.156	15086.341	0.185	86.16	-
ERRINGTON_MOUTH	grid	-140	-200	15087.162	15087.253	0.090	87.16	-
ERRINGTON_MOUTH	grid	-140	-180	15088.353	15088.444	0.091	88.35	-
ERRINGTON_MOUTH	grid	-140	-160	15089.714	15089.757	0.043	89.71	-
ERRINGTON_MOUTH	grid	-140	-140	15091.218	15091.199	-0.019	91.22	-
ERRINGTON_MOUTH	grid	-140	-120	15092.812	15092.802	-0.010	92.81	-
ERRINGTON_MOUTH	grid	-140	-100	15094.444	15094.399	-0.045	94.44	-
ERRINGTON_MOUTH	grid	-140	-80	15096.059	15095.982	-0.078	96.06	-
ERRINGTON_MOUTH	grid	-140	-60	15097.594	15097.434	-0.160	97.59	-
ERRINGTON_MOUTH	grid	-140	-40	15099.013	15098.795	-0.218	99.01	-
ERRINGTON_MOUTH	grid	-140	-20	15100.282	15100.110	-0.171	100.28	-
ERRINGTON_MOUTH	grid	-140	0	15101.373	15101.116	-0.257	101.37	-
ERRINGTON_MOUTH	grid	-140	20	15102.300	15102.018	-0.282	102.30	-
ERRINGTON_MOUTH	grid	-140	40	15103.048	15102.948	-0.100	103.05	-
ERRINGTON_MOUTH	grid	-140	60	15103.662	15103.562	-0.100	103.66	-
ERRINGTON_MOUTH	grid	-140	80	15104.151	15104.008	-0.143	104.15	-
ERRINGTON_MOUTH	grid	-140	100	15104.560	15104.481	-0.079	104.56	-
ERRINGTON_MOUTH	grid	-140	120	15104.922	15104.866	-0.056	104.92	-
ERRINGTON_MOUTH	grid	-140	140	15105.273	15105.241	-0.032	105.27	-
ERRINGTON_MOUTH	grid	-140	160	15105.645	15105.644	-0.001	105.65	-
ERRINGTON_MOUTH	grid	-140	180	15106.077	15106.162	0.085	106.08	-
ERRINGTON_MOUTH	grid	-140	200	15106.586	15106.700	0.114	106.59	-
ERRINGTON_MOUTH	grid	-140	220	15107.209	15107.265	0.055	107.21	-
ERRINGTON_MOUTH	grid	-140	240	15107.956	15108.044	0.088	107.96	-
ERRINGTON_MOUTH	grid	-140	260	15108.837	15108.913	0.076	108.84	-
ERRINGTON_MOUTH	grid	-140	280	15109.867	15109.915	0.048	109.87	-
ERRINGTON_MOUTH	grid	-140	300	15111.027	15111.141	0.114	111.03	-
ERRINGTON_MOUTH	grid	-140	320	15112.302	15112.421	0.119	112.30	-
ERRINGTON_MOUTH	grid	-140	340	15113.665	15113.691	0.027	113.66	-
ERRINGTON_MOUTH	grid	-140	360	15115.078	15115.009	-0.069	115.08	-
ERRINGTON_MOUTH	grid	-140	380	15116.487	15116.411	-0.076	116.49	-
ERRINGTON_MOUTH	grid	-140	400	15117.848	15117.839	-0.008	117.85	-
ERRINGTON_MOUTH	grid	-140	420	15119.079	15118.864	-0.215	119.08	-
ERRINGTON_MOUTH	grid	-140	440	15120.138	15119.905	-0.232	120.14	-
ERRINGTON_MOUTH	grid	-140	460	15120.954	15120.935	-0.019	120.95	-
ERRINGTON_MOUTH	grid	-140	480	15121.474	15121.108	-0.366	121.47	-
ERRINGTON_MOUTH	grid	-140	500	15121.684	15121.309	-0.375	121.68	-
ERRINGTON_MOUTH	grid	-120	-500	15080.029	15080.023	-0.006	80.03	-
ERRINGTON_MOUTH	grid	-120	-480	15080.281	15080.272	-0.009	80.28	-
ERRINGTON_MOUTH	grid	-120	-460	15080.549	15080.523	-0.025	80.55	-
ERRINGTON_MOUTH	grid	-120	-440	15080.833	15080.802	-0.031	80.83	-
ERRINGTON_MOUTH	grid	-120	-420	15081.121	15081.100	-0.021	81.12	-
ERRINGTON_MOUTH	grid	-120	-400	15081.411	15081.397	-0.015	81.41	-
ERRINGTON_MOUTH	grid	-120	-380	15081.697	15081.709	0.013	81.70	-
ERRINGTON_MOUTH	grid	-120	-360	15081.981	15081.989	0.008	81.98	-
ERRINGTON_MOUTH	grid	-120	-340	15082.279	15082.292	0.013	82.28	-
ERRINGTON_MOUTH	grid	-120	-320	15082.598	15082.623	0.025	82.60	-
ERRINGTON_MOUTH	grid	-120	-300	15082.966	15082.986	0.021	82.97	-
ERRINGTON_MOUTH	grid	-120	-280	15083.410	15083.429	0.019	83.41	-
ERRINGTON_MOUTH	grid	-120	-260	15083.969	15084.058	0.088	83.97	-
ERRINGTON_MOUTH	grid	-120	-240	15084.673	15084.744	0.071	84.67	-
ERRINGTON_MOUTH	grid	-120	-220	15085.546	15085.760	0.214	85.55	-
ERRINGTON_MOUTH	grid	-120	-200	15086.610	15086.802	0.192	86.61	-
ERRINGTON_MOUTH	grid	-120	-180	15087.863	15087.863	0.000	87.86	-
ERRINGTON_MOUTH	grid	-120	-160	15089.285	15089.356	0.071	89.28	-
ERRINGTON_MOUTH	grid	-120	-140	15090.850	15090.887	0.036	90.85	-
ERRINGTON_MOUTH	grid	-120	-120	15092.509	15092.449	-0.060	92.51	-
ERRINGTON_MOUTH	grid	-120	-100	15094.206	15094.096	-0.109	94.21	-
ERRINGTON_MOUTH	grid	-120	-80	15095.890	15095.771	-0.119	95.89	-
ERRINGTON_MOUTH	grid	-120	-60	15097.492	15097.408	-0.084	97.49	-
ERRINGTON_MOUTH	grid	-120	-40	15098.982	15098.731	-0.251	98.98	-
ERRINGTON_MOUTH	grid	-120	-20	15100.315	15100.047	-0.268	100.32	-
ERRINGTON_MOUTH	grid	-120	0	15101.472	15101.353	-0.119	101.47	-
ERRINGTON_MOUTH	grid	-120	20	15102.457	15102.256	-0.202	102.46	-
ERRINGTON_MOUTH	grid	-120	40	15103.258	15103.060	-0.198	103.26	-
ERRINGTON_MOUTH	grid	-120	60	15103.917	15103.816	-0.101	103.92	-
ERRINGTON_MOUTH	grid	-120	80	15104.450	15104.283	-0.167	104.45	-
ERRINGTON_MOUTH	grid	-120	100	15104.890	15104.776	-0.113	104.89	-
ERRINGTON_MOUTH	grid	-120	120	15105.280	15105.263	-0.017	105.28	-
ERRINGTON_MOUTH	grid	-120	140	15105.647	15105.642	-0.005	105.65	-
ERRINGTON_MOUTH	grid	-120	160	15106.033	15106.050	0.017	106.03	-
ERRINGTON_MOUTH	grid	-120	180	15106.474	15106.502	0.029	106.47	-
ERRINGTON_MOUTH	grid	-120	200	15106.993	15107.075	0.083	106.99	-
ERRINGTON_MOUTH	grid	-120	220	15107.615	15107.675	0.060	107.61	-
ERRINGTON_MOUTH	grid	-120	240	15108.365	15108.418	0.053	108.36	-
ERRINGTON_MOUTH	grid	-120	260	15109.243	15109.407	0.163	109.24	-
ERRINGTON_MOUTH	grid	-120	280	15110.272	15110.409	0.137	110.27	-
ERRINGTON_MOUTH	grid	-120	300	15111.434	15111.493	0.059	111.43	-
ERRINGTON_MOUTH	grid	-120	320	15112.720	15112.776	0.055	112.72	-
ERRINGTON_MOUTH	grid	-120	340	15114.107	15114.134	0.027	114.11	-
ERRINGTON_MOUTH	grid	-120	360	15115.555	15115.555	0.000	115.55	-
ERRINGTON_MOUTH	grid	-120	380	15117.025	15116.969	-0.056	117.03	-
ERRINGTON_MOUTH	grid	-120	400	15118.464	15118.402	-0.062	118.46	-
ERRINGTON_MOUTH	grid	-120	420	15119.797	15119.701	-0.096	119.80	-
ERRINGTON_MOUTH	grid	-120	440	15120.983	15120.727	-0.256	120.98	-
ERRINGTON_MOUTH	grid	-120	460	15121.953	15121.757	-0.196	121.95	-
ERRINGTON_MOUTH	grid	-120	480	15122.646	15122.429	-0.217	122.65	-
ERRINGTON_MOUTH	grid	-120	500	15123.037	15122.607	-0.430	123.04	-
ERRINGTON_MOUTH	grid	-100	-500	15079.577	15079.609	0.033	79.58	-
ERRINGTON_MOUTH	grid	-100	-480	15079.760	15079.758	-0.002	79.76	-
ERRINGTON_MOUTH	grid	-100	-460	15079.966	15079.947	-0.020	79.97	-
ERRINGTON_MOUTH	grid	-100	-440	15080.193	15080.171	-0.022	80.19	-
ERRINGTON_MOUTH	grid	-100	-420	15080.428	15080.422	-0.006	80.43	-
ERRINGTON_MOUTH	grid	-100	-400	15080.677	15080.668	-0.009	80.68	-
ERRINGTON_MOUTH	grid	-100	-380	15080.928	15080.922	-0.007	80.93	-
ERRINGTON_MOUTH	grid	-100	-360	15081.196	15081.203	0.006	81.20	-
ERRINGTON_MOUTH	grid	-100	-340	15081.483	15081.508	0.025	81.48	-
ERRINGTON_MOUTH	grid	-100	-320	15081.800	15081.838	0.038	81.80	-
ERRINGTON_MOUTH	grid	-100	-300	15082.187	15082.223	0.036	82.19	-
ERRINGTON_MOUTH	grid	-100	-280	15082.655	15082.773	0.119	82.65	-
ERRINGTON_MOUTH	grid	-100	-260	15083.243	15083.472	0.229	83.24	-
ERRINGTON_MOUTH	grid	-100	-240	15083.979	15084.127	0.148	83.98	-
ERRINGTON_MOUTH	grid	-100	-220	15084.889	15084.955	0.066	84.89	-
ERRINGTON_MOUTH	grid	-100	-200	15085.995	15086.072	0.077	86.00	-
ERRINGTON_MOUTH	grid	-100	-180	15087.284	15087.353	0.069	87.28	-
ERRINGTON_MOUTH	grid	-100	-160	15088.754	15088.794	0.039	88.75	-
ERRINGTON_MOUTH	grid	-100	-140	15090.362	15090.443	0.080	90.36	-
ERRINGTON_MOUTH	grid	-100	-120	15092.067	15092.119	0.052	92.07	-
ERRINGTON_MOUTH	grid	-100	-100	15093.819	15093.759	-0.061	93.82	-
ERRINGTON_MOUTH	grid	-100	-80	15095.561	15095.386	-0.175	95.56	-
ERRINGTON_MOUTH	grid	-100	-60	15097.229	15097.041	-0.188	97.23	-
ERRINGTON_MOUTH	grid	-100	-40	15098.787	15098.571	-0.216	98.79	-
ERRINGTON_MOUTH	grid	-100	-20	15100.190	15099.921	-0.270	100.19	-
ERRINGTON_MOUTH	grid	-100	0	15101.418	15101.272	-0.146	101.42	-
ERRINGTON_MOUTH	grid	-100	20	15102.476	15102.308	-0.169	102.48	-
ERRINGTON_MOUTH	grid	-100	40	15103.341	15103.090	-0.251	103.34	-
ERRINGTON_MOUTH	grid	-100	60	15104.067	15103.880	-0.188	104.07	-
ERRINGTON_MOUTH	grid	-100	80	15104.654	15104.538	-0.116	104.65	-
ERRINGTON_MOUTH	grid	-100	100	15105.147	15105.029	-0.118	105.15	-
ERRINGTON_MOUTH	grid	-100	120	15105.586	15105.519	-0.067	105.59	-
ERRINGTON_MOUTH	grid	-100	140	15105.995	15105.994	-0.001	106.00	-
ERRINGTON_MOUTH	grid	-100	160	15106.417	15106.449	0.032	106.42	-
ERRINGTON_MOUTH	grid	-100	180	15106.884	15106.919	0.035	106.88	-
ERRINGTON_MOUTH	grid	-100	200	15107.423	15107.438	0.015	107.42	-
ERRINGTON_MOUTH	grid	-100	220	15108.059	15108.156	0.097	108.06	-
ERRINGTON_MOUTH	grid	-100	240	15108.813	15108.904	0.091	108.81	-
ERRINGTON_MOUTH	grid	-100	260	15109.698	15109.814	0.116	109.70	-
ERRINGTON_MOUTH	grid	-100	280	15110.727	15110.857	0.131	110.73	-
ERRINGTON_MOUTH	grid	-100	300	15111.889	15111.927	0.039	111.89	-
ERRINGTON_MOUTH	grid	-100	320	15113.179	15113.242	0.064	113.18	-
ERRINGTON_MOUTH	grid	-100	340	15114.576	15114.651	0.075	114.58	-
ERRINGTON_MOUTH	grid	-100	360	15116.049	15116.086	0.037	116.05	-
ERRINGTON_MOUTH	grid	-100	380	15117.556	15117.517	-0.040	117.56	-
ERRINGTON_MOUTH	grid	-100	400	15119.055	15118.958	-0.097	119.06	-
ERRINGTON_MOUTH	grid	-100	420	15120.476	15120.430	-0.046	120.48	-
ERRINGTON_MOUTH	grid	-100	440	15121.772	15121.552	-0.220	121.77	-
ERRINGTON_MOUTH	grid	-100	460	15122.874	15122.568	-0.307	122.87	-
ERRINGTON_MOUTH	grid	-100	480	15123.720	15123.625	-0.095	123.72	-
ERRINGTON_MOUTH	grid	-100	500	15124.284	15123.980	-0.305	124.28	-
ERRINGTON_MOUTH	grid	-80	-500	15079.212	15079.178	-0.034	79.21	-
ERRINGTON_MOUTH	grid	-80	-480	15079.333	15079.288	-0.045	79.33	-
ERRINGTON_MOUTH	grid	-80	-460	15079.474	15079.464	-0.010	79.47	-
ERRINGTON_MOUTH	grid	-80	-440	15079.643	15079.686	0.043	79.64	-
ERRINGTON_MOUTH	grid	-80	-420	15079.825	15079.851	0.026	79.82	-
ERRINGTON_MOUTH	grid	-80	-400	15080.029	15080.041	0.012	80.03	-
ERRINGTON_MOUTH	grid	-80	-380	15080.246	15080.254	0.008	80.25	-
ERRINGTON_MOUTH	grid	-80	-360	15080.485	15080.493	0.008	80.48	-
ERRINGTON_MOUTH	grid	-80	-340	15080.756	15080.759	0.003	80.76	-
ERRINGTON_MOUTH	grid	-80	-320	15081.068	15081.134	0.066	81.07	-
ERRINGTON_MOUTH	grid	-80	-300	15081.456	15081.554	0.097	81.46	-
ERRINGTON_MOUTH	grid	-80	-280	15081.930	15082.000	0.070	81.93	-
ERRINGTON_MOUTH	grid	-80	-260	15082.534	15082.654	0.120	82.53	-
ERRINGTON_MOUTH	grid	-80	-240	15083.291	15083.381	0.090	83.29	-
ERRINGTON_MOUTH	grid	-80	-220	15084.216	15084.261	0.045	84.22	-
ERRINGTON_MOUTH	grid	-80	-200	15085.341	15085.528	0.186	85.34	-
ERRINGTON_MOUTH	grid	-80	-180	15086.647	15086.872	0.226	86.65	-
ERRINGTON_MOUTH	grid	-80	-160	15088.133	15088.180	0.047	88.13	-
ERRINGTON_MOUTH	grid	-80	-140	15089.766	15089.757	-0.009	89.77	-
ERRINGTON_MOUTH	grid	-80	-120	15091.499	15091.458	-0.041	91.50	-
ERRINGTON_MOUTH	grid	-80	-100	15093.287	15093.199	-0.088	93.29	-
ERRINGTON_MOUTH	grid	-80	-80	15095.073	15094.905	-0.168	95.07	-
ERRINGTON_MOUTH	grid	-80	-60	15096.793	15096.620	-0.173	96.79	-
ERRINGTON_MOUTH	grid	-80	-40	15098.411	15098.357	-0.054	98.41	-
ERRINGTON_MOUTH	grid	-80	-20	15099.886	15099.695	-0.191	99.89	-
ERRINGTON_MOUTH	grid	-80	0	15101.189	15100.907	-0.282	101.19	-
ERRINGTON_MOUTH	grid	-80	20	15102.327	15102.146	-0.180	102.33	-
ERRINGTON_MOUTH	grid	-80	40	15103.274	15103.042	-0.232	103.27	-
ERRINGTON_MOUTH	grid	-80	60	15104.078	15103.865	-0.213	104.08	-
ERRINGTON_MOUTH	grid	-80	80	15104.746	15104.685	-0.061	104.75	-
ERRINGTON_MOUTH	grid	-80	100	15105.316	15105.262	-0.054	105.32	-
ERRINGTON_MOUTH	grid	-80	120	15105.823	15105.759	-0.065	105.82	-
ERRINGTON_MOUTH	grid	-80	140	15106.293	15106.276	-0.018	106.29	-
ERRINGTON_MOUTH	grid	-80	160	15106.772	15106.745	-0.027	106.77	-
ERRINGTON_MOUTH	grid	-80	180	15107.284	15107.273	-0.011	107.28	-
ERRINGTON_MOUTH	grid	-80	200	15107.863	15107.901	0.038	107.86	-
ERRINGTON_MOUTH	grid	-80	220	15108.530	15108.657	0.128	108.53	-
ERRINGTON_MOUTH	grid	-80	240	15109.306	15109.454	0.148	109.31	-
ERRINGTON_MOUTH	grid	-80	260	15110.199	15110.238	0.039	110.20	-
ERRINGTON_MOUTH	grid	-80	280	15111.235	15111.302	0.068	111.23	-
ERRINGTON_MOUTH	grid	-80	300	15112.394	15112.502	0.109	112.39	-
ERRINGTON_MOUTH	grid	-80	320	15113.684	15113.729	0.046	113.68	-
ERRINGTON_MOUTH	grid	-80	340	15115.083	15115.153	0.070	115.08	-
ERRINGTON_MOUTH	grid	-80	360	15116.566	15116.608	0.042	116.57	-
ERRINGTON_MOUTH	grid	-80	380	15118.099	15118.095	-0.004	118.10	-
ERRINGTON_MOUTH	grid	-80	400	15119.639	15119.539	-0.101	119.64	-
ERRINGTON_MOUTH	grid	-80	420	15121.126	15121.012	-0.114	121.13	-
ERRINGTON_MOUTH	grid	-80	440	15122.508	15122.456	-0.052	122.51	-
ERRINGTON_MOUTH	grid	-80	460	15123.725	15123.467	-0.259	123.73	-
ERRINGTON_MOUTH	grid	-80	480	15124.709	15124.490	-0.219	124.71	-
ERRINGTON_MOUTH	grid	-80	500	15125.430	15125.284	-0.146	125.43	-
ERRINGTON_MOUTH	grid	-60	-500	15078.942	15078.939	-0.003	78.94	-
ERRINGTON_MOUTH	grid	-60	-480	15079.001	15079.034	0.032	79.00	-
ERRINGTON_MOUTH	grid	-60	-460	15079.079	15079.121	0.043	79.08	-
ERRINGTON_MOUTH	grid	-60	-440	15079.193	15079.186	-0.007	79.19	-
ERRINGTON_MOUTH	grid	-60	-420	15079.321	15079.293	-0.028	79.32	-
ERRINGTON_MOUTH	grid	-60	-400	15079.477	15079.458	-0.019	79.48	-
ERRINGTON_MOUTH	grid	-60	-380	15079.657	15079.674	0.017	79.66	-
ERRINGTON_MOUTH	grid	-60	-360	15079.865	15079.911	0.046	79.86	-
ERRINGTON_MOUTH	grid	-60	-340	15080.113	15080.168	0.055	80.11	-
ERRINGTON_MOUTH	grid	-60	-320	15080.410	15080.472	0.062	80.41	-
ERRINGTON_MOUTH	grid	-60	-300	15080.786	15080.898	0.112	80.79	-
ERRINGTON_MOUTH	grid	-60	-280	15081.260	15081.351	0.092	81.26	-
ERRINGTON_MOUTH	grid	-60	-260	15081.859	15081.890	0.031	81.86	-
ERRINGTON_MOUTH	grid	-60	-240	15082.614	15082.784	0.169	82.61	-
ERRINGTON_MOUTH	grid	-60	-220	15083.537	15083.705	0.168	83.54	-
ERRINGTON_MOUTH	grid	-60	-200	15084.659	15084.703	0.044	84.66	-
ERRINGTON_MOUTH	grid	-60	-180	15085.962	15086.086	0.124	85.96	-
ERRINGTON_MOUTH	grid	-60	-160	15087.449	15087.502	0.053	87.45	-
ERRINGTON_MOUTH	grid	-60	-140	15089.084	15089.056	-0.027	89.08	-
ERRINGTON_MOUTH	grid	-60	-120	15090.823	15090.836	0.014	90.82	-
ERRINGTON_MOUTH	grid	-60	-100	15092.627	15092.593	-0.034	92.63	-
ERRINGTON_MOUTH	grid	-60	-80	15094.442	15094.351	-0.090	94.44	-
ERRINGTON_MOUTH	grid	-60	-60	15096.201	15096.066	-0.135	96.20	-
ERRINGTON_MOUTH	grid	-60	-40	15097.876	15097.680	-0.196	97.88	-
ERRINGTON_MOUTH	grid	-60	-20	15099.416	15099.264	-0.152	99.42	-
ERRINGTON_MOUTH	grid	-60	0	15100.794	15100.514	-0.281	100.79	-
ERRINGTON_MOUTH	grid	-60	20	15102.016	15101.790	-0.226	102.02	-
ERRINGTON_MOUTH	grid	-60	40	15103.053	15103.006	-0.047	103.05	-
ERRINGTON_MOUTH	grid	-60	60	15103.951	15103.772	-0.179	103.95	-
ERRINGTON_MOUTH	grid	-60	80	15104.715	15104.556	-0.159	104.71	-
ERRINGTON_MOUTH	grid	-60	100	15105.377	15105.318	-0.059	105.38	-
ERRINGTON_MOUTH	grid	-60	120	15105.972	15105.868	-0.104	105.97	-
ERRINGTON_MOUTH	grid	-60	140	15106.529	15106.445	-0.084	106.53	-
ERRINGTON_MOUTH	grid	-60	160	15107.089	15107.120	0.031	107.09	-
ERRINGTON_MOUTH	grid	-60	180	15107.669	15107.763	0.093	107.67	-
ERRINGTON_MOUTH	grid	-60	200	15108.305	15108.391	0.086	108.31	-
ERRINGTON_MOUTH	grid	-60	220	15109.018	15109.074	0.056	109.02	-
ERRINGTON_MOUTH	grid	-60	240	15109.829	15109.871	0.042	109.83	-
ERRINGTON_MOUTH	grid	-60	260	15110.744	15110.806	0.062	110.74	-
ERRINGTON_MOUTH	grid	-60	280	15111.788	15111.872	0.085	111.79	-
ERRINGTON_MOUTH	grid	-60	300	15112.952	15113.100	0.148	112.95	-
ERRINGTON_MOUTH	grid	-60	320	15114.241	15114.345	0.104	114.24	-
ERRINGTON_MOUTH	grid	-60	340	15115.636	15115.660	0.024	115.64	-
ERRINGTON_MOUTH	grid	-60	360	15117.122	15117.146	0.024	117.12	-
ERRINGTON_MOUTH	grid	-60	380	15118.667	15118.677	0.010	118.67	-
ERRINGTON_MOUTH	grid	-60	400	15120.232	15120.183	-0.049	120.23	-
ERRINGTON_MOUTH	grid	-60	420	15121.762	15121.643	-0.120	121.76	-
ERRINGTON_MOUTH	grid	-60	440	15123.212	15123.129	-0.083	123.21	-
ERRINGTON_MOUTH	grid	-60	460	15124.519	15124.343	-0.176	124.52	-
ERRINGTON_MOUTH	grid	-60	480	15125.616	15125.279	-0.337	125.62	-
ERRINGTON_MOUTH	grid	-60	500	15126.470	15126.242	-0.228	126.47	-
ERRINGTON_MOUTH	grid	-40	-500	15078.763	15078.770	0.007	78.76	-
ERRINGTON_MOUTH	grid	-40	-480	15078.761	15078.753	-0.009	78.76	-
ERRINGTON_MOUTH	grid	-40	-460	15078.788	15078.786	-0.002	78.79	-
ERRINGTON_MOUTH	grid	-40	-440	15078.845	15078.847	0.001	78.85	-
ERRINGTON_MOUTH	grid	-40	-420	15078.922	15078.945	0.023	78.92	-
ERRINGTON_MOUTH	grid	-40	-400	15079.034	15079.079	0.045	79.03	-
ERRINGTON_MOUTH	grid	-40	-380	15079.173	15079.209	0.036	79.17	-
ERRINGTON_MOUTH	grid	-40	-360	15079.347	15079.382	0.035	79.35	-
ERRINGTON_MOUTH	grid	-40	-340	15079.567	15079.608	0.041	79.57	-
ERRINGTON_MOUTH	grid	-40	-320	15079.842	15079.888	0.046	79.84	-
ERRINGTON_MOUTH	grid	-40	-300	15080.200	15080.257	0.058	80.20	-
ERRINGTON_MOUTH	grid	-40	-280	15080.655	15080.763	0.108	80.65	-
ERRINGTON_MOUTH	grid	-40	-260	15081.239	15081.334	0.095	81.24	-
ERRINGTON_MOUTH	grid	-40	-240	15081.979	15082.104	0.125	81.98	-
ERRINGTON_MOUTH	grid	-40	-220	15082.881	15083.084	0.203	82.88	-
ERRINGTON_MOUTH	grid	-40	-200	15083.979	15084.091	0.112	83.98	-
ERRINGTON_MOUTH	grid	-40	-180	15085.260	15085.331	0.071	85.26	-
ERRINGTON_MOUTH	grid	-40	-160	15086.719	15086.831	0.113	86.72	-
ERRINGTON_MOUTH	grid	-40	-140	15088.331	15088.359	0.027	88.33	-
ERRINGTON_MOUTH	grid	-40	-120	15090.060	15090.018	-0.042	90.06	-
ERRINGTON_MOUTH	grid	-40	-100	15091.860	15091.825	-0.035	91.86	-
ERRINGTON_MOUTH	grid	-40	-80	15093.681	15093.630	-0.051	93.68	-
ERRINGTON_MOUTH	grid	-40	-60	15095.468	15095.333	-0.136	95.47	-
ERRINGTON_MOUTH	grid	-40	-40	15097.180	15096.968	-0.213	97.18	-
ERRINGTON_MOUTH	grid	-40	-20	15098.780	15098.605	-0.175	98.78	-
ERRINGTON_MOUTH	grid	-40	0	15100.231	15100.070	-0.161	100.23	-
ERRINGTON_MOUTH	grid	-40	20	15101.538	15101.318	-0.220	101.54	-
ERRINGTON_MOUTH	grid	-40	40	15102.674	15102.522	-0.152	102.67	-
ERRINGTON_MOUTH	grid	-40	60	15103.680	15103.546	-0.133	103.68	-
ERRINGTON_MOUTH	grid	-40	80	15104.549	15104.393	-0.156	104.55	-
ERRINGTON_MOUTH	grid	-40	100	15105.324	15105.266	-0.058	105.32	-
ERRINGTON_MOUTH	grid	-40	120	15106.037	15105.972	-0.065	106.04	-
ERRINGTON_MOUTH	grid	-40	140	15106.698	15106.657	-0.040	106.70	-
ERRINGTON_MOUTH	grid	-40	160	15107.358	15107.370	0.011	107.36	-
ERRINGTON_MOUTH	grid	-40	180	15108.029	15108.070	0.040	108.03	-
ERRINGTON_MOUTH	grid	-40	200	15108.747	15108.766	0.020	108.75	-
ERRINGTON_MOUTH	grid	-40	220	15109.525	15109.509	-0.016	109.53	-
ERRINGTON_MOUTH	grid	-40	240	15110.384	15110.488	0.104	110.38	-
ERRINGTON_MOUTH	grid	-40	260	15111.335	15111.474	0.139	111.33	-
ERRINGTON_MOUTH	grid	-40	280	15112.399	15112.484	0.085	112.40	-
ERRINGTON_MOUTH	grid	-40	300	15113.569	15113.647	0.078	113.57	-
ERRINGTON_MOUTH	grid	-40	320	15114.856	15114.904	0.048	114.86	-
ERRINGTON_MOUTH	grid	-40	340	15116.244	15116.278	0.034	116.24	-
ERRINGTON_MOUTH	grid	-40	360	15117.720	15117.752	0.032	117.72	-
ERRINGTON_MOUTH	grid	-40	380	15119.267	15119.281	0.014	119.27	-
ERRINGTON_MOUTH	grid	-40	400	15120.839	15120.839	0.000	120.84	-
ERRINGTON_MOUTH	grid	-40	420	15122.398	15122.326	-0.073	122.40	-
ERRINGTON_MOUTH	grid	-40	440	15123.893	15123.743	-0.151	123.89	-
ERRINGTON_MOUTH	grid	-40	460	15125.265	15125.182	-0.083	125.27	-
ERRINGTON_MOUTH	grid	-40	480	15126.450	15126.162	-0.288	126.45	-
ERRINGTON_MOUTH	grid	-40	500	15127.419	15127.091	-0.329	127.42	-
ERRINGTON_MOUTH	grid	-20	-500	15078.670	15078.685	0.015	78.67	-
ERRINGTON_MOUTH	grid	-20	-480	15078.621	15078.619	-0.002	78.62	-
ERRINGTON_MOUTH	grid	-20	-460	15078.593	15078.600	0.007	78.59	-
ERRINGTON_MOUTH	grid	-20	-440	15078.600	15078.609	0.009	78.60	-
ERRINGTON_MOUTH	grid	-20	-420	15078.634	15078.639	0.006	78.63	-
ERRINGTON_MOUTH	grid	-20	-400	15078.701	15078.709	0.008	78.70	-
ERRINGTON_MOUTH	grid	-20	-380	15078.797	15078.825	0.028	78.80	-
ERRINGTON_MOUTH	grid	-20	-360	15078.935	15078.968	0.032	78.94	-
ERRINGTON_MOUTH	grid	-20	-340	15079.124	15079.186	0.062	79.12	-
ERRINGTON_MOUTH	grid	-20	-320	15079.372	15079.439	0.068	79.37	-
ERRINGTON_MOUTH	grid	-20	-300	15079.701	15079.743	0.041	79.70	-
ERRINGTON_MOUTH	grid	-20	-280	15080.132	15080.266	0.134	80.13	-
ERRINGTON_MOUTH	grid	-20	-260	15080.685	15080.849	0.164	80.68	-
ERRINGTON_MOUTH	grid	-20	-240	15081.392	15081.447	0.055	81.39	-
ERRINGTON_MOUTH	grid	-20	-220	15082.258	15082.364	0.107	82.26	-
ERRINGTON_MOUTH	grid	-20	-200	15083.321	15083.452	0.131	83.32	-
ERRINGTON_MOUTH	grid	-20	-180	15084.556	15084.578	0.022	84.56	-
ERRINGTON_MOUTH	grid	-20	-160	15085.972	15086.061	0.089	85.97	-
ERRINGTON_MOUTH	grid	-20	-140	15087.543	15087.647	0.104	87.54	-
ERRINGTON_MOUTH	grid	-20	-120	15089.234	15089.261	0.026	89.23	-
ERRINGTON_MOUTH	grid	-20	-100	15091.013	15090.971	-0.041	91.01	-
ERRINGTON_MOUTH	grid	-20	-80	15092.824	15092.725	-0.098	92.82	-
ERRINGTON_MOUTH	grid	-20	-60	15094.618	15094.507	-0.112	94.62	-
ERRINGTON_MOUTH	grid	-20	-40	15096.360	15096.178	-0.182	96.36	-
ERRINGTON_MOUTH	grid	-20	-20	15098.004	15097.846	-0.158	98.00	-
ERRINGTON_MOUTH	grid	-20	0	15099.522	15099.456	-0.066	99.52	-
ERRINGTON_MOUTH	grid	-20	20	15100.913	15100.743	-0.170	100.91	-
ERRINGTON_MOUTH	grid	-20	40	15102.148	15101.964	-0.183	102.15	-
ERRINGTON_MOUTH	grid	-20	60	15103.265	15103.195	-0.070	103.27	-
ERRINGTON_MOUTH	grid	-20	80	15104.257	15104.100	-0.157	104.26	-
ERRINGTON_MOUTH	grid	-20	100	15105.158	15105.021	-0.138	105.16	-
ERRINGTON_MOUTH	grid	-20	120	15106.000	15106.001	0.001	106.00	-
ERRINGTON_MOUTH	grid	-20	140	15106.786	15106.796	0.010	106.79	-
ERRINGTON_MOUTH	grid	-20	160	15107.571	15107.592	0.020	107.57	-
ERRINGTON_MOUTH	grid	-20	180	15108.351	15108.371	0.020	108.35	-
ERRINGTON_MOUTH	grid	-20	200	15109.167	15109.170	0.003	109.17	-
ERRINGTON_MOUTH	grid	-20	220	15110.031	15110.084	0.053	110.03	-
ERRINGTON_MOUTH	grid	-20	240	15110.953	15111.025	0.072	110.95	-
ERRINGTON_MOUTH	grid	-20	260	15111.955	15112.053	0.098	111.96	-
ERRINGTON_MOUTH	grid	-20	280	15113.050	15113.109	0.059	113.05	-
ERRINGTON_MOUTH	grid	-20	300	15114.237	15114.253	0.016	114.24	-
ERRINGTON_MOUTH	grid	-20	320	15115.523	15115.607	0.084	115.52	-
ERRINGTON_MOUTH	grid	-20	340	15116.905	15116.981	0.076	116.90	-
ERRINGTON_MOUTH	grid	-20	360	15118.369	15118.391	0.022	118.37	-
ERRINGTON_MOUTH	grid	-20	380	15119.905	15119.920	0.015	119.91	-
ERRINGTON_MOUTH	grid	-20	400	15121.476	15121.465	-0.011	121.48	-
ERRINGTON_MOUTH	grid	-20	420	15123.039	15122.983	-0.056	123.04	-
ERRINGTON_MOUTH	grid	-20	440	15124.558	15124.363	-0.195	124.56	-
ERRINGTON_MOUTH	grid	-20	460	15125.971	15125.788	-0.182	125.97	-
ERRINGTON_MOUTH	grid	-20	480	15127.222	15127.120	-0.102	127.22	-
ERRINGTON_MOUTH	grid	-20	500	15128.274	15127.999	-0.275	128.27	-
ERRINGTON_MOUTH	grid	0	-500	15078.659	15078.632	-0.027	78.66	-
ERRINGTON_MOUTH	grid	0	-480	15078.564	15078.544	-0.020	78.56	-
ERRINGTON_MOUTH	grid	0	-460	15078.492	15078.510	0.019	78.49	-
ERRINGTON_MOUTH	grid	0	-440	15078.458	15078.492	0.035	78.46	-
ERRINGTON_MOUTH	grid	0	-420	15078.442	15078.474	0.032	78.44	-
ERRINGTON_MOUTH	grid	0	-400	15078.469	15078.491	0.022	78.47	-
ERRINGTON_MOUTH	grid	0	-380	15078.529	15078.562	0.032	78.53	-
ERRINGTON_MOUTH	grid	0	-360	15078.631	15078.659	0.028	78.63	-
ERRINGTON_MOUTH	grid	0	-340	15078.783	15078.802	0.019	78.78	-
ERRINGTON_MOUTH	grid	0	-320	15078.995	15079.078	0.083	79.00	-
ERRINGTON_MOUTH	grid	0	-300	15079.296	15079.382	0.086	79.30	-
ERRINGTON_MOUTH	grid	0	-280	15079.690	15079.754	0.064	79.69	-
ERRINGTON_MOUTH	grid	0	-260	15080.205	15080.340	0.135	80.21	-
ERRINGTON_MOUTH	grid	0	-240	15080.870	15080.970	0.100	80.87	-
ERRINGTON_MOUTH	grid	0	-220	15081.686	15081.736	0.050	81.69	-
ERRINGTON_MOUTH	grid	0	-200	15082.692	15082.872	0.180	82.69	-
ERRINGTON_MOUTH	grid	0	-180	15083.868	15084.014	0.147	83.87	-
ERRINGTON_MOUTH	grid	0	-160	15085.225	15085.231	0.005	85.23	-
ERRINGTON_MOUTH	grid	0	-140	15086.738	15086.812	0.074	86.74	-
ERRINGTON_MOUTH	grid	0	-120	15088.373	15088.398	0.024	88.37	-
ERRINGTON_MOUTH	grid	0	-100	15090.109	15090.032	-0.077	90.11	-
ERRINGTON_MOUTH	grid	0	-80	15091.891	15091.809	-0.083	91.89	-
ERRINGTON_MOUTH	grid	0	-60	15093.679	15093.612	-0.067	93.68	-
ERRINGTON_MOUTH	grid	0	-40	15095.428	15095.398	-0.030	95.43	-
ERRINGTON_MOUTH	grid	0	-20	15097.106	15096.942	-0.164	97.11	-
ERRINGTON_MOUTH	grid	0	0	15098.682	15098.513	-0.169	98.68	-
ERRINGTON_MOUTH	grid	0	20	15100.152	15100.042	-0.110	100.15	-
ERRINGTON_MOUTH	grid	0	40	15101.489	15101.294	-0.195	101.49	-
ERRINGTON_MOUTH	grid	0	60	15102.721	15102.573	-0.149	102.72	-
ERRINGTON_MOUTH	grid	0	80	15103.843	15103.837	-0.006	103.84	-
ERRINGTON_MOUTH	grid	0	100	15104.883	15104.867	-0.017	104.88	-
ERRINGTON_MOUTH	grid	0	120	15105.867	15105.847	-0.020	105.87	-
ERRINGTON_MOUTH	grid	0	140	15106.800	15106.795	-0.006	106.80	-
ERRINGTON_MOUTH	grid	0	160	15107.722	15107.590	-0.132	107.72	-
ERRINGTON_MOUTH	grid	0	180	15108.636	15108.605	-0.031	108.64	-
ERRINGTON_MOUTH	grid	0	200	15109.570	15109.636	0.066	109.57	-
ERRINGTON_MOUTH	grid	0	220	15110.535	15110.620	0.085	110.53	-
ERRINGTON_MOUTH	grid	0	240	15111.541	15111.627	0.086	111.54	-
ERRINGTON_MOUTH	grid	0	260	15112.608	15112.616	0.008	112.61	-
ERRINGTON_MOUTH	grid	0	280	15113.743	15113.785	0.042	113.74	-
ERRINGTON_MOUTH	grid	0	300	15114.950	15115.005	0.055	114.95	-
ERRINGTON_MOUTH	grid	0	320	15116.244	15116.297	0.053	116.24	-
ERRINGTON_MOUTH	grid	0	340	15117.619	15117.684	0.065	117.62	-
ERRINGTON_MOUTH	grid	0	360	15119.071	15119.099	0.028	119.07	-
ERRINGTON_MOUTH	grid	0	380	15120.584	15120.561	-0.024	120.58	-
ERRINGTON_MOUTH	grid	0	400	15122.136	15122.084	-0.052	122.14	-
ERRINGTON_MOUTH	grid	0	420	15123.693	15123.634	-0.059	123.69	-
ERRINGTON_MOUTH	grid	0	440	15125.213	15125.106	-0.107	125.21	-
ERRINGTON_MOUTH	grid	0	460	15126.643	15126.513	-0.130	126.64	-
ERRINGTON_MOUTH	grid	0	480	15127.934	15127.826	-0.108	127.93	-
ERRINGTON_MOUTH	grid	0	500	15129.046	15128.754	-0.292	129.05	-
ERRINGTON_MOUTH	grid	20	-500	15078.722	15078.731	0.009	78.72	-
ERRINGTON_MOUTH	grid	20	-480	15078.591	15078.625	0.035	78.59	-
ERRINGTON_MOUTH	grid	20	-460	15078.480	15078.500	0.020	78.48	-
ERRINGTON_MOUTH	grid	20	-440	15078.406	15078.407	0.001	78.41	-
ERRINGTON_MOUTH	grid	20	-420	15078.357	15078.348	-0.008	78.36	-
ERRINGTON_MOUTH	grid	20	-400	15078.342	15078.345	0.003	78.34	-
ERRINGTON_MOUTH	grid	20	-380	15078.368	15078.400	0.032	78.37	-
ERRINGTON_MOUTH	grid	20	-360	15078.430	15078.484	0.054	78.43	-
ERRINGTON_MOUTH	grid	20	-340	15078.550	15078.590	0.040	78.55	-
ERRINGTON_MOUTH	grid	20	-320	15078.727	15078.792	0.065	78.73	-
ERRINGTON_MOUTH	grid	20	-300	15078.987	15079.078	0.091	78.99	-
ERRINGTON_MOUTH	grid	20	-280	15079.341	15079.392	0.051	79.34	-
ERRINGTON_MOUTH	grid	20	-260	15079.810	15079.896	0.086	79.81	-
ERRINGTON_MOUTH	grid	20	-240	15080.419	15080.569	0.150	80.42	-
ERRINGTON_MOUTH	grid	20	-220	15081.173	15081.268	0.095	81.17	-
ERRINGTON_MOUTH	grid	20	-200	15082.113	15082.202	0.088	82.11	-
ERRINGTON_MOUTH	grid	20	-180	15083.217	15083.364	0.147	83.22	-
ERRINGTON_MOUTH	grid	20	-160	15084.497	15084.554	0.057	84.50	-
ERRINGTON_MOUTH	grid	20	-140	15085.933	15085.951	0.018	85.93	-
ERRINGTON_MOUTH	grid	20	-120	15087.497	15087.554	0.057	87.50	-
ERRINGTON_MOUTH	grid	20	-100	15089.176	15089.168	-0.008	89.18	-
ERRINGTON_MOUTH	grid	20	-80	15090.909	15090.876	-0.032	90.91	-
ERRINGTON_MOUTH	grid	20	-60	15092.670	15092.620	-0.050	92.67	-
ERRINGTON_MOUTH	grid	20	-40	15094.416	15094.329	-0.087	94.42	-
ERRINGTON_MOUTH	grid	20	-20	15096.117	15095.977	-0.139	96.12	-
ERRINGTON_MOUTH	grid	20	0	15097.737	15097.570	-0.167	97.74	-
ERRINGTON_MOUTH	grid	20	20	15099.280	15099.190	-0.090	99.28	-
ERRINGTON_MOUTH	grid	20	40	15100.709	15100.630	-0.080	100.71	-
ERRINGTON_MOUTH	grid	20	60	15102.056	15101.935	-0.121	102.06	-
ERRINGTON_MOUTH	grid	20	80	15103.315	15103.267	-0.048	103.32	-
ERRINGTON_MOUTH	grid	20	100	15104.501	15104.444	-0.056	104.50	-
ERRINGTON_MOUTH	grid	20	120	15105.638	15105.512	-0.127	105.64	-
ERRINGTON_MOUTH	grid	20	140	15106.727	15106.669	-0.058	106.73	-
ERRINGTON_MOUTH	grid	20	160	15107.804	15107.858	0.054	107.80	-
ERRINGTON_MOUTH	grid	20	180	15108.866	15108.928	0.061	108.87	-
ERRINGTON_MOUTH	grid	20	200	15109.933	15109.989	0.055	109.93	-
ERRINGTON_MOUTH	grid	20	220	15111.018	15111.008	-0.010	111.02	-
ERRINGTON_MOUTH	grid	20	240	15112.121	15112.060	-0.061	112.12	-
ERRINGTON_MOUTH	grid	20	260	15113.266	15113.279	0.013	113.27	-
ERRINGTON_MOUTH	grid	20	280	15114.454	15114.514	0.060	114.45	-
ERRINGTON_MOUTH	grid	20	300	15115.697	15115.772	0.075	115.70	-
ERRINGTON_MOUTH	grid	20	320	15117.003	15117.034	0.031	117.00	-
ERRINGTON_MOUTH	grid	20	340	15118.375	15118.397	0.022	118.37	-
ERRINGTON_MOUTH	grid	20	360	15119.810	15119.824	0.014	119.81	-
ERRINGTON_MOUTH	grid	20	380	15121.301	15121.279	-0.022	121.30	-
ERRINGTON_MOUTH	grid	20	400	15122.827	15122.778	-0.050	122.83	-
ERRINGTON_MOUTH	grid	20	420	15124.360	15124.307	-0.053	124.36	-
ERRINGTON_MOUTH	grid	20	440	15125.862	15125.853	-0.008	125.86	-
ERRINGTON_MOUTH	grid	20	460	15127.293	15127.089	-0.204	127.29	-
ERRINGTON_MOUTH	grid	20	480	15128.599	15128.342	-0.257	128.60	-
ERRINGTON_MOUTH	grid	20	500	15129.738	15129.622	-0.117	129.74	-
ERRINGTON_MOUTH	grid	40	-500	15078.856	15078.856	-0.000	78.86	-
ERRINGTON_MOUTH	grid	40	-480	15078.694	15078.683	-0.010	78.69	-
ERRINGTON_MOUTH	grid	40	-460	15078.550	15078.553	0.003	78.55	-
ERRINGTON_MOUTH	grid	40	-440	15078.442	15078.449	0.008	78.44	-
ERRINGTON_MOUTH	grid	40	-420	15078.358	15078.389	0.031	78.36	-
ERRINGTON_MOUTH	grid	40	-400	15078.309	15078.351	0.042	78.31	-
ERRINGTON_MOUTH	grid	40	-380	15078.299	15078.314	0.015	78.30	-
ERRINGTON_MOUTH	grid	40	-360	15078.326	15078.356	0.030	78.33	-
ERRINGTON_MOUTH	grid	40	-340	15078.409	15078.431	0.022	78.41	-
ERRINGTON_MOUTH	grid	40	-320	15078.547	15078.564	0.018	78.55	-
ERRINGTON_MOUTH	grid	40	-300	15078.766	15078.837	0.071	78.77	-
ERRINGTON_MOUTH	grid	40	-280	15079.075	15079.167	0.092	79.08	-
ERRINGTON_MOUTH	grid	40	-260	15079.492	15079.524	0.032	79.49	-
ERRINGTON_MOUTH	grid	40	-240	15080.041	15080.166	0.124	80.04	-
ERRINGTON_MOUTH	grid	40	-220	15080.724	15080.878	0.153	80.72	-
ERRINGTON_MOUTH	grid	40	-200	15081.589	15081.616	0.027	81.59	-
ERRINGTON_MOUTH	grid	40	-180	15082.608	15082.721	0.113	82.61	-
ERRINGTON_MOUTH	grid	40	-160	15083.801	15083.911	0.110	83.80	-
ERRINGTON_MOUTH	grid	40	-140	15085.150	15085.128	-0.022	85.15	-
ERRINGTON_MOUTH	grid	40	-120	15086.629	15086.675	0.046	86.63	-
ERRINGTON_MOUTH	grid	40	-100	15088.233	15088.305	0.072	88.23	-
ERRINGTON_MOUTH	grid	40	-80	15089.905	15089.871	-0.034	89.90	-
ERRINGTON_MOUTH	grid	40	-60	15091.625	15091.541	-0.083	91.62	-
ERRINGTON_MOUTH	grid	40	-40	15093.351	15093.253	-0.098	93.35	-
ERRINGTON_MOUTH	grid	40	-20	15095.054	15094.990	-0.064	95.05	-
ERRINGTON_MOUTH	grid	40	0	15096.708	15096.604	-0.103	96.71	-
ERRINGTON_MOUTH	grid	40	20	15098.308	15098.192	-0.116	98.31	-
ERRINGTON_MOUTH	grid	40	40	15099.829	15099.798	-0.031	99.83	-
ERRINGTON_MOUTH	grid	40	60	15101.288	15101.200	-0.088	101.29	-
ERRINGTON_MOUTH	grid	40	80	15102.677	15102.602	-0.075	102.68	-
ERRINGTON_MOUTH	grid	40	100	15104.013	15104.015	0.002	104.01	-
ERRINGTON_MOUTH	grid	40	120	15105.312	15105.250	-0.062	105.31	-
ERRINGTON_MOUTH	grid	40	140	15106.567	15106.545	-0.022	106.57	-
ERRINGTON_MOUTH	grid	40	160	15107.809	15107.867	0.058	107.81	-
ERRINGTON_MOUTH	grid	40	180	15109.030	15109.004	-0.026	109.03	-
ERRINGTON_MOUTH	grid	40	200	15110.244	15110.161	-0.084	110.24	-
ERRINGTON_MOUTH	grid	40	220	15111.462	15111.479	0.017	111.46	-
ERRINGTON_MOUTH	grid	40	240	15112.679	15112.730	0.051	112.68	-
ERRINGTON_MOUTH	grid	40	260	15113.914	15113.948	0.034	113.91	-
ERRINGTON_MOUTH	grid	40	280	15115.168	15115.192	0.024	115.17	-
ERRINGTON_MOUTH	grid	40	300	15116.457	15116.451	-0.006	116.46	-
ERRINGTON_MOUTH	grid	40	320	15117.783	15117.767	-0.016	117.78	-
ERRINGTON_MOUTH	grid	40	340	15119.156	15119.140	-0.016	119.16	-
ERRINGTON_MOUTH	grid	40	360	15120.580	15120.575	-0.005	120.58	-
ERRINGTON_MOUTH	grid	40	380	15122.045	15122.034	-0.011	122.05	-
ERRINGTON_MOUTH	grid	40	400	15123.534	15123.520	-0.014	123.53	-
ERRINGTON_MOUTH	grid	40	420	15125.034	15124.980	-0.054	125.03	-
ERRINGTON_MOUTH	grid	40	440	15126.505	15126.389	-0.117	126.51	-
ERRINGTON_MOUTH	grid	40	460	15127.909	15127.752	-0.157	127.91	-
ERRINGTON_MOUTH	grid	40	480	15129.207	15128.960	-0.247	129.21	-
ERRINGTON_MOUTH	grid	40	500	15130.355	15130.195	-0.160	130.35	-
ERRINGTON_MOUTH	grid	60	-500	15079.049	15079.044	-0.004	79.05	-
ERRINGTON_MOUTH	grid	60	-480	15078.864	15078.862	-0.002	78.86	-
ERRINGTON_MOUTH	grid	60	-460	15078.694	15078.701	0.007	78.69	-
ERRINGTON_MOUTH	grid	60	-440	15078.558	15078.567	0.009	78.56	-
ERRINGTON_MOUTH	grid	60	-420	15078.442	15078.445	0.003	78.44	-
ERRINGTON_MOUTH	grid	60	-400	15078.363	15078.374	0.011	78.36	-
ERRINGTON_MOUTH	grid	60	-380	15078.320	15078.338	0.018	78.32	-
ERRINGTON_MOUTH	grid	60	-360	15078.313	15078.341	0.028	78.31	-
ERRINGTON_MOUTH	grid	60	-340	15078.362	15078.416	0.054	78.36	-
ERRINGTON_MOUTH	grid	60	-320	15078.461	15078.511	0.049	78.46	-
ERRINGTON_MOUTH	grid	60	-300	15078.637	15078.662	0.024	78.64	-
ERRINGTON_MOUTH	grid	60	-280	15078.894	15078.981	0.087	78.89	-
ERRINGTON_MOUTH	grid	60	-260	15079.254	15079.332	0.077	79.25	-
ERRINGTON_MOUTH	grid	60	-240	15079.738	15079.774	0.035	79.74	-
ERRINGTON_MOUTH	grid	60	-220	15080.350	15080.485	0.135	80.35	-
ERRINGTON_MOUTH	grid	60	-200	15081.128	15081.224	0.096	81.13	-
ERRINGTON_MOUTH	grid	60	-180	15082.055	15082.066	0.011	82.05	-
ERRINGTON_MOUTH	grid	60	-160	15083.149	15083.269	0.120	83.15	-
ERRINGTON_MOUTH	grid	60	-140	15084.398	15084.499	0.101	84.40	-
ERRINGTON_MOUTH	grid	60	-120	15085.782	15085.792	0.010	85.78	-
ERRINGTON_MOUTH	grid	60	-100	15087.295	15087.320	0.025	87.29	-
ERRINGTON_MOUTH	grid	60	-80	15088.892	15088.875	-0.017	88.89	-
ERRINGTON_MOUTH	grid	60	-60	15090.550	15090.478	-0.072	90.55	-
ERRINGTON_MOUTH	grid	60	-40	15092.240	15092.191	-0.049	92.24	-
ERRINGTON_MOUTH	grid	60	-20	15093.936	15093.911	-0.025	93.94	-
ERRINGTON_MOUTH	grid	60	0	15095.611	15095.567	-0.044	95.61	-
ERRINGTON_MOUTH	grid	60	20	15097.258	15097.189	-0.069	97.26	-
ERRINGTON_MOUTH	grid	60	40	15098.858	15098.802	-0.055	98.86	-
ERRINGTON_MOUTH	grid	60	60	15100.421	15100.372	-0.049	100.42	-
ERRINGTON_MOUTH	grid	60	80	15101.942	15101.791	-0.151	101.94	-
ERRINGTON_MOUTH	grid	60	100	15103.426	15103.366	-0.060	103.43	-
ERRINGTON_MOUTH	grid	60	120	15104.887	15104.904	0.017	104.89	-
ERRINGTON_MOUTH	grid	60	140	15106.311	15106.309	-0.003	106.31	-
ERRINGTON_MOUTH	grid	60	160	15107.725	15107.740	0.015	107.72	-
ERRINGTON_MOUTH	grid	60	180	15109.112	15109.055	-0.057	109.11	-
ERRINGTON_MOUTH	grid	60	200	15110.485	15110.427	-0.058	110.49	-
ERRINGTON_MOUTH	grid	60	220	15111.845	15111.827	-0.018	111.85	-
ERRINGTON_MOUTH	grid	60	240	15113.185	15113.192	0.007	113.19	-
ERRINGTON_MOUTH	grid	60	260	15114.527	15114.481	-0.046	114.53	-
ERRINGTON_MOUTH	grid	60	280	15115.857	15115.798	-0.059	115.86	-
ERRINGTON_MOUTH	grid	60	300	15117.199	15117.197	-0.002	117.20	-
ERRINGTON_MOUTH	grid	60	320	15118.560	15118.551	-0.009	118.56	-
ERRINGTON_MOUTH	grid	60	340	15119.942	15119.919	-0.023	119.94	-
ERRINGTON_MOUTH	grid	60	360	15121.355	15121.334	-0.021	121.36	-
ERRINGTON_MOUTH	grid	60	380	15122.795	15122.796	0.001	122.79	-
ERRINGTON_MOUTH	grid	60	400	15124.250	15124.196	-0.054	124.25	-
ERRINGTON_MOUTH	grid	60	420	15125.707	15125.575	-0.131	125.71	-
ERRINGTON_MOUTH	grid	60	440	15127.135	15126.956	-0.179	127.13	-
ERRINGTON_MOUTH	grid	60	460	15128.503	15128.386	-0.117	128.50	-
ERRINGTON_MOUTH	grid	60	480	15129.771	15129.681	-0.090	129.77	-
ERRINGTON_MOUTH	grid	60	500	15130.908	15130.691	-0.217	130.91	-
ERRINGTON_MOUTH	grid	80	-500	15079.298	15079.269	-0.029	79.30	-
ERRINGTON_MOUTH	grid	80	-480	15079.092	15079.079	-0.013	79.09	-
ERRINGTON_MOUTH	grid	80	-460	15078.904	15078.920	0.016	78.90	-
ERRINGTON_MOUTH	grid	80	-440	15078.744	15078.754	0.010	78.74	-
ERRINGTON_MOUTH	grid	80	-420	15078.603	15078.614	0.011	78.60	-
ERRINGTON_MOUTH	grid	80	-400	15078.498	15078.512	0.014	78.50	-
ERRINGTON_MOUTH	grid	80	-380	15078.425	15078.446	0.021	78.42	-
ERRINGTON_MOUTH	grid	80	-360	15078.387	15078.407	0.020	78.39	-
ERRINGTON_MOUTH	grid	80	-340	15078.399	15078.415	0.016	78.40	-
ERRINGTON_MOUTH	grid	80	-320	15078.461	15078.503	0.042	78.46	-
ERRINGTON_MOUTH	grid	80	-300	15078.590	15078.617	0.027	78.59	-
ERRINGTON_MOUTH	grid	80	-280	15078.795	15078.854	0.060	78.79	-
ERRINGTON_MOUTH	grid	80	-260	15079.096	15079.201	0.105	79.10	-
ERRINGTON_MOUTH	grid	80	-240	15079.509	15079.558	0.049	79.51	-
ERRINGTON_MOUTH	grid	80	-220	15080.041	15080.116	0.074	80.04	-
ERRINGTON_MOUTH	grid	80	-200	15080.731	15080.857	0.126	80.73	-
ERRINGTON_MOUTH	grid	80	-180	15081.561	15081.624	0.062	81.56	-
ERRINGTON_MOUTH	grid	80	-160	15082.549	15082.633	0.084	82.55	-
ERRINGTON_MOUTH	grid	80	-140	15083.693	15083.807	0.114	83.69	-
ERRINGTON_MOUTH	grid	80	-120	15084.966	15084.986	0.020	84.97	-
ERRINGTON_MOUTH	grid	80	-100	15086.381	15086.361	-0.020	86.38	-
ERRINGTON_MOUTH	grid	80	-80	15087.884	15087.912	0.028	87.88	-
ERRINGTON_MOUTH	grid	80	-60	15089.473	15089.490	0.018	89.47	-
ERRINGTON_MOUTH	grid	80	-40	15091.112	15091.096	-0.016	91.11	-
ERRINGTON_MOUTH	grid	80	-20	15092.781	15092.742	-0.040	92.78	-
ERRINGTON_MOUTH	grid	80	0	15094.463	15094.414	-0.049	94.46	-
ERRINGTON_MOUTH	grid	80	20	15096.144	15096.070	-0.075	96.14	-
ERRINGTON_MOUTH	grid	80	40	15097.808	15097.718	-0.090	97.81	-
ERRINGTON_MOUTH	grid	80	60	15099.467	15099.427	-0.040	99.47	-
ERRINGTON_MOUTH	grid	80	80	15101.106	15101.124	0.018	101.11	-
ERRINGTON_MOUTH	grid	80	100	15102.731	15102.769	0.038	102.73	-
ERRINGTON_MOUTH	grid	80	120	15104.354	15104.371	0.017	104.35	-
ERRINGTON_MOUTH	grid	80	140	15105.944	15105.857	-0.088	105.94	-
ERRINGTON_MOUTH	grid	80	160	15107.531	15107.384	-0.147	107.53	-
ERRINGTON_MOUTH	grid	80	180	15109.089	15109.062	-0.027	109.09	-
ERRINGTON_MOUTH	grid	80	200	15110.629	15110.613	-0.015	110.63	-
ERRINGTON_MOUTH	grid	80	220	15112.138	15112.121	-0.017	112.14	-
ERRINGTON_MOUTH	grid	80	240	15113.613	15113.626	0.013	113.61	-
ERRINGTON_MOUTH	grid	80	260	15115.064	15114.991	-0.073	115.06	-
ERRINGTON_MOUTH	grid	80	280	15116.487	15116.401	-0.086	116.49	-
ERRINGTON_MOUTH	grid	80	300	15117.894	15117.837	-0.057	117.89	-
ERRINGTON_MOUTH	grid	80	320	15119.296	15119.239	-0.057	119.30	-
ERRINGTON_MOUTH	grid	80	340	15120.697	15120.653	-0.044	120.70	-
ERRINGTON_MOUTH	grid	80	360	15122.109	15122.078	-0.031	122.11	-
ERRINGTON_MOUTH	grid	80	380	15123.530	15123.454	-0.076	123.53	-
ERRINGTON_MOUTH	grid	80	400	15124.948	15124.842	-0.107	124.95	-
ERRINGTON_MOUTH	grid	80	420	15126.359	15126.257	-0.103	126.36	-
ERRINGTON_MOUTH	grid	80	440	15127.738	15127.640	-0.098	127.74	-
ERRINGTON_MOUTH	grid	80	460	15129.058	15128.995	-0.062	129.06	-
ERRINGTON_MOUTH	grid	80	480	15130.283	15130.157	-0.126	130.28	-
ERRINGTON_MOUTH	grid	80	500	15131.388	15131.066	-0.322	131.39	-
ERRINGTON_MOUTH	grid	100	-500	15079.590	15079.588	-0.002	79.59	-
ERRINGTON_MOUTH	grid	100	-480	15079.372	15079.374	0.001	79.37	-
ERRINGTON_MOUTH	grid	100	-460	15079.171	15079.168	-0.002	79.17	-
ERRINGTON_MOUTH	grid	100	-440	15078.988	15078.980	-0.008	78.99	-
ERRINGTON_MOUTH	grid	100	-420	15078.830	15078.819	-0.011	78.83	-
ERRINGTON_MOUTH	grid	100	-400	15078.697	15078.701	0.004	78.70	-
ERRINGTON_MOUTH	grid	100	-380	15078.600	15078.625	0.025	78.60	-
ERRINGTON_MOUTH	grid	100	-360	15078.534	15078.558	0.024	78.53	-
ERRINGTON_MOUTH	grid	100	-340	15078.511	15078.517	0.006	78.51	-
ERRINGTON_MOUTH	grid	100	-320	15078.536	15078.575	0.039	78.54	-
ERRINGTON_MOUTH	grid	100	-300	15078.621	15078.669	0.048	78.62	-
ERRINGTON_MOUTH	grid	100	-280	15078.774	15078.782	0.007	78.77	-
ERRINGTON_MOUTH	grid	100	-260	15079.012	15079.076	0.064	79.01	-
ERRINGTON_MOUTH	grid	100	-240	15079.355	15079.429	0.074	79.36	-
ERRINGTON_MOUTH	grid	100	-220	15079.805	15079.809	0.004	79.81	-
ERRINGTON_MOUTH	grid	100	-200	15080.401	15080.506	0.105	80.40	-
ERRINGTON_MOUTH	grid	100	-180	15081.128	15081.268	0.140	81.13	-
ERRINGTON_MOUTH	grid	100	-160	15082.008	15081.999	-0.009	82.01	-
ERRINGTON_MOUTH	grid	100	-140	15083.036	15083.094	0.058	83.04	-
ERRINGTON_MOUTH	grid	100	-120	15084.193	15084.267	0.073	84.19	-
ERRINGTON_MOUTH	grid	100	-100	15085.496	15085.472	-0.023	85.50	-
ERRINGTON_MOUTH	grid	100	-80	15086.899	15086.982	0.082	86.90	-
ERRINGTON_MOUTH	grid	100	-60	15088.402	15088.438	0.036	88.40	-
ERRINGTON_MOUTH	grid	100	-40	15089.976	15089.922	-0.054	89.98	-
ERRINGTON_MOUTH	grid	100	-20	15091.602	15091.567	-0.035	91.60	-
ERRINGTON_MOUTH	grid	100	0	15093.274	15093.255	-0.020	93.27	-
ERRINGTON_MOUTH	grid	100	20	15094.971	15094.970	-0.001	94.97	-
ERRINGTON_MOUTH	grid	100	40	15096.690	15096.684	-0.006	96.69	-
ERRINGTON_MOUTH	grid	100	60	15098.427	15098.422	-0.005	98.43	-
ERRINGTON_MOUTH	grid	100	80	15100.178	15100.188	0.010	100.18	-
ERRINGTON_MOUTH	grid	100	100	15101.933	15101.871	-0.062	101.93	-
ERRINGTON_MOUTH	grid	100	120	15103.704	15103.576	-0.128	103.70	-
ERRINGTON_MOUTH	grid	100	140	15105.460	15105.462	0.002	105.46	-
ERRINGTON_MOUTH	grid	100	160	15107.217	15107.244	0.027	107.22	-
ERRINGTON_MOUTH	grid	100	180	15108.945	15108.945	0.000	108.95	-
ERRINGTON_MOUTH	grid	100	200	15110.643	15110.641	-0.002	110.64	-
ERRINGTON_MOUTH	grid	100	220	15112.310	15112.148	-0.162	112.31	-
ERRINGTON_MOUTH	grid	100	240	15113.917	15113.770	-0.148	113.92	-
ERRINGTON_MOUTH	grid	100	260	15115.493	15115.427	-0.066	115.49	-
ERRINGTON_MOUTH	grid	100	280	15117.010	15116.928	-0.082	117.01	-
ERRINGTON_MOUTH	grid	100	300	15118.494	15118.456	-0.038	118.49	-
ERRINGTON_MOUTH	grid	100	320	15119.950	15119.922	-0.028	119.95	-
ERRINGTON_MOUTH	grid	100	340	15121.380	15121.296	-0.084	121.38	-
ERRINGTON_MOUTH	grid	100	360	15122.801	15122.678	-0.122	122.80	-
ERRINGTON_MOUTH	grid	100	380	15124.205	15124.080	-0.126	124.21	-
ERRINGTON_MOUTH	grid	100	400	15125.598	15125.483	-0.115	125.60	-
ERRINGTON_MOUTH	grid	100	420	15126.964	15126.913	-0.051	126.96	-
ERRINGTON_MOUTH	grid	100	440	15128.292	15128.195	-0.097	128.29	-
ERRINGTON_MOUTH	grid	100	460	15129.558	15129.337	-0.220	129.56	-
ERRINGTON_MOUTH	grid	100	480	15130.729	15130.507	-0.222	130.73	-
ERRINGTON_MOUTH	grid	100	500	15131.791	15131.588	-0.204	131.79	-
ERRINGTON_MOUTH	grid	120	-500	15079.924	15079.912	-0.011	79.92	-
ERRINGTON_MOUTH	grid	120	-480	15079.699	15079.675	-0.024	79.70	-
ERRINGTON_MOUTH	grid	120	-460	15079.484	15079.470	-0.014	79.48	-
ERRINGTON_MOUTH	grid	120	-440	15079.290	15079.289	-0.001	79.29	-
ERRINGTON_MOUTH	grid	120	-420	15079.113	15079.127	0.014	79.11	-
ERRINGTON_MOUTH	grid	120	-400	15078.963	15078.971	0.008	78.96	-
ERRINGTON_MOUTH	grid	120	-380	15078.841	15078.840	-0.001	78.84	-
ERRINGTON_MOUTH	grid	120	-360	15078.747	15078.752	0.005	78.75	-
ERRINGTON_MOUTH	grid	120	-340	15078.693	15078.693	-0.001	78.69	-
ERRINGTON_MOUTH	grid	120	-320	15078.681	15078.697	0.016	78.68	-
ERRINGTON_MOUTH	grid	120	-300	15078.721	15078.770	0.049	78.72	-
ERRINGTON_MOUTH	grid	120	-280	15078.823	15078.856	0.033	78.82	-
ERRINGTON_MOUTH	grid	120	-260	15078.999	15079.012	0.013	79.00	-
ERRINGTON_MOUTH	grid	120	-240	15079.273	15079.353	0.080	79.27	-
ERRINGTON_MOUTH	grid	120	-220	15079.641	15079.721	0.080	79.64	-
ERRINGTON_MOUTH	grid	120	-200	15080.141	15080.152	0.011	80.14	-
ERRINGTON_MOUTH	grid	120	-180	15080.763	15080.853	0.090	80.76	-
ERRINGTON_MOUTH	grid	120	-160	15081.528	15081.585	0.056	81.53	-
ERRINGTON_MOUTH	grid	120	-140	15082.435	15082.424	-0.011	82.44	-
ERRINGTON_MOUTH	grid	120	-120	15083.470	15083.596	0.127	83.47	-
ERRINGTON_MOUTH	grid	120	-100	15084.656	15084.744	0.088	84.66	-
ERRINGTON_MOUTH	grid	120	-80	15085.947	15085.918	-0.029	85.95	-
ERRINGTON_MOUTH	grid	120	-60	15087.351	15087.369	0.018	87.35	-
ERRINGTON_MOUTH	grid	120	-40	15088.844	15088.850	0.006	88.84	-
ERRINGTON_MOUTH	grid	120	-20	15090.416	15090.397	-0.019	90.42	-
ERRINGTON_MOUTH	grid	120	0	15092.060	15092.076	0.016	92.06	-
ERRINGTON_MOUTH	grid	120	20	15093.758	15093.763	0.005	93.76	-
ERRINGTON_MOUTH	grid	120	40	15095.510	15095.499	-0.012	95.51	-
ERRINGTON_MOUTH	grid	120	60	15097.310	15097.316	0.006	97.31	-
ERRINGTON_MOUTH	grid	120	80	15099.150	15099.162	0.012	99.15	-
ERRINGTON_MOUTH	grid	120	100	15101.024	15101.012	-0.012	101.02	-
ERRINGTON_MOUTH	grid	120	120	15102.932	15102.900	-0.031	102.93	-
ERRINGTON_MOUTH	grid	120	140	15104.837	15104.815	-0.022	104.84	-
ERRINGTON_MOUTH	grid	120	160	15106.750	15106.702	-0.048	106.75	-
ERRINGTON_MOUTH	grid	120	180	15108.641	15108.510	-0.131	108.64	-
ERRINGTON_MOUTH	grid	120	200	15110.500	15110.365	-0.135	110.50	-
ERRINGTON_MOUTH	grid	120	220	15112.316	15112.256	-0.060	112.32	-
ERRINGTON_MOUTH	grid	120	240	15114.062	15113.987	-0.076	114.06	-
ERRINGTON_MOUTH	grid	120	260	15115.764	15115.664	-0.100	115.76	-
ERRINGTON_MOUTH	grid	120	280	15117.386	15117.275	-0.111	117.39	-
ERRINGTON_MOUTH	grid	120	300	15118.960	15118.801	-0.159	118.96	-
ERRINGTON_MOUTH	grid	120	320	15120.475	15120.325	-0.150	120.47	-
ERRINGTON_MOUTH	grid	120	340	15121.947	15121.810	-0.137	121.95	-
ERRINGTON_MOUTH	grid	120	360	15123.390	15123.265	-0.126	123.39	-
ERRINGTON_MOUTH	grid	120	380	15124.792	15124.715	-0.077	124.79	-
ERRINGTON_MOUTH	grid	120	400	15126.160	15126.131	-0.030	126.16	-
ERRINGTON_MOUTH	grid	120	420	15127.493	15127.341	-0.152	127.49	-
ERRINGTON_MOUTH	grid	120	440	15128.773	15128.578	-0.195	128.77	-
ERRINGTON_MOUTH	grid	120	460	15129.983	15129.747	-0.236	129.98	-
ERRINGTON_MOUTH	grid	120	480	15131.105	15130.900	-0.204	131.10	-
ERRINGTON_MOUTH	grid	120	500	15132.117	15132.080	-0.037	132.12	-
ERRINGTON_MOUTH	grid	140	-500	15080.285	15080.267	-0.018	80.28	-
ERRINGTON_MOUTH	grid	140	-480	15080.056	15080.040	-0.017	80.06	-
ERRINGTON_MOUTH	grid	140	-460	15079.838	15079.823	-0.015	79.84	-
ERRINGTON_MOUTH	grid	140	-440	15079.633	15079.630	-0.003	79.63	-
ERRINGTON_MOUTH	grid	140	-420	15079.446	15079.432	-0.014	79.45	-
ERRINGTON_MOUTH	grid	140	-400	15079.276	15079.266	-0.011	79.28	-
ERRINGTON_MOUTH	grid	140	-380	15079.133	15079.129	-0.005	79.13	-
ERRINGTON_MOUTH	grid	140	-360	15079.017	15079.031	0.014	79.02	-
ERRINGTON_MOUTH	grid	140	-340	15078.935	15078.969	0.034	78.93	-
ERRINGTON_MOUTH	grid	140	-320	15078.887	15078.895	0.007	78.89	-
ERRINGTON_MOUTH	grid	140	-300	15078.888	15078.898	0.010	78.89	-
ERRINGTON_MOUTH	grid	140	-280	15078.939	15078.967	0.028	78.94	-
ERRINGTON_MOUTH	grid	140	-260	15079.055	15079.071	0.016	79.06	-
ERRINGTON_MOUTH	grid	140	-240	15079.257	15079.321	0.064	79.26	-
ERRINGTON_MOUTH	grid	140	-220	15079.543	15079.631	0.088	79.54	-
ERRINGTON_MOUTH	grid	140	-200	15079.950	15079.963	0.013	79.95	-
ERRINGTON_MOUTH	grid	140	-180	15080.465	15080.502	0.038	80.46	-
ERRINGTON_MOUTH	grid	140	-160	15081.116	15081.221	0.105	81.12	-
ERRINGTON_MOUTH	grid	140	-140	15081.899	15081.966	0.067	81.90	-
ERRINGTON_MOUTH	grid	140	-120	15082.807	15082.852	0.045	82.81	-
ERRINGTON_MOUTH	grid	140	-100	15083.863	15083.928	0.065	83.86	-
ERRINGTON_MOUTH	grid	140	-80	15085.036	15085.032	-0.004	85.04	-
ERRINGTON_MOUTH	grid	140	-60	15086.330	15086.343	0.013	86.33	-
ERRINGTON_MOUTH	grid	140	-40	15087.731	15087.821	0.090	87.73	-
ERRINGTON_MOUTH	grid	140	-20	15089.230	15089.257	0.028	89.23	-
ERRINGTON_MOUTH	grid	140	0	15090.830	15090.851	0.021	90.83	-
ERRINGTON_MOUTH	grid	140	20	15092.511	15092.581	0.070	92.51	-
ERRINGTON_MOUTH	grid	140	40	15094.276	15094.297	0.021	94.28	-
ERRINGTON_MOUTH	grid	140	60	15096.119	15096.085	-0.034	96.12	-
ERRINGTON_MOUTH	grid	140	80	15098.031	15098.003	-0.028	98.03	-
ERRINGTON_MOUTH	grid	140	100	15100.000	15099.987	-0.013	100.00	-
ERRINGTON_MOUTH	grid	140	120	15102.021	15102.004	-0.017	102.02	-
ERRINGTON_MOUTH	grid	140	140	15104.060	15104.051	-0.009	104.06	-
ERRINGTON_MOUTH	grid	140	160	15106.118	15106.126	0.008	106.12	-
ERRINGTON_MOUTH	grid	140	180	15108.155	15108.062	-0.093	108.15	-
ERRINGTON_MOUTH	grid	140	200	15110.163	15110.020	-0.144	110.16	-
ERRINGTON_MOUTH	grid	140	220	15112.123	15112.004	-0.119	112.12	-
ERRINGTON_MOUTH	grid	140	240	15114.008	15113.838	-0.170	114.01	-
ERRINGTON_MOUTH	grid	140	260	15115.830	15115.643	-0.187	115.83	-
ERRINGTON_MOUTH	grid	140	280	15117.563	15117.464	-0.098	117.56	-
ERRINGTON_MOUTH	grid	140	300	15119.224	15119.123	-0.102	119.22	-
ERRINGTON_MOUTH	grid	140	320	15120.819	15120.655	-0.165	120.82	-
ERRINGTON_MOUTH	grid	140	340	15122.341	15122.206	-0.135	122.34	-
ERRINGTON_MOUTH	grid	140	360	15123.815	15123.673	-0.141	123.81	-
ERRINGTON_MOUTH	grid	140	380	15125.225	15125.087	-0.139	125.23	-
ERRINGTON_MOUTH	grid	140	400	15126.590	15126.423	-0.167	126.59	-
ERRINGTON_MOUTH	grid	140	420	15127.892	15127.673	-0.219	127.89	-
ERRINGTON_MOUTH	grid	140	440	15129.132	15128.945	-0.187	129.13	-
ERRINGTON_MOUTH	grid	140	460	15130.295	15130.201	-0.094	130.30	-
ERRINGTON_MOUTH	grid	140	480	15131.361	15131.246	-0.114	131.36	-
ERRINGTON_MOUTH	grid	140	500	15132.322	15132.092	-0.231	132.32	-
ERRINGTON_MOUTH	grid	160	-500	15080.670	15080.634	-0.036	80.67	-
ERRINGTON_MOUTH	grid	160	-480	15080.441	15080.436	-0.005	80.44	-
ERRINGTON_MOUTH	grid	160	-460	15080.219	15080.207	-0.012	80.22	-
ERRINGTON_MOUTH	grid	160	-440	15080.009	15079.991	-0.018	80.01	-
ERRINGTON_MOUTH	grid	160	-420	15079.814	15079.802	-0.012	79.81	-
ERRINGTON_MOUTH	grid	160	-400	15079.634	15079.626	-0.008	79.63	-
ERRINGTON_MOUTH	grid	160	-380	15079.476	15079.475	-0.001	79.48	-
ERRINGTON_MOUTH	grid	160	-360	15079.340	15079.335	-0.005	79.34	-
ERRINGTON_MOUTH	grid	160	-340	15079.231	15079.220	-0.012	79.23	-
ERRINGTON_MOUTH	grid	160	-320	15079.152	15079.146	-0.007	79.15	-
ERRINGTON_MOUTH	grid	160	-300	15079.111	15079.098	-0.013	79.11	-
ERRINGTON_MOUTH	grid	160	-280	15079.115	15079.158	0.043	79.12	-
ERRINGTON_MOUTH	grid	160	-260	15079.176	15079.233	0.057	79.18	-
ERRINGTON_MOUTH	grid	160	-240	15079.308	15079.293	-0.015	79.31	-
ERRINGTON_MOUTH	grid	160	-220	15079.517	15079.557	0.040	79.52	-
ERRINGTON_MOUTH	grid	160	-200	15079.824	15079.872	0.048	79.82	-
ERRINGTON_MOUTH	grid	160	-180	15080.238	15080.227	-0.011	80.24	-
ERRINGTON_MOUTH	grid	160	-160	15080.769	15080.880	0.111	80.77	-
ERRINGTON_MOUTH	grid	160	-140	15081.429	15081.509	0.080	81.43	-
ERRINGTON_MOUTH	grid	160	-120	15082.207	15082.166	-0.041	82.21	-
ERRINGTON_MOUTH	grid	160	-100	15083.132	15083.183	0.051	83.13	-
ERRINGTON_MOUTH	grid	160	-80	15084.173	15084.269	0.096	84.17	-
ERRINGTON_MOUTH	grid	160	-60	15085.350	15085.364	0.013	85.35	-
ERRINGTON_MOUTH	grid	160	-40	15086.648	15086.715	0.067	86.65	-
ERRINGTON_MOUTH	grid	160	-20	15088.059	15088.125	0.066	88.06	-
ERRINGTON_MOUTH	grid	160	0	15089.594	15089.562	-0.032	89.59	-
ERRINGTON_MOUTH	grid	160	20	15091.238	15091.275	0.037	91.24	-
ERRINGTON_MOUTH	grid	160	40	15092.996	15093.034	0.037	93.00	-
ERRINGTON_MOUTH	grid	160	60	15094.856	15094.842	-0.014	94.86	-
ERRINGTON_MOUTH	grid	160	80	15096.815	15096.899	0.084	96.81	-
ERRINGTON_MOUTH	grid	160	100	15098.857	15098.939	0.082	98.86	-
ERRINGTON_MOUTH	grid	160	120	15100.969	15100.951	-0.018	100.97	-
ERRINGTON_MOUTH	grid	160	140	15103.118	15102.998	-0.120	103.12	-
ERRINGTON_MOUTH	grid	160	160	15105.296	15105.173	-0.123	105.30	-
ERRINGTON_MOUTH	grid	160	180	15107.466	15107.371	-0.095	107.47	-
ERRINGTON_MOUTH	grid	160	200	15109.603	15109.475	-0.129	109.60	-
ERRINGTON_MOUTH	grid	160	220	15111.699	15111.606	-0.094	111.70	-
ERRINGTON_MOUTH	grid	160	240	15113.711	15113.669	-0.041	113.71	-
ERRINGTON_MOUTH	grid	160	260	15115.652	15115.454	-0.198	115.65	-
ERRINGTON_MOUTH	grid	160	280	15117.494	15117.262	-0.232	117.49	-
ERRINGTON_MOUTH	grid	160	300	15119.255	15119.058	-0.196	119.25	-
ERRINGTON_MOUTH	grid	160	320	15120.930	15120.706	-0.224	120.93	-
ERRINGTON_MOUTH	grid	160	340	15122.516	15122.381	-0.135	122.52	-
ERRINGTON_MOUTH	grid	160	360	15124.039	15123.925	-0.114	124.04	-
ERRINGTON_MOUTH	grid	160	380	15125.474	15125.281	-0.192	125.47	-
ERRINGTON_MOUTH	grid	160	400	15126.843	15126.618	-0.225	126.84	-
ERRINGTON_MOUTH	grid	160	420	15128.134	15127.941	-0.193	128.13	-
ERRINGTON_MOUTH	grid	160	440	15129.347	15129.215	-0.132	129.35	-
ERRINGTON_MOUTH	grid	160	460	15130.473	15130.300	-0.173	130.47	-
ERRINGTON_MOUTH	grid	160	480	15131.492	15131.243	-0.249	131.49	-
ERRINGTON_MOUTH	grid	160	500	15132.407	15132.100	-0.307	132.41	-
ERRINGTON_MOUTH	grid	180	-500	15081.063	15081.038	-0.025	81.06	-
ERRINGTON_MOUTH	grid	180	-480	15080.840	15080.813	-0.027	80.84	-
ERRINGTON_MOUTH	grid	180	-460	15080.622	15080.600	-0.023	80.62	-
ERRINGTON_MOUTH	grid	180	-440	15080.412	15080.382	-0.031	80.41	-
ERRINGTON_MOUTH	grid	180	-420	15080.211	15080.190	-0.021	80.21	-
ERRINGTON_MOUTH	grid	180	-400	15080.024	15080.024	0.000	80.02	-
ERRINGTON_MOUTH	grid	180	-380	15079.854	15079.842	-0.012	79.85	-
ERRINGTON_MOUTH	grid	180	-360	15079.700	15079.681	-0.020	79.70	-
ERRINGTON_MOUTH	grid	180	-340	15079.568	15079.551	-0.017	79.57	-
ERRINGTON_MOUTH	grid	180	-320	15079.459	15079.461	0.003	79.46	-
ERRINGTON_MOUTH	grid	180	-300	15079.383	15079.399	0.016	79.38	-
ERRINGTON_MOUTH	grid	180	-280	15079.343	15079.338	-0.005	79.34	-
ERRINGTON_MOUTH	grid	180	-260	15079.352	15079.362	0.010	79.35	-
ERRINGTON_MOUTH	grid	180	-240	15079.417	15079.421	0.004	79.42	-
ERRINGTON_MOUTH	grid	180	-220	15079.550	15079.551	0.002	79.55	-
ERRINGTON_MOUTH	grid	180	-200	15079.769	15079.866	0.097	79.77	-
ERRINGTON_MOUTH	grid	180	-180	15080.078	15080.143	0.065	80.08	-
ERRINGTON_MOUTH	grid	180	-160	15080.498	15080.478	-0.020	80.50	-
ERRINGTON_MOUTH	grid	180	-140	15081.032	15081.081	0.048	81.03	-
ERRINGTON_MOUTH	grid	180	-120	15081.679	15081.716	0.037	81.68	-
ERRINGTON_MOUTH	grid	180	-100	15082.471	15082.486	0.016	82.47	-
ERRINGTON_MOUTH	grid	180	-80	15083.378	15083.502	0.124	83.38	-
ERRINGTON_MOUTH	grid	180	-60	15084.428	15084.486	0.058	84.43	-
ERRINGTON_MOUTH	grid	180	-40	15085.608	15085.592	-0.016	85.61	-
ERRINGTON_MOUTH	grid	180	-20	15086.917	15087.008	0.091	86.92	-
ERRINGTON_MOUTH	grid	180	0	15088.374	15088.451	0.077	88.37	-
ERRINGTON_MOUTH	grid	180	20	15089.958	15090.006	0.048	89.96	-
ERRINGTON_MOUTH	grid	180	40	15091.686	15091.787	0.102	91.69	-
ERRINGTON_MOUTH	grid	180	60	15093.536	15093.595	0.059	93.54	-
ERRINGTON_MOUTH	grid	180	80	15095.514	15095.503	-0.011	95.51	-
ERRINGTON_MOUTH	grid	180	100	15097.597	15097.594	-0.003	97.60	-
ERRINGTON_MOUTH	grid	180	120	15099.772	15099.735	-0.037	99.77	-
ERRINGTON_MOUTH	grid	180	140	15102.008	15101.972	-0.035	102.01	-
ERRINGTON_MOUTH	grid	180	160	15104.276	15104.291	0.015	104.28	-
ERRINGTON_MOUTH	grid	180	180	15106.551	15106.499	-0.053	106.55	-
ERRINGTON_MOUTH	grid	180	200	15108.804	15108.678	-0.126	108.80	-
ERRINGTON_MOUTH	grid	180	220	15111.012	15110.800	-0.213	111.01	-
ERRINGTON_MOUTH	grid	180	240	15113.139	15112.927	-0.212	113.14	-
ERRINGTON_MOUTH	grid	180	260	15115.194	15114.977	-0.217	115.19	-
ERRINGTON_MOUTH	grid	180	280	15117.145	15116.938	-0.207	117.15	-
ERRINGTON_MOUTH	grid	180	300	15119.002	15118.923	-0.078	119.00	-
ERRINGTON_MOUTH	grid	180	320	15120.764	15120.641	-0.124	120.76	-
ERRINGTON_MOUTH	grid	180	340	15122.423	15122.175	-0.249	122.42	-
ERRINGTON_MOUTH	grid	180	360	15124.002	15123.736	-0.266	124.00	-
ERRINGTON_MOUTH	grid	180	380	15125.474	15125.213	-0.260	125.47	-
ERRINGTON_MOUTH	grid	180	400	15126.865	15126.652	-0.214	126.87	-
ERRINGTON_MOUTH	grid	180	420	15128.163	15128.087	-0.076	128.16	-
ERRINGTON_MOUTH	grid	180	440	15129.362	15129.174	-0.188	129.36	-
ERRINGTON_MOUTH	grid	180	460	15130.465	15130.174	-0.290	130.46	-
ERRINGTON_MOUTH	grid	180	480	15131.448	15131.201	-0.246	131.45	-
ERRINGTON_MOUTH	grid	180	500	15132.324	15132.098	-0.226	132.32	-
ERRINGTON_MOUTH	grid	200	-500	15081.458	15081.429	-0.029	81.46	-
ERRINGTON_MOUTH	grid	200	-480	15081.245	15081.206	-0.039	81.24	-
ERRINGTON_MOUTH	grid	200	-460	15081.032	15081.006	-0.026	81.03	-
ERRINGTON_MOUTH	grid	200	-440	15080.824	15080.805	-0.019	80.82	-
ERRINGTON_MOUTH	grid	200	-420	15080.625	15080.606	-0.019	80.62	-
ERRINGTON_MOUTH	grid	200	-400	15080.431	15080.409	-0.022	80.43	-
ERRINGTON_MOUTH	grid	200	-380	15080.252	15080.225	-0.027	80.25	-
ERRINGTON_MOUTH	grid	200	-360	15080.087	15080.058	-0.029	80.09	-
ERRINGTON_MOUTH	grid	200	-340	15079.939	15079.919	-0.020	79.94	-
ERRINGTON_MOUTH	grid	200	-320	15079.804	15079.813	0.009	79.80	-
ERRINGTON_MOUTH	grid	200	-300	15079.696	15079.691	-0.006	79.70	-
ERRINGTON_MOUTH	grid	200	-280	15079.619	15079.595	-0.024	79.62	-
ERRINGTON_MOUTH	grid	200	-260	15079.575	15079.573	-0.002	79.57	-
ERRINGTON_MOUTH	grid	200	-240	15079.583	15079.615	0.031	79.58	-
ERRINGTON_MOUTH	grid	200	-220	15079.638	15079.680	0.041	79.64	-
ERRINGTON_MOUTH	grid	200	-200	15079.777	15079.785	0.008	79.78	-
ERRINGTON_MOUTH	grid	200	-180	15079.988	15080.022	0.034	79.99	-
ERRINGTON_MOUTH	grid	200	-160	15080.293	15080.289	-0.004	80.29	-
ERRINGTON_MOUTH	grid	200	-140	15080.709	15080.755	0.046	80.71	-
ERRINGTON_MOUTH	grid	200	-120	15081.227	15081.384	0.157	81.23	-
ERRINGTON_MOUTH	grid	200	-100	15081.881	15081.913	0.032	81.88	-
ERRINGTON_MOUTH	grid	200	-80	15082.655	15082.682	0.027	82.65	-
ERRINGTON_MOUTH	grid	200	-60	15083.568	15083.643	0.075	83.57	-
ERRINGTON_MOUTH	grid	200	-40	15084.623	15084.645	0.022	84.62	-
ERRINGTON_MOUTH	grid	200	-20	15085.820	15085.908	0.088	85.82	-
ERRINGTON_MOUTH	grid	200	0	15087.179	15087.305	0.127	87.18	-
ERRINGTON_MOUTH	grid	200	20	15088.683	15088.721	0.038	88.68	-
ERRINGTON_MOUTH	grid	200	40	15090.353	15090.415	0.061	90.35	-
ERRINGTON_MOUTH	grid	200	60	15092.174	15092.285	0.111	92.17	-
ERRINGTON_MOUTH	grid	200	80	15094.139	15094.181	0.043	94.14	-
ERRINGTON_MOUTH	grid	200	100	15096.235	15096.272	0.037	96.23	-
ERRINGTON_MOUTH	grid	200	120	15098.439	15098.451	0.013	98.44	-
ERRINGTON_MOUTH	grid	200	140	15100.723	15100.658	-0.064	100.72	-
ERRINGTON_MOUTH	grid	200	160	15103.056	15102.953	-0.104	103.06	-
ERRINGTON_MOUTH	grid	200	180	15105.408	15105.298	-0.110	105.41	-
ERRINGTON_MOUTH	grid	200	200	15107.745	15107.641	-0.104	107.75	-
ERRINGTON_MOUTH	grid	200	220	15110.048	15109.916	-0.131	110.05	-
ERRINGTON_MOUTH	grid	200	240	15112.270	15112.114	-0.157	112.27	-
ERRINGTON_MOUTH	grid	200	260	15114.425	15114.268	-0.157	114.42	-
ERRINGTON_MOUTH	grid	200	280	15116.474	15116.266	-0.209	116.47	-
ERRINGTON_MOUTH	grid	200	300	15118.428	15118.176	-0.252	118.43	-
ERRINGTON_MOUTH	grid	200	320	15120.281	15120.061	-0.220	120.28	-
ERRINGTON_MOUTH	grid	200	340	15122.020	15121.764	-0.256	122.02	-
ERRINGTON_MOUTH	grid	200	360	15123.666	15123.473	-0.193	123.67	-
ERRINGTON_MOUTH	grid	200	380	15125.194	15125.116	-0.078	125.19	-
ERRINGTON_MOUTH	grid	200	400	15126.621	15126.428	-0.193	126.62	-
ERRINGTON_MOUTH	grid	200	420	15127.942	15127.647	-0.295	127.94	-
ERRINGTON_MOUTH	grid	200	440	15129.144	15128.877	-0.267	129.14	-
ERRINGTON_MOUTH	grid	200	460	15130.239	15129.939	-0.300	130.24	-
ERRINGTON_MOUTH	grid	200	480	15131.206	15131.028	-0.178	131.21	-
ERRINGTON_MOUTH	grid	200	500	15132.056	15131.965	-0.091	132.06	-
ERRINGTON_MOUTH	grid	220	-500	15081.849	15081.818	-0.031	81.85	-
ERRINGTON_MOUTH	grid	220	-480	15081.645	15081.601	-0.044	81.65	-
ERRINGTON_MOUTH	grid	220	-460	15081.442	15081.409	-0.032	81.44	-
ERRINGTON_MOUTH	grid	220	-440	15081.240	15081.225	-0.015	81.24	-
ERRINGTON_MOUTH	grid	220	-420	15081.043	15081.010	-0.033	81.04	-
ERRINGTON_MOUTH	grid	220	-400	15080.851	15080.813	-0.037	80.85	-
ERRINGTON_MOUTH	grid	220	-380	15080.669	15080.643	-0.025	80.67	-
ERRINGTON_MOUTH	grid	220	-360	15080.491	15080.478	-0.013	80.49	-
ERRINGTON_MOUTH	grid	220	-340	15080.327	15080.310	-0.017	80.33	-
ERRINGTON_MOUTH	grid	220	-320	15080.175	15080.144	-0.031	80.17	-
ERRINGTON_MOUTH	grid	220	-300	15080.040	15080.010	-0.031	80.04	-
ERRINGTON_MOUTH	grid	220	-280	15079.926	15079.903	-0.023	79.93	-
ERRINGTON_MOUTH	grid	220	-260	15079.839	15079.828	-0.011	79.84	-
ERRINGTON_MOUTH	grid	220	-240	15079.793	15079.820	0.027	79.79	-
ERRINGTON_MOUTH	grid	220	-220	15079.785	15079.797	0.012	79.78	-
ERRINGTON_MOUTH	grid	220	-200	15079.843	15079.800	-0.042	79.84	-
ERRINGTON_MOUTH	grid	220	-180	15079.962	15079.995	0.033	79.96	-
ERRINGTON_MOUTH	grid	220	-160	15080.163	15080.237	0.074	80.16	-
ERRINGTON_MOUTH	grid	220	-140	15080.464	15080.463	-0.000	80.46	-
ERRINGTON_MOUTH	grid	220	-120	15080.852	15080.903	0.052	80.85	-
ERRINGTON_MOUTH	grid	220	-100	15081.377	15081.425	0.048	81.38	-
ERRINGTON_MOUTH	grid	220	-80	15082.013	15081.973	-0.040	82.01	-
ERRINGTON_MOUTH	grid	220	-60	15082.789	15082.900	0.111	82.79	-
ERRINGTON_MOUTH	grid	220	-40	15083.713	15083.860	0.147	83.71	-
ERRINGTON_MOUTH	grid	220	-20	15084.783	15084.767	-0.016	84.78	-
ERRINGTON_MOUTH	grid	220	0	15086.031	15086.143	0.112	86.03	-
ERRINGTON_MOUTH	grid	220	20	15087.438	15087.572	0.134	87.44	-
ERRINGTON_MOUTH	grid	220	40	15089.028	15089.015	-0.014	89.03	-
ERRINGTON_MOUTH	grid	220	60	15090.788	15090.875	0.087	90.79	-
ERRINGTON_MOUTH	grid	220	80	15092.706	15092.780	0.073	92.71	-
ERRINGTON_MOUTH	grid	220	100	15094.783	15094.717	-0.066	94.78	-
ERRINGTON_MOUTH	grid	220	120	15096.979	15096.998	0.019	96.98	-
ERRINGTON_MOUTH	grid	220	140	15099.280	15099.306	0.026	99.28	-
ERRINGTON_MOUTH	grid	220	160	15101.646	15101.638	-0.008	101.65	-
ERRINGTON_MOUTH	grid	220	180	15104.042	15103.939	-0.103	104.04	-
ERRINGTON_MOUTH	grid	220	200	15106.438	15106.267	-0.171	106.44	-
ERRINGTON_MOUTH	grid	220	220	15108.805	15108.610	-0.195	108.81	-
ERRINGTON_MOUTH	grid	220	240	15111.106	15110.888	-0.218	111.11	-
ERRINGTON_MOUTH	grid	220	260	15113.349	15113.193	-0.155	113.35	-
ERRINGTON_MOUTH	grid	220	280	15115.486	15115.348	-0.138	115.49	-
ERRINGTON_MOUTH	grid	220	300	15117.531	15117.347	-0.184	117.53	-
ERRINGTON_MOUTH	grid	220	320	15119.471	15119.232	-0.240	119.47	-
ERRINGTON_MOUTH	grid	220	340	15121.292	15121.081	-0.211	121.29	-
ERRINGTON_MOUTH	grid	220	360	15123.015	15122.790	-0.225	123.01	-
ERRINGTON_MOUTH	grid	220	380	15124.606	15124.346	-0.260	124.61	-
ERRINGTON_MOUTH	grid	220	400	15126.088	15125.819	-0.268	126.09	-
ERRINGTON_MOUTH	grid	220	420	15127.444	15127.150	-0.294	127.44	-
ERRINGTON_MOUTH	grid	220	440	15128.672	15128.479	-0.193	128.67	-
ERRINGTON_MOUTH	grid	220	460	15129.777	15129.658	-0.119	129.78	-
ERRINGTON_MOUTH	grid	220	480	15130.734	15130.481	-0.253	130.73	-
ERRINGTON_MOUTH	grid	220	500	15131.573	15131.280	-0.293	131.57	-
ERRINGTON_MOUTH	grid	240	-500	15082.219	15082.183	-0.037	82.22	-
ERRINGTON_MOUTH	grid	240	-480	15082.030	15082.017	-0.012	82.03	-
ERRINGTON_MOUTH	grid	240	-460	15081.841	15081.796	-0.045	81.84	-
ERRINGTON_MOUTH	grid	240	-440	15081.648	15081.602	-0.046	81.65	-
ERRINGTON_MOUTH	grid	240	-420	15081.460	15081.421	-0.039	81.46	-
ERRINGTON_MOUTH	grid	240	-400	15081.271	15081.229	-0.041	81.27	-
ERRINGTON_MOUTH	grid	240	-380	15081.084	15081.065	-0.019	81.08	-
ERRINGTON_MOUTH	grid	240	-360	15080.901	15080.876	-0.024	80.90	-
ERRINGTON_MOUTH	grid	240	-340	15080.728	15080.683	-0.045	80.73	-
ERRINGTON_MOUTH	grid	240	-320	15080.560	15080.517	-0.043	80.56	-
ERRINGTON_MOUTH	grid	240	-300	15080.404	15080.380	-0.024	80.40	-
ERRINGTON_MOUTH	grid	240	-280	15080.261	15080.273	0.012	80.26	-
ERRINGTON_MOUTH	grid	240	-260	15080.135	15080.124	-0.011	80.14	-
ERRINGTON_MOUTH	grid	240	-240	15080.040	15080.004	-0.036	80.04	-
ERRINGTON_MOUTH	grid	240	-220	15079.973	15079.962	-0.012	79.97	-
ERRINGTON_MOUTH	grid	240	-200	15079.958	15079.946	-0.012	79.96	-
ERRINGTON_MOUTH	grid	240	-180	15079.997	15080.015	0.019	80.00	-
ERRINGTON_MOUTH	grid	240	-160	15080.102	15080.165	0.063	80.10	-
ERRINGTON_MOUTH	grid	240	-140	15080.288	15080.310	0.022	80.29	-
ERRINGTON_MOUTH	grid	240	-120	15080.564	15080.549	-0.015	80.56	-
ERRINGTON_MOUTH	grid	240	-100	15080.956	15081.038	0.082	80.96	-
ERRINGTON_MOUTH	grid	240	-80	15081.457	15081.553	0.097	81.46	-
ERRINGTON_MOUTH	grid	240	-60	15082.097	15082.120	0.022	82.10	-
ERRINGTON_MOUTH	grid	240	-40	15082.883	15082.993	0.110	82.88	-
ERRINGTON_MOUTH	grid	240	-20	15083.820	15083.900	0.079	83.82	-
ERRINGTON_MOUTH	grid	240	0	15084.943	15084.967	0.024	84.94	-
ERRINGTON_MOUTH	grid	240	20	15086.233	15086.398	0.164	86.23	-
ERRINGTON_MOUTH	grid	240	40	15087.723	15087.830	0.107	87.72	-
ERRINGTON_MOUTH	grid	240	60	15089.395	15089.428	0.033	89.40	-
ERRINGTON_MOUTH	grid	240	80	15091.245	15091.386	0.141	91.24	-
ERRINGTON_MOUTH	grid	240	100	15093.266	15093.338	0.072	93.27	-
ERRINGTON_MOUTH	grid	240	120	15095.423	15095.415	-0.008	95.42	-
ERRINGTON_MOUTH	grid	240	140	15097.703	15097.695	-0.008	97.70	-
ERRINGTON_MOUTH	grid	240	160	15100.058	15099.973	-0.085	100.06	-
ERRINGTON_MOUTH	grid	240	180	15102.464	15102.324	-0.140	102.46	-
ERRINGTON_MOUTH	grid	240	200	15104.882	15104.764	-0.119	104.88	-
ERRINGTON_MOUTH	grid	240	220	15107.289	15107.232	-0.057	107.29	-
ERRINGTON_MOUTH	grid	240	240	15109.645	15109.553	-0.092	109.65	-
ERRINGTON_MOUTH	grid	240	260	15111.947	15111.720	-0.227	111.95	-
ERRINGTON_MOUTH	grid	240	280	15114.160	15113.914	-0.246	114.16	-
ERRINGTON_MOUTH	grid	240	300	15116.281	15116.021	-0.260	116.28	-
ERRINGTON_MOUTH	grid	240	320	15118.306	15118.064	-0.242	118.31	-
ERRINGTON_MOUTH	grid	240	340	15120.213	15120.082	-0.131	120.21	-
ERRINGTON_MOUTH	grid	240	360	15122.018	15121.835	-0.182	122.02	-
ERRINGTON_MOUTH	grid	240	380	15123.680	15123.415	-0.265	123.68	-
ERRINGTON_MOUTH	grid	240	400	15125.224	15124.981	-0.242	125.22	-
ERRINGTON_MOUTH	grid	240	420	15126.635	15126.386	-0.249	126.64	-
ERRINGTON_MOUTH	grid	240	440	15127.898	15127.680	-0.218	127.90	-
ERRINGTON_MOUTH	grid	240	460	15129.032	15128.798	-0.234	129.03	-
ERRINGTON_MOUTH	grid	240	480	15130.003	15129.702	-0.301	130.00	-
ERRINGTON_MOUTH	grid	240	500	15130.847	15130.577	-0.270	130.85	-
ERRINGTON_MOUTH	grid	260	-500	15082.569	15082.515	-0.054	82.57	-
ERRINGTON_MOUTH	grid	260	-480	15082.395	15082.350	-0.045	82.39	-
ERRINGTON_MOUTH	grid	260	-460	15082.219	15082.169	-0.049	82.22	-
ERRINGTON_MOUTH	grid	260	-440	15082.039	15081.989	-0.050	82.04	-
ERRINGTON_MOUTH	grid	260	-420	15081.858	15081.836	-0.022	81.86	-
ERRINGTON_MOUTH	grid	260	-400	15081.675	15081.651	-0.023	81.67	-
ERRINGTON_MOUTH	grid	260	-380	15081.494	15081.443	-0.051	81.49	-
ERRINGTON_MOUTH	grid	260	-360	15081.313	15081.262	-0.051	81.31	-
ERRINGTON_MOUTH	grid	260	-340	15081.131	15081.086	-0.045	81.13	-
ERRINGTON_MOUTH	grid	260	-320	15080.954	15080.920	-0.035	80.95	-
ERRINGTON_MOUTH	grid	260	-300	15080.778	15080.762	-0.015	80.78	-
ERRINGTON_MOUTH	grid	260	-280	15080.612	15080.572	-0.040	80.61	-
ERRINGTON_MOUTH	grid	260	-260	15080.454	15080.407	-0.047	80.45	-
ERRINGTON_MOUTH	grid	260	-240	15080.317	15080.273	-0.044	80.32	-
ERRINGTON_MOUTH	grid	260	-220	15080.198	15080.201	0.003	80.20	-
ERRINGTON_MOUTH	grid	260	-200	15080.120	15080.168	0.048	80.12	-
ERRINGTON_MOUTH	grid	260	-180	15080.081	15080.069	-0.011	80.08	-
ERRINGTON_MOUTH	grid	260	-160	15080.097	15080.087	-0.011	80.10	-
ERRINGTON_MOUTH	grid	260	-140	15080.187	15080.203	0.016	80.19	-
ERRINGTON_MOUTH	grid	260	-120	15080.346	15080.355	0.008	80.35	-
ERRINGTON_MOUTH	grid	260	-100	15080.620	15080.712	0.091	80.62	-
ERRINGTON_MOUTH	grid	260	-80	15080.993	15081.103	0.109	80.99	-
ERRINGTON_MOUTH	grid	260	-60	15081.496	15081.520	0.025	81.50	-
ERRINGTON_MOUTH	grid	260	-40	15082.145	15082.212	0.067	82.15	-
ERRINGTON_MOUTH	grid	260	-20	15082.946	15083.098	0.152	82.95	-
ERRINGTON_MOUTH	grid	260	0	15083.936	15084.010	0.075	83.94	-
ERRINGTON_MOUTH	grid	260	20	15085.098	15085.205	0.107	85.10	-
ERRINGTON_MOUTH	grid	260	40	15086.467	15086.619	0.152	86.47	-
ERRINGTON_MOUTH	grid	260	60	15088.028	15088.059	0.030	88.03	-
ERRINGTON_MOUTH	grid	260	80	15089.778	15089.854	0.075	89.78	-
ERRINGTON_MOUTH	grid	260	100	15091.715	15091.838	0.123	91.71	-
ERRINGTON_MOUTH	grid	260	120	15093.797	15093.791	-0.006	93.80	-
ERRINGTON_MOUTH	grid	260	140	15096.018	15096.006	-0.012	96.02	-
ERRINGTON_MOUTH	grid	260	160	15098.335	15098.336	0.001	98.34	-
ERRINGTON_MOUTH	grid	260	180	15100.714	15100.641	-0.073	100.71	-
ERRINGTON_MOUTH	grid	260	200	15103.128	15103.057	-0.071	103.13	-
ERRINGTON_MOUTH	grid	260	220	15105.544	15105.403	-0.141	105.54	-
ERRINGTON_MOUTH	grid	260	240	15107.926	15107.746	-0.180	107.93	-
ERRINGTON_MOUTH	grid	260	260	15110.265	15110.048	-0.216	110.26	-
ERRINGTON_MOUTH	grid	260	280	15112.536	15112.365	-0.171	112.54	-
ERRINGTON_MOUTH	grid	260	300	15114.725	15114.687	-0.039	114.73	-
ERRINGTON_MOUTH	grid	260	320	15116.826	15116.627	-0.199	116.83	-
ERRINGTON_MOUTH	grid	260	340	15118.809	15118.529	-0.281	118.81	-
ERRINGTON_MOUTH	grid	260	360	15120.693	15120.458	-0.235	120.69	-
ERRINGTON_MOUTH	grid	260	380	15122.438	15122.138	-0.299	122.44	-
ERRINGTON_MOUTH	grid	260	400	15124.051	15123.844	-0.207	124.05	-
ERRINGTON_MOUTH	grid	260	420	15125.526	15125.415	-0.112	125.53	-
ERRINGTON_MOUTH	grid	260	440	15126.840	15126.569	-0.271	126.84	-
ERRINGTON_MOUTH	grid	260	460	15128.015	15127.687	-0.327	128.01	-
ERRINGTON_MOUTH	grid	260	480	15129.016	15128.779	-0.237	129.02	-
ERRINGTON_MOUTH	grid	260	500	15129.880	15129.654	-0.226	129.88	-
ERRINGTON_MOUTH	grid	280	-500	15082.887	15082.838	-0.049	82.89	-
ERRINGTON_MOUTH	grid	280	-480	15082.732	15082.679	-0.052	82.73	-
ERRINGTON_MOUTH	grid	280	-460	15082.571	15082.541	-0.029	82.57	-
ERRINGTON_MOUTH	grid	280	-440	15082.405	15082.366	-0.039	82.40	-
ERRINGTON_MOUTH	grid	280	-420	15082.234	15082.184	-0.050	82.23	-
ERRINGTON_MOUTH	grid	280	-400	15082.064	15082.019	-0.044	82.06	-
ERRINGTON_MOUTH	grid	280	-380	15081.887	15081.828	-0.059	81.89	-
ERRINGTON_MOUTH	grid	280	-360	15081.706	15081.658	-0.048	81.71	-
ERRINGTON_MOUTH	grid	280	-340	15081.525	15081.512	-0.013	81.53	-
ERRINGTON_MOUTH	grid	280	-320	15081.339	15081.304	-0.034	81.34	-
ERRINGTON_MOUTH	grid	280	-300	15081.155	15081.096	-0.059	81.16	-
ERRINGTON_MOUTH	grid	280	-280	15080.968	15080.914	-0.054	80.97	-
ERRINGTON_MOUTH	grid	280	-260	15080.785	15080.745	-0.039	80.78	-
ERRINGTON_MOUTH	grid	280	-240	15080.613	15080.602	-0.011	80.61	-
ERRINGTON_MOUTH	grid	280	-220	15080.455	15080.431	-0.024	80.45	-
ERRINGTON_MOUTH	grid	280	-200	15080.315	15080.281	-0.034	80.32	-
ERRINGTON_MOUTH	grid	280	-180	15080.215	15080.180	-0.035	80.21	-
ERRINGTON_MOUTH	grid	280	-160	15080.153	15080.108	-0.046	80.15	-
ERRINGTON_MOUTH	grid	280	-140	15080.151	15080.206	0.056	80.15	-
ERRINGTON_MOUTH	grid	280	-120	15080.209	15080.292	0.083	80.21	-
ERRINGTON_MOUTH	grid	280	-100	15080.367	15080.338	-0.029	80.37	-
ERRINGTON_MOUTH	grid	280	-80	15080.617	15080.674	0.057	80.62	-
ERRINGTON_MOUTH	grid	280	-60	15080.995	15081.062	0.067	80.99	-
ERRINGTON_MOUTH	grid	280	-40	15081.506	15081.498	-0.008	81.51	-
ERRINGTON_MOUTH	grid	280	-20	15082.167	15082.328	0.161	82.17	-
ERRINGTON_MOUTH	grid	280	0	15083.019	15083.160	0.141	83.02	-
ERRINGTON_MOUTH	grid	280	20	15084.045	15084.018	-0.027	84.04	-
ERRINGTON_MOUTH	grid	280	40	15085.278	15085.422	0.144	85.28	-
ERRINGTON_MOUTH	grid	280	60	15086.708	15086.867	0.159	86.71	-
ERRINGTON_MOUTH	grid	280	80	15088.335	15088.326	-0.009	88.33	-
ERRINGTON_MOUTH	grid	280	100	15090.160	15090.247	0.088	90.16	-
ERRINGTON_MOUTH	grid	280	120	15092.140	15092.192	0.052	92.14	-
ERRINGTON_MOUTH	grid	280	140	15094.273	15094.187	-0.086	94.27	-
ERRINGTON_MOUTH	grid	280	160	15096.515	15096.524	0.009	96.52	-
ERRINGTON_MOUTH	grid	280	180	15098.835	15098.858	0.023	98.83	-
ERRINGTON_MOUTH	grid	280	200	15101.207	15101.112	-0.095	101.21	-
ERRINGTON_MOUTH	grid	280	220	15103.599	15103.489	-0.110	103.60	-
ERRINGTON_MOUTH	grid	280	240	15105.983	15105.852	-0.131	105.98	-
ERRINGTON_MOUTH	grid	280	260	15108.340	15108.206	-0.134	108.34	-
ERRINGTON_MOUTH	grid	280	280	15110.644	15110.504	-0.140	110.64	-
ERRINGTON_MOUTH	grid	280	300	15112.881	15112.684	-0.197	112.88	-
ERRINGTON_MOUTH	grid	280	320	15115.043	15114.834	-0.209	115.04	-
ERRINGTON_MOUTH	grid	280	340	15117.095	15116.857	-0.238	117.09	-
ERRINGTON_MOUTH	grid	280	360	15119.056	15118.907	-0.149	119.06	-
ERRINGTON_MOUTH	grid	280	380	15120.873	15120.781	-0.092	120.87	-
ERRINGTON_MOUTH	grid	280	400	15122.564	15122.280	-0.284	122.56	-
ERRINGTON_MOUTH	grid	280	420	15124.106	15123.805	-0.301	124.11	-
ERRINGTON_MOUTH	grid	280	440	15125.483	15125.194	-0.288	125.48	-
ERRINGTON_MOUTH	grid	280	460	15126.707	15126.409	-0.297	126.71	-
ERRINGTON_MOUTH	grid	280	480	15127.755	15127.651	-0.104	127.76	-
ERRINGTON_MOUTH	grid	280	500	15128.654	15128.492	-0.162	128.65	-
ERRINGTON_MOUTH	grid	300	-500	15083.170	15083.121	-0.050	83.17	-
ERRINGTON_MOUTH	grid	300	-480	15083.032	15082.975	-0.057	83.03	-
ERRINGTON_MOUTH	grid	300	-460	15082.888	15082.851	-0.037	82.89	-
ERRINGTON_MOUTH	grid	300	-440	15082.738	15082.705	-0.033	82.74	-
ERRINGTON_MOUTH	grid	300	-420	15082.583	15082.532	-0.051	82.58	-
ERRINGTON_MOUTH	grid	300	-400	15082.423	15082.369	-0.053	82.42	-
ERRINGTON_MOUTH	grid	300	-380	15082.253	15082.218	-0.035	82.25	-
ERRINGTON_MOUTH	grid	300	-360	15082.081	15082.045	-0.036	82.08	-
ERRINGTON_MOUTH	grid	300	-340	15081.899	15081.844	-0.055	81.90	-
ERRINGTON_MOUTH	grid	300	-320	15081.711	15081.658	-0.053	81.71	-
ERRINGTON_MOUTH	grid	300	-300	15081.521	15081.452	-0.069	81.52	-
ERRINGTON_MOUTH	grid	300	-280	15081.319	15081.273	-0.046	81.32	-
ERRINGTON_MOUTH	grid	300	-260	15081.116	15081.116	-0.000	81.12	-
ERRINGTON_MOUTH	grid	300	-240	15080.916	15080.879	-0.037	80.92	-
ERRINGTON_MOUTH	grid	300	-220	15080.719	15080.665	-0.054	80.72	-
ERRINGTON_MOUTH	grid	300	-200	15080.538	15080.487	-0.051	80.54	-
ERRINGTON_MOUTH	grid	300	-180	15080.375	15080.369	-0.006	80.37	-
ERRINGTON_MOUTH	grid	300	-160	15080.245	15080.277	0.032	80.25	-
ERRINGTON_MOUTH	grid	300	-140	15080.164	15080.147	-0.017	80.16	-
ERRINGTON_MOUTH	grid	300	-120	15080.135	15080.149	0.014	80.14	-
ERRINGTON_MOUTH	grid	300	-100	15080.191	15080.195	0.004	80.19	-
ERRINGTON_MOUTH	grid	300	-80	15080.331	15080.340	0.009	80.33	-
ERRINGTON_MOUTH	grid	300	-60	15080.582	15080.728	0.146	80.58	-
ERRINGTON_MOUTH	grid	300	-40	15080.969	15081.066	0.097	80.97	-
ERRINGTON_MOUTH	grid	300	-20	15081.493	15081.532	0.040	81.49	-
ERRINGTON_MOUTH	grid	300	0	15082.203	15082.347	0.143	82.20	-
ERRINGTON_MOUTH	grid	300	20	15083.087	15083.192	0.105	83.09	-
ERRINGTON_MOUTH	grid	300	40	15084.176	15084.246	0.070	84.18	-
ERRINGTON_MOUTH	grid	300	60	15085.463	15085.639	0.177	85.46	-
ERRINGTON_MOUTH	grid	300	80	15086.950	15087.036	0.086	86.95	-
ERRINGTON_MOUTH	grid	300	100	15088.636	15088.643	0.008	88.64	-
ERRINGTON_MOUTH	grid	300	120	15090.487	15090.599	0.112	90.49	-
ERRINGTON_MOUTH	grid	300	140	15092.505	15092.582	0.077	92.50	-
ERRINGTON_MOUTH	grid	300	160	15094.641	15094.640	-0.001	94.64	-
ERRINGTON_MOUTH	grid	300	180	15096.875	15096.850	-0.025	96.88	-
ERRINGTON_MOUTH	grid	300	200	15099.177	15099.088	-0.089	99.18	-
ERRINGTON_MOUTH	grid	300	220	15101.517	15101.408	-0.109	101.52	-
ERRINGTON_MOUTH	grid	300	240	15103.873	15103.812	-0.061	103.87	-
ERRINGTON_MOUTH	grid	300	260	15106.220	15106.158	-0.061	106.22	-
ERRINGTON_MOUTH	grid	300	280	15108.534	15108.410	-0.124	108.53	-
ERRINGTON_MOUTH	grid	300	300	15110.801	15110.640	-0.161	110.80	-
ERRINGTON_MOUTH	grid	300	320	15113.008	15112.848	-0.160	113.01	-
ERRINGTON_MOUTH	grid	300	340	15115.122	15114.948	-0.174	115.12	-
ERRINGTON_MOUTH	grid	300	360	15117.143	15116.927	-0.216	117.14	-
ERRINGTON_MOUTH	grid	300	380	15119.036	15118.843	-0.194	119.04	-
ERRINGTON_MOUTH	grid	300	400	15120.799	15120.529	-0.270	120.80	-
ERRINGTON_MOUTH	grid	300	420	15122.415	15122.142	-0.272	122.41	-
ERRINGTON_MOUTH	grid	300	440	15123.855	15123.745	-0.110	123.86	-
ERRINGTON_MOUTH	grid	300	460	15125.147	15124.941	-0.206	125.15	-
ERRINGTON_MOUTH	grid	300	480	15126.243	15125.940	-0.303	126.24	-
ERRINGTON_MOUTH	grid	300	500	15127.188	15126.966	-0.222	127.19	-
ERRINGTON_MOUTH	grid	320	-500	15083.414	15083.392	-0.023	83.41	-
ERRINGTON_MOUTH	grid	320	-480	15083.297	15083.265	-0.033	83.30	-
ERRINGTON_MOUTH	grid	320	-460	15083.172	15083.111	-0.062	83.17	-
ERRINGTON_MOUTH	grid	320	-440	15083.038	15082.983	-0.055	83.04	-
ERRINGTON_MOUTH	grid	320	-420	15082.897	15082.841	-0.056	82.90	-
ERRINGTON_MOUTH	grid	320	-400	15082.748	15082.695	-0.053	82.75	-
ERRINGTON_MOUTH	grid	320	-380	15082.591	15082.554	-0.037	82.59	-
ERRINGTON_MOUTH	grid	320	-360	15082.427	15082.372	-0.054	82.43	-
ERRINGTON_MOUTH	grid	320	-340	15082.250	15082.181	-0.068	82.25	-
ERRINGTON_MOUTH	grid	320	-320	15082.063	15082.008	-0.055	82.06	-
ERRINGTON_MOUTH	grid	320	-300	15081.868	15081.829	-0.039	81.87	-
ERRINGTON_MOUTH	grid	320	-280	15081.661	15081.620	-0.041	81.66	-
ERRINGTON_MOUTH	grid	320	-260	15081.443	15081.383	-0.059	81.44	-
ERRINGTON_MOUTH	grid	320	-240	15081.219	15081.154	-0.065	81.22	-
ERRINGTON_MOUTH	grid	320	-220	15080.994	15080.933	-0.061	80.99	-
ERRINGTON_MOUTH	grid	320	-200	15080.774	15080.739	-0.035	80.77	-
ERRINGTON_MOUTH	grid	320	-180	15080.564	15080.571	0.006	80.56	-
ERRINGTON_MOUTH	grid	320	-160	15080.377	15080.364	-0.013	80.38	-
ERRINGTON_MOUTH	grid	320	-140	15080.227	15080.185	-0.043	80.23	-
ERRINGTON_MOUTH	grid	320	-120	15080.116	15080.114	-0.002	80.12	-
ERRINGTON_MOUTH	grid	320	-100	15080.080	15080.135	0.055	80.08	-
ERRINGTON_MOUTH	grid	320	-80	15080.120	15080.165	0.046	80.12	-
ERRINGTON_MOUTH	grid	320	-60	15080.260	15080.309	0.049	80.26	-
ERRINGTON_MOUTH	grid	320	-40	15080.524	15080.620	0.096	80.52	-
ERRINGTON_MOUTH	grid	320	-20	15080.920	15080.963	0.042	80.92	-
ERRINGTON_MOUTH	grid	320	0	15081.494	15081.607	0.113	81.49	-
ERRINGTON_MOUTH	grid	320	20	15082.233	15082.443	0.210	82.23	-
ERRINGTON_MOUTH	grid	320	40	15083.174	15083.236	0.062	83.17	-
ERRINGTON_MOUTH	grid	320	60	15084.314	15084.408	0.094	84.31	-
ERRINGTON_MOUTH	grid	320	80	15085.642	15085.787	0.145	85.64	-
ERRINGTON_MOUTH	grid	320	100	15087.180	15087.206	0.026	87.18	-
ERRINGTON_MOUTH	grid	320	120	15088.882	15089.014	0.132	88.88	-
ERRINGTON_MOUTH	grid	320	140	15090.761	15090.857	0.096	90.76	-
ERRINGTON_MOUTH	grid	320	160	15092.769	15092.727	-0.042	92.77	-
ERRINGTON_MOUTH	grid	320	180	15094.891	15094.866	-0.026	94.89	-
ERRINGTON_MOUTH	grid	320	200	15097.099	15097.105	0.006	97.10	-
ERRINGTON_MOUTH	grid	320	220	15099.361	15099.372	0.010	99.36	-
ERRINGTON_MOUTH	grid	320	240	15101.664	15101.605	-0.059	101.66	-
ERRINGTON_MOUTH	grid	320	260	15103.974	15103.869	-0.105	103.97	-
ERRINGTON_MOUTH	grid	320	280	15106.281	15106.160	-0.121	106.28	-
ERRINGTON_MOUTH	grid	320	300	15108.556	15108.413	-0.143	108.56	-
ERRINGTON_MOUTH	grid	320	320	15110.785	15110.687	-0.099	110.79	-
ERRINGTON_MOUTH	grid	320	340	15112.938	15112.873	-0.066	112.94	-
ERRINGTON_MOUTH	grid	320	360	15115.012	15114.813	-0.198	115.01	-
ERRINGTON_MOUTH	grid	320	380	15116.968	15116.735	-0.233	116.97	-
ERRINGTON_MOUTH	grid	320	400	15118.794	15118.648	-0.146	118.79	-
ERRINGTON_MOUTH	grid	320	420	15120.477	15120.261	-0.217	120.48	-
ERRINGTON_MOUTH	grid	320	440	15121.991	15121.754	-0.237	121.99	-
ERRINGTON_MOUTH	grid	320	460	15123.340	15123.146	-0.194	123.34	-
ERRINGTON_MOUTH	grid	320	480	15124.499	15124.197	-0.302	124.50	-
ERRINGTON_MOUTH	grid	320	500	15125.495	15125.271	-0.224	125.50	-
ERRINGTON_MOUTH	grid	340	-500	15083.626	15083.563	-0.062	83.63	-
ERRINGTON_MOUTH	grid	340	-480	15083.524	15083.478	-0.046	83.52	-
ERRINGTON_MOUTH	grid	340	-460	15083.414	15083.352	-0.062	83.41	-
ERRINGTON_MOUTH	grid	340	-440	15083.299	15083.247	-0.053	83.30	-
ERRINGTON_MOUTH	grid	340	-420	15083.175	15083.168	-0.007	83.18	-
ERRINGTON_MOUTH	grid	340	-400	15083.039	15082.990	-0.049	83.04	-
ERRINGTON_MOUTH	grid	340	-380	15082.894	15082.823	-0.071	82.89	-
ERRINGTON_MOUTH	grid	340	-360	15082.738	15082.682	-0.056	82.74	-
ERRINGTON_MOUTH	grid	340	-340	15082.571	15082.503	-0.067	82.57	-
ERRINGTON_MOUTH	grid	340	-320	15082.388	15082.342	-0.046	82.39	-
ERRINGTON_MOUTH	grid	340	-300	15082.190	15082.153	-0.037	82.19	-
ERRINGTON_MOUTH	grid	340	-280	15081.978	15081.904	-0.074	81.98	-
ERRINGTON_MOUTH	grid	340	-260	15081.752	15081.670	-0.082	81.75	-
ERRINGTON_MOUTH	grid	340	-240	15081.512	15081.461	-0.052	81.51	-
ERRINGTON_MOUTH	grid	340	-220	15081.261	15081.245	-0.016	81.26	-
ERRINGTON_MOUTH	grid	340	-200	15081.011	15080.981	-0.031	81.01	-
ERRINGTON_MOUTH	grid	340	-180	15080.765	15080.709	-0.056	80.76	-
ERRINGTON_MOUTH	grid	340	-160	15080.526	15080.485	-0.041	80.53	-
ERRINGTON_MOUTH	grid	340	-140	15080.319	15080.291	-0.028	80.32	-
ERRINGTON_MOUTH	grid	340	-120	15080.141	15080.130	-0.012	80.14	-
ERRINGTON_MOUTH	grid	340	-100	15080.027	15080.075	0.049	80.03	-
ERRINGTON_MOUTH	grid	340	-80	15079.977	15080.019	0.042	79.98	-
ERRINGTON_MOUTH	grid	340	-60	15080.015	15079.990	-0.025	80.02	-
ERRINGTON_MOUTH	grid	340	-40	15080.170	15080.261	0.091	80.17	-
ERRINGTON_MOUTH	grid	340	-20	15080.449	15080.582	0.133	80.45	-
ERRINGTON_MOUTH	grid	340	0	15080.894	15080.894	0.000	80.89	-
ERRINGTON_MOUTH	grid	340	20	15081.492	15081.625	0.133	81.49	-
ERRINGTON_MOUTH	grid	340	40	15082.284	15082.419	0.134	82.28	-
ERRINGTON_MOUTH	grid	340	60	15083.269	15083.241	-0.028	83.27	-
ERRINGTON_MOUTH	grid	340	80	15084.437	15084.620	0.183	84.44	-
ERRINGTON_MOUTH	grid	340	100	15085.815	15085.983	0.168	85.82	-
ERRINGTON_MOUTH	grid	340	120	15087.355	15087.333	-0.023	87.36	-
ERRINGTON_MOUTH	grid	340	140	15089.082	15089.135	0.053	89.08	-
ERRINGTON_MOUTH	grid	340	160	15090.944	15090.972	0.028	90.94	-
ERRINGTON_MOUTH	grid	340	180	15092.929	15092.906	-0.023	92.93	-
ERRINGTON_MOUTH	grid	340	200	15095.023	15095.093	0.070	95.02	-
ERRINGTON_MOUTH	grid	340	220	15097.182	15097.194	0.012	97.18	-
ERRINGTON_MOUTH	grid	340	240	15099.411	15099.343	-0.069	99.41	-
ERRINGTON_MOUTH	grid	340	260	15101.669	15101.606	-0.063	101.67	-
ERRINGTON_MOUTH	grid	340	280	15103.936	15103.897	-0.039	103.94	-
ERRINGTON_MOUTH	grid	340	300	15106.198	15106.164	-0.034	106.20	-
ERRINGTON_MOUTH	grid	340	320	15108.429	15108.299	-0.130	108.43	-
ERRINGTON_MOUTH	grid	340	340	15110.607	15110.461	-0.146	110.61	-
ERRINGTON_MOUTH	grid	340	360	15112.714	15112.562	-0.151	112.71	-
ERRINGTON_MOUTH	grid	340	380	15114.716	15114.527	-0.189	114.72	-
ERRINGTON_MOUTH	grid	340	400	15116.600	15116.496	-0.103	116.60	-
ERRINGTON_MOUTH	grid	340	420	15118.344	15118.173	-0.171	118.34	-
ERRINGTON_MOUTH	grid	340	440	15119.918	15119.627	-0.291	119.92	-
ERRINGTON_MOUTH	grid	340	460	15121.332	15121.099	-0.234	121.33	-
ERRINGTON_MOUTH	grid	340	480	15122.556	15122.354	-0.202	122.56	-
ERRINGTON_MOUTH	grid	340	500	15123.609	15123.418	-0.191	123.61	-
ERRINGTON_MOUTH	grid	360	-500	15083.794	15083.739	-0.056	83.79	-
ERRINGTON_MOUTH	grid	360	-480	15083.709	15083.660	-0.049	83.71	-
ERRINGTON_MOUTH	grid	360	-460	15083.619	15083.584	-0.035	83.62	-
ERRINGTON_MOUTH	grid	360	-440	15083.516	15083.467	-0.050	83.52	-
ERRINGTON_MOUTH	grid	360	-420	15083.408	15083.344	-0.064	83.41	-
ERRINGTON_MOUTH	grid	360	-400	15083.288	15083.232	-0.055	83.29	-
ERRINGTON_MOUTH	grid	360	-380	15083.157	15083.084	-0.073	83.16	-
ERRINGTON_MOUTH	grid	360	-360	15083.011	15082.963	-0.049	83.01	-
ERRINGTON_MOUTH	grid	360	-340	15082.852	15082.837	-0.015	82.85	-
ERRINGTON_MOUTH	grid	360	-320	15082.677	15082.604	-0.073	82.68	-
ERRINGTON_MOUTH	grid	360	-300	15082.482	15082.398	-0.084	82.48	-
ERRINGTON_MOUTH	grid	360	-280	15082.270	15082.204	-0.066	82.27	-
ERRINGTON_MOUTH	grid	360	-260	15082.039	15081.972	-0.067	82.04	-
ERRINGTON_MOUTH	grid	360	-240	15081.786	15081.759	-0.027	81.79	-
ERRINGTON_MOUTH	grid	360	-220	15081.523	15081.476	-0.047	81.52	-
ERRINGTON_MOUTH	grid	360	-200	15081.245	15081.172	-0.072	81.24	-
ERRINGTON_MOUTH	grid	360	-180	15080.967	15080.900	-0.067	80.97	-
ERRINGTON_MOUTH	grid	360	-160	15080.694	15080.660	-0.034	80.69	-
ERRINGTON_MOUTH	grid	360	-140	15080.436	15080.466	0.030	80.44	-
ERRINGTON_MOUTH	grid	360	-120	15080.201	15080.200	-0.001	80.20	-
ERRINGTON_MOUTH	grid	360	-100	15080.018	15079.992	-0.027	80.02	-
ERRINGTON_MOUTH	grid	360	-80	15079.891	15079.920	0.029	79.89	-
ERRINGTON_MOUTH	grid	360	-60	15079.847	15079.875	0.028	79.85	-
ERRINGTON_MOUTH	grid	360	-40	15079.904	15079.946	0.042	79.90	-
ERRINGTON_MOUTH	grid	360	-20	15080.069	15080.202	0.134	80.07	-
ERRINGTON_MOUTH	grid	360	0	15080.393	15080.477	0.084	80.39	-
ERRINGTON_MOUTH	grid	360	20	15080.863	15080.910	0.047	80.86	-
ERRINGTON_MOUTH	grid	360	40	15081.511	15081.681	0.170	81.51	-
ERRINGTON_MOUTH	grid	360	60	15082.341	15082.478	0.136	82.34	-
ERRINGTON_MOUTH	grid	360	80	15083.351	15083.406	0.055	83.35	-
ERRINGTON_MOUTH	grid	360	100	15084.566	15084.690	0.124	84.57	-
ERRINGTON_MOUTH	grid	360	120	15085.942	15086.014	0.072	85.94	-
ERRINGTON_MOUTH	grid	360	140	15087.503	15087.547	0.044	87.50	-
ERRINGTON_MOUTH	grid	360	160	15089.211	15089.376	0.165	89.21	-
ERRINGTON_MOUTH	grid	360	180	15091.049	15091.128	0.079	91.05	-
ERRINGTON_MOUTH	grid	360	200	15093.011	15092.996	-0.014	93.01	-
ERRINGTON_MOUTH	grid	360	220	15095.057	15095.042	-0.016	95.06	-
ERRINGTON_MOUTH	grid	360	240	15097.188	15097.157	-0.030	97.19	-
ERRINGTON_MOUTH	grid	360	260	15099.366	15099.371	0.004	99.37	-
ERRINGTON_MOUTH	grid	360	280	15101.580	15101.579	-0.001	101.58	-
ERRINGTON_MOUTH	grid	360	300	15103.806	15103.766	-0.040	103.81	-
ERRINGTON_MOUTH	grid	360	320	15106.020	15105.927	-0.093	106.02	-
ERRINGTON_MOUTH	grid	360	340	15108.199	15108.083	-0.116	108.20	-
ERRINGTON_MOUTH	grid	360	360	15110.322	15110.266	-0.056	110.32	-
ERRINGTON_MOUTH	grid	360	380	15112.353	15112.220	-0.133	112.35	-
ERRINGTON_MOUTH	grid	360	400	15114.275	15114.060	-0.215	114.28	-
ERRINGTON_MOUTH	grid	360	420	15116.070	15115.927	-0.143	116.07	-
ERRINGTON_MOUTH	grid	360	440	15117.701	15117.474	-0.226	117.70	-
ERRINGTON_MOUTH	grid	360	460	15119.177	15118.964	-0.212	119.18	-
ERRINGTON_MOUTH	grid	360	480	15120.457	15120.403	-0.053	120.46	-
ERRINGTON_MOUTH	grid	360	500	15121.573	15121.339	-0.234	121.57	-
ERRINGTON_MOUTH	grid	380	-500	15083.932	15083.876	-0.055	83.93	-
ERRINGTON_MOUTH	grid	380	-480	15083.861	15083.810	-0.051	83.86	-
ERRINGTON_MOUTH	grid	380	-460	15083.785	15083.740	-0.045	83.78	-
ERRINGTON_MOUTH	grid	380	-440	15083.697	15083.643	-0.055	83.70	-
ERRINGTON_MOUTH	grid	380	-420	15083.602	15083.540	-0.062	83.60	-
ERRINGTON_MOUTH	grid	380	-400	15083.495	15083.446	-0.048	83.49	-
ERRINGTON_MOUTH	grid	380	-380	15083.379	15083.336	-0.044	83.38	-
ERRINGTON_MOUTH	grid	380	-360	15083.249	15083.180	-0.069	83.25	-
ERRINGTON_MOUTH	grid	380	-340	15083.098	15083.026	-0.072	83.10	-
ERRINGTON_MOUTH	grid	380	-320	15082.931	15082.850	-0.081	82.93	-
ERRINGTON_MOUTH	grid	380	-300	15082.740	15082.655	-0.085	82.74	-
ERRINGTON_MOUTH	grid	380	-280	15082.528	15082.487	-0.041	82.53	-
ERRINGTON_MOUTH	grid	380	-260	15082.295	15082.254	-0.042	82.30	-
ERRINGTON_MOUTH	grid	380	-240	15082.038	15081.954	-0.084	82.04	-
ERRINGTON_MOUTH	grid	380	-220	15081.760	15081.682	-0.078	81.76	-
ERRINGTON_MOUTH	grid	380	-200	15081.470	15081.406	-0.064	81.47	-
ERRINGTON_MOUTH	grid	380	-180	15081.169	15081.130	-0.039	81.17	-
ERRINGTON_MOUTH	grid	380	-160	15080.859	15080.843	-0.016	80.86	-
ERRINGTON_MOUTH	grid	380	-140	15080.565	15080.533	-0.032	80.56	-
ERRINGTON_MOUTH	grid	380	-120	15080.289	15080.260	-0.030	80.29	-
ERRINGTON_MOUTH	grid	380	-100	15080.046	15080.018	-0.028	80.05	-
ERRINGTON_MOUTH	grid	380	-80	15079.857	15079.884	0.028	79.86	-
ERRINGTON_MOUTH	grid	380	-60	15079.735	15079.818	0.083	79.74	-
ERRINGTON_MOUTH	grid	380	-40	15079.708	15079.728	0.019	79.71	-
ERRINGTON_MOUTH	grid	380	-20	15079.779	15079.840	0.061	79.78	-
ERRINGTON_MOUTH	grid	380	0	15079.991	15080.098	0.107	79.99	-
ERRINGTON_MOUTH	grid	380	20	15080.340	15080.387	0.047	80.34	-
ERRINGTON_MOUTH	grid	380	40	15080.853	15080.983	0.129	80.85	-
ERRINGTON_MOUTH	grid	380	60	15081.540	15081.703	0.163	81.54	-
ERRINGTON_MOUTH	grid	380	80	15082.395	15082.449	0.055	82.39	-
ERRINGTON_MOUTH	grid	380	100	15083.450	15083.553	0.103	83.45	-
ERRINGTON_MOUTH	grid	380	120	15084.660	15084.830	0.170	84.66	-
ERRINGTON_MOUTH	grid	380	140	15086.057	15086.122	0.065	86.06	-
ERRINGTON_MOUTH	grid	380	160	15087.604	15087.654	0.050	87.60	-
ERRINGTON_MOUTH	grid	380	180	15089.287	15089.363	0.077	89.29	-
ERRINGTON_MOUTH	grid	380	200	15091.107	15091.100	-0.006	91.11	-
ERRINGTON_MOUTH	grid	380	220	15093.021	15093.094	0.073	93.02	-
ERRINGTON_MOUTH	grid	380	240	15095.045	15095.163	0.117	95.05	-
ERRINGTON_MOUTH	grid	380	260	15097.129	15097.137	0.008	97.13	-
ERRINGTON_MOUTH	grid	380	280	15099.267	15099.226	-0.042	99.27	-
ERRINGTON_MOUTH	grid	380	300	15101.440	15101.374	-0.066	101.44	-
ERRINGTON_MOUTH	grid	380	320	15103.612	15103.588	-0.024	103.61	-
ERRINGTON_MOUTH	grid	380	340	15105.773	15105.745	-0.027	105.77	-
ERRINGTON_MOUTH	grid	380	360	15107.889	15107.811	-0.078	107.89	-
ERRINGTON_MOUTH	grid	380	380	15109.932	15109.878	-0.054	109.93	-
ERRINGTON_MOUTH	grid	380	400	15111.879	15111.690	-0.189	111.88	-
ERRINGTON_MOUTH	grid	380	420	15113.706	15113.530	-0.176	113.71	-
ERRINGTON_MOUTH	grid	380	440	15115.383	15115.340	-0.043	115.38	-
ERRINGTON_MOUTH	grid	380	460	15116.905	15116.686	-0.219	116.90	-
ERRINGTON_MOUTH	grid	380	480	15118.246	15118.038	-0.208	118.25	-
ERRINGTON_MOUTH	grid	380	500	15119.418	15119.283	-0.134	119.42	-
ERRINGTON_MOUTH	grid	400	-500	15084.032	15084.024	-0.008	84.03	-
ERRINGTON_MOUTH	grid	400	-480	15083.971	15083.926	-0.045	83.97	-
ERRINGTON_MOUTH	grid	400	-460	15083.908	15083.842	-0.066	83.91	-
ERRINGTON_MOUTH	grid	400	-440	15083.835	15083.784	-0.051	83.83	-
ERRINGTON_MOUTH	grid	400	-420	15083.752	15083.691	-0.061	83.75	-
ERRINGTON_MOUTH	grid	400	-400	15083.661	15083.615	-0.046	83.66	-
ERRINGTON_MOUTH	grid	400	-380	15083.555	15083.514	-0.040	83.55	-
ERRINGTON_MOUTH	grid	400	-360	15083.436	15083.363	-0.074	83.44	-
ERRINGTON_MOUTH	grid	400	-340	15083.296	15083.221	-0.075	83.30	-
ERRINGTON_MOUTH	grid	400	-320	15083.140	15083.094	-0.046	83.14	-
ERRINGTON_MOUTH	grid	400	-300	15082.958	15082.914	-0.044	82.96	-
ERRINGTON_MOUTH	grid	400	-280	15082.751	15082.675	-0.076	82.75	-
ERRINGTON_MOUTH	grid	400	-260	15082.520	15082.453	-0.068	82.52	-
ERRINGTON_MOUTH	grid	400	-240	15082.260	15082.172	-0.088	82.26	-
ERRINGTON_MOUTH	grid	400	-220	15081.977	15081.901	-0.075	81.98	-
ERRINGTON_MOUTH	grid	400	-200	15081.674	15081.658	-0.015	81.67	-
ERRINGTON_MOUTH	grid	400	-180	15081.356	15081.315	-0.041	81.36	-
ERRINGTON_MOUTH	grid	400	-160	15081.028	15080.969	-0.059	81.03	-
ERRINGTON_MOUTH	grid	400	-140	15080.702	15080.650	-0.052	80.70	-
ERRINGTON_MOUTH	grid	400	-120	15080.390	15080.372	-0.018	80.39	-
ERRINGTON_MOUTH	grid	400	-100	15080.105	15080.122	0.017	80.10	-
ERRINGTON_MOUTH	grid	400	-80	15079.861	15079.852	-0.010	79.86	-
ERRINGTON_MOUTH	grid	400	-60	15079.680	15079.710	0.031	79.68	-
ERRINGTON_MOUTH	grid	400	-40	15079.578	15079.617	0.040	79.58	-
ERRINGTON_MOUTH	grid	400	-20	15079.564	15079.553	-0.010	79.56	-
ERRINGTON_MOUTH	grid	400	0	15079.681	15079.792	0.111	79.68	-
ERRINGTON_MOUTH	grid	400	20	15079.919	15080.046	0.127	79.92	-
ERRINGTON_MOUTH	grid	400	40	15080.312	15080.304	-0.007	80.31	-
ERRINGTON_MOUTH	grid	400	60	15080.865	15080.982	0.117	80.87	-
ERRINGTON_MOUTH	grid	400	80	15081.577	15081.694	0.117	81.58	-
ERRINGTON_MOUTH	grid	400	100	15082.474	15082.476	0.002	82.47	-
ERRINGTON_MOUTH	grid	400	120	15083.526	15083.697	0.171	83.53	-
ERRINGTON_MOUTH	grid	400	140	15084.757	15084.891	0.134	84.76	-
ERRINGTON_MOUTH	grid	400	160	15086.143	15086.151	0.008	86.14	-
ERRINGTON_MOUTH	grid	400	180	15087.673	15087.787	0.114	87.67	-
ERRINGTON_MOUTH	grid	400	200	15089.348	15089.450	0.102	89.35	-
ERRINGTON_MOUTH	grid	400	220	15091.125	15091.136	0.011	91.13	-
ERRINGTON_MOUTH	grid	400	240	15093.029	15093.067	0.037	93.03	-
ERRINGTON_MOUTH	grid	400	260	15095.008	15095.040	0.032	95.01	-
ERRINGTON_MOUTH	grid	400	280	15097.056	15097.065	0.009	97.06	-
ERRINGTON_MOUTH	grid	400	300	15099.154	15099.191	0.037	99.15	-
ERRINGTON_MOUTH	grid	400	320	15101.268	15101.308	0.039	101.27	-
ERRINGTON_MOUTH	grid	400	340	15103.393	15103.343	-0.049	103.39	-
ERRINGTON_MOUTH	grid	400	360	15105.482	15105.330	-0.152	105.48	-
ERRINGTON_MOUTH	grid	400	380	15107.517	15107.415	-0.102	107.52	-
ERRINGTON_MOUTH	grid	400	400	15109.470	15109.399	-0.070	109.47	-
ERRINGTON_MOUTH	grid	400	420	15111.315	15111.201	-0.114	111.31	-
ERRINGTON_MOUTH	grid	400	440	15113.022	15112.926	-0.096	113.02	-
ERRINGTON_MOUTH	grid	400	460	15114.585	15114.428	-0.157	114.58	-
ERRINGTON_MOUTH	grid	400	480	15115.978	15115.735	-0.244	115.98	-
ERRINGTON_MOUTH	grid	400	500	15117.203	15117.078	-0.125	117.20	-
ERRINGTON_MOUTH	grid	420	-500	15084.100	15084.043	-0.057	84.10	-
ERRINGTON_MOUTH	grid	420	-480	15084.052	15084.000	-0.052	84.05	-
ERRINGTON_MOUTH	grid	420	-460	15083.999	15083.934	-0.065	84.00	-
ERRINGTON_MOUTH	grid	420	-440	15083.934	15083.894	-0.041	83.93	-
ERRINGTON_MOUTH	grid	420	-420	15083.866	15083.847	-0.019	83.87	-
ERRINGTON_MOUTH	grid	420	-400	15083.787	15083.719	-0.067	83.79	-
ERRINGTON_MOUTH	grid	420	-380	15083.692	15083.617	-0.075	83.69	-
ERRINGTON_MOUTH	grid	420	-360	15083.587	15083.526	-0.061	83.59	-
ERRINGTON_MOUTH	grid	420	-340	15083.457	15083.388	-0.069	83.46	-
ERRINGTON_MOUTH	grid	420	-320	15083.312	15083.257	-0.054	83.31	-
ERRINGTON_MOUTH	grid	420	-300	15083.136	15083.085	-0.051	83.14	-
ERRINGTON_MOUTH	grid	420	-280	15082.938	15082.844	-0.094	82.94	-
ERRINGTON_MOUTH	grid	420	-260	15082.710	15082.625	-0.085	82.71	-
ERRINGTON_MOUTH	grid	420	-240	15082.451	15082.412	-0.039	82.45	-
ERRINGTON_MOUTH	grid	420	-220	15082.169	15082.126	-0.043	82.17	-
ERRINGTON_MOUTH	grid	420	-200	15081.861	15081.794	-0.067	81.86	-
ERRINGTON_MOUTH	grid	420	-180	15081.532	15081.475	-0.056	81.53	-
ERRINGTON_MOUTH	grid	420	-160	15081.188	15081.126	-0.061	81.19	-
ERRINGTON_MOUTH	grid	420	-140	15080.845	15080.804	-0.041	80.85	-
ERRINGTON_MOUTH	grid	420	-120	15080.502	15080.507	0.005	80.50	-
ERRINGTON_MOUTH	grid	420	-100	15080.184	15080.188	0.004	80.18	-
ERRINGTON_MOUTH	grid	420	-80	15079.901	15079.895	-0.006	79.90	-
ERRINGTON_MOUTH	grid	420	-60	15079.668	15079.662	-0.006	79.67	-
ERRINGTON_MOUTH	grid	420	-40	15079.504	15079.561	0.058	79.50	-
ERRINGTON_MOUTH	grid	420	-20	15079.423	15079.487	0.064	79.42	-
ERRINGTON_MOUTH	grid	420	0	15079.454	15079.476	0.023	79.45	-
ERRINGTON_MOUTH	grid	420	20	15079.597	15079.693	0.097	79.60	-
ERRINGTON_MOUTH	grid	420	40	15079.880	15079.952	0.072	79.88	-
ERRINGTON_MOUTH	grid	420	60	15080.309	15080.367	0.058	80.31	-
ERRINGTON_MOUTH	grid	420	80	15080.884	15081.078	0.195	80.88	-
ERRINGTON_MOUTH	grid	420	100	15081.640	15081.753	0.113	81.64	-
ERRINGTON_MOUTH	grid	420	120	15082.542	15082.602	0.060	82.54	-
ERRINGTON_MOUTH	grid	420	140	15083.621	15083.733	0.112	83.62	-
ERRINGTON_MOUTH	grid	420	160	15084.852	15084.909	0.057	84.85	-
ERRINGTON_MOUTH	grid	420	180	15086.227	15086.330	0.102	86.23	-
ERRINGTON_MOUTH	grid	420	200	15087.754	15087.903	0.149	87.75	-
ERRINGTON_MOUTH	grid	420	220	15089.395	15089.484	0.090	89.39	-
ERRINGTON_MOUTH	grid	420	240	15091.170	15091.223	0.053	91.17	-
ERRINGTON_MOUTH	grid	420	260	15093.036	15093.109	0.073	93.04	-
ERRINGTON_MOUTH	grid	420	280	15094.981	15095.023	0.042	94.98	-
ERRINGTON_MOUTH	grid	420	300	15096.992	15096.978	-0.014	96.99	-
ERRINGTON_MOUTH	grid	420	320	15099.037	15099.024	-0.013	99.04	-
ERRINGTON_MOUTH	grid	420	340	15101.102	15101.097	-0.005	101.10	-
ERRINGTON_MOUTH	grid	420	360	15103.150	15103.119	-0.031	103.15	-
ERRINGTON_MOUTH	grid	420	380	15105.157	15105.132	-0.025	105.16	-
ERRINGTON_MOUTH	grid	420	400	15107.098	15107.092	-0.007	107.10	-
ERRINGTON_MOUTH	grid	420	420	15108.946	15108.773	-0.173	108.95	-
ERRINGTON_MOUTH	grid	420	440	15110.672	15110.465	-0.208	110.67	-
ERRINGTON_MOUTH	grid	420	460	15112.265	15112.216	-0.048	112.26	-
ERRINGTON_MOUTH	grid	420	480	15113.697	15113.574	-0.123	113.70	-
ERRINGTON_MOUTH	grid	420	500	15114.968	15114.841	-0.128	114.97	-
ERRINGTON_MOUTH	grid	440	-500	15084.141	15084.084	-0.057	84.14	-
ERRINGTON_MOUTH	grid	440	-480	15084.101	15084.060	-0.041	84.10	-
ERRINGTON_MOUTH	grid	440	-460	15084.056	15084.024	-0.032	84.06	-
ERRINGTON_MOUTH	grid	440	-440	15084.001	15083.943	-0.058	84.00	-
ERRINGTON_MOUTH	grid	440	-420	15083.939	15083.878	-0.061	83.94	-
ERRINGTON_MOUTH	grid	440	-400	15083.870	15083.803	-0.068	83.87	-
ERRINGTON_MOUTH	grid	440	-380	15083.787	15083.717	-0.070	83.79	-
ERRINGTON_MOUTH	grid	440	-360	15083.693	15083.658	-0.036	83.69	-
ERRINGTON_MOUTH	grid	440	-340	15083.576	15083.531	-0.045	83.58	-
ERRINGTON_MOUTH	grid	440	-320	15083.439	15083.350	-0.089	83.44	-
ERRINGTON_MOUTH	grid	440	-300	15083.275	15083.197	-0.079	83.28	-
ERRINGTON_MOUTH	grid	440	-280	15083.086	15083.014	-0.072	83.09	-
ERRINGTON_MOUTH	grid	440	-260	15082.867	15082.800	-0.068	82.87	-
ERRINGTON_MOUTH	grid	440	-240	15082.613	15082.566	-0.047	82.61	-
ERRINGTON_MOUTH	grid	440	-220	15082.333	15082.268	-0.065	82.33	-
ERRINGTON_MOUTH	grid	440	-200	15082.025	15081.936	-0.089	82.03	-
ERRINGTON_MOUTH	grid	440	-180	15081.691	15081.631	-0.060	81.69	-
ERRINGTON_MOUTH	grid	440	-160	15081.344	15081.316	-0.028	81.34	-
ERRINGTON_MOUTH	grid	440	-140	15080.986	15080.961	-0.025	80.99	-
ERRINGTON_MOUTH	grid	440	-120	15080.627	15080.599	-0.028	80.63	-
ERRINGTON_MOUTH	grid	440	-100	15080.287	15080.269	-0.018	80.29	-
ERRINGTON_MOUTH	grid	440	-80	15079.971	15079.972	0.001	79.97	-
ERRINGTON_MOUTH	grid	440	-60	15079.698	15079.701	0.003	79.70	-
ERRINGTON_MOUTH	grid	440	-40	15079.486	15079.525	0.039	79.49	-
ERRINGTON_MOUTH	grid	440	-20	15079.345	15079.413	0.068	79.35	-
ERRINGTON_MOUTH	grid	440	0	15079.306	15079.328	0.022	79.31	-
ERRINGTON_MOUTH	grid	440	20	15079.367	15079.435	0.068	79.37	-
ERRINGTON_MOUTH	grid	440	40	15079.553	15079.673	0.120	79.55	-
ERRINGTON_MOUTH	grid	440	60	15079.875	15079.925	0.051	79.87	-
ERRINGTON_MOUTH	grid	440	80	15080.328	15080.407	0.078	80.33	-
ERRINGTON_MOUTH	grid	440	100	15080.953	15081.065	0.112	80.95	-
ERRINGTON_MOUTH	grid	440	120	15081.715	15081.760	0.044	81.72	-
ERRINGTON_MOUTH	grid	440	140	15082.646	15082.777	0.131	82.65	-
ERRINGTON_MOUTH	grid	440	160	15083.729	15083.916	0.187	83.73	-
ERRINGTON_MOUTH	grid	440	180	15084.957	15085.017	0.060	84.96	-
ERRINGTON_MOUTH	grid	440	200	15086.343	15086.416	0.074	86.34	-
ERRINGTON_MOUTH	grid	440	220	15087.849	15087.914	0.065	87.85	-
ERRINGTON_MOUTH	grid	440	240	15089.490	15089.510	0.021	89.49	-
ERRINGTON_MOUTH	grid	440	260	15091.235	15091.350	0.115	91.24	-
ERRINGTON_MOUTH	grid	440	280	15093.072	15093.170	0.098	93.07	-
ERRINGTON_MOUTH	grid	440	300	15094.989	15095.017	0.028	94.99	-
ERRINGTON_MOUTH	grid	440	320	15096.945	15096.961	0.016	96.94	-
ERRINGTON_MOUTH	grid	440	340	15098.942	15098.936	-0.006	98.94	-
ERRINGTON_MOUTH	grid	440	360	15100.934	15100.928	-0.006	100.93	-
ERRINGTON_MOUTH	grid	440	380	15102.899	15102.819	-0.080	102.90	-
ERRINGTON_MOUTH	grid	440	400	15104.816	15104.737	-0.078	104.82	-
ERRINGTON_MOUTH	grid	440	420	15106.651	15106.634	-0.017	106.65	-
ERRINGTON_MOUTH	grid	440	440	15108.382	15108.270	-0.111	108.38	-
ERRINGTON_MOUTH	grid	440	460	15109.988	15109.933	-0.055	109.99	-
ERRINGTON_MOUTH	grid	440	480	15111.450	15111.394	-0.056	111.45	-
ERRINGTON_MOUTH	grid	440	500	15112.766	15112.550	-0.216	112.77	-
ERRINGTON_MOUTH	grid	460	-500	15084.157	15084.112	-0.045	84.16	-
ERRINGTON_MOUTH	grid	460	-480	15084.120	15084.085	-0.036	84.12	-
ERRINGTON_MOUTH	grid	460	-460	15084.078	15084.039	-0.040	84.08	-
ERRINGTON_MOUTH	grid	460	-440	15084.032	15083.971	-0.061	84.03	-
ERRINGTON_MOUTH	grid	460	-420	15083.979	15083.921	-0.058	83.98	-
ERRINGTON_MOUTH	grid	460	-400	15083.918	15083.884	-0.034	83.92	-
ERRINGTON_MOUTH	grid	460	-380	15083.843	15083.807	-0.036	83.84	-
ERRINGTON_MOUTH	grid	460	-360	15083.759	15083.687	-0.072	83.76	-
ERRINGTON_MOUTH	grid	460	-340	15083.656	15083.594	-0.062	83.66	-
ERRINGTON_MOUTH	grid	460	-320	15083.527	15083.444	-0.083	83.53	-
ERRINGTON_MOUTH	grid	460	-300	15083.377	15083.301	-0.076	83.38	-
ERRINGTON_MOUTH	grid	460	-280	15083.197	15083.185	-0.013	83.20	-
ERRINGTON_MOUTH	grid	460	-260	15082.988	15082.920	-0.068	82.99	-
ERRINGTON_MOUTH	grid	460	-240	15082.744	15082.654	-0.090	82.74	-
ERRINGTON_MOUTH	grid	460	-220	15082.471	15082.415	-0.056	82.47	-
ERRINGTON_MOUTH	grid	460	-200	15082.169	15082.104	-0.065	82.17	-
ERRINGTON_MOUTH	grid	460	-180	15081.840	15081.799	-0.040	81.84	-
ERRINGTON_MOUTH	grid	460	-160	15081.490	15081.466	-0.024	81.49	-
ERRINGTON_MOUTH	grid	460	-140	15081.127	15081.086	-0.042	81.13	-
ERRINGTON_MOUTH	grid	460	-120	15080.762	15080.721	-0.042	80.76	-
ERRINGTON_MOUTH	grid	460	-100	15080.405	15080.385	-0.020	80.40	-
ERRINGTON_MOUTH	grid	460	-80	15080.070	15080.086	0.016	80.07	-
ERRINGTON_MOUTH	grid	460	-60	15079.766	15079.790	0.024	79.77	-
ERRINGTON_MOUTH	grid	460	-40	15079.519	15079.515	-0.004	79.52	-
ERRINGTON_MOUTH	grid	460	-20	15079.332	15079.382	0.050	79.33	-
ERRINGTON_MOUTH	grid	460	0	15079.232	15079.288	0.055	79.23	-
ERRINGTON_MOUTH	grid	460	20	15079.221	15079.223	0.002	79.22	-
ERRINGTON_MOUTH	grid	460	40	15079.324	15079.418	0.094	79.32	-
ERRINGTON_MOUTH	grid	460	60	15079.547	15079.642	0.094	79.55	-
ERRINGTON_MOUTH	grid	460	80	15079.895	15079.893	-0.002	79.90	-
ERRINGTON_MOUTH	grid	460	100	15080.398	15080.519	0.121	80.40	-
ERRINGTON_MOUTH	grid	460	120	15081.035	15081.171	0.135	81.04	-
ERRINGTON_MOUTH	grid	460	140	15081.831	15081.837	0.006	81.83	-
ERRINGTON_MOUTH	grid	460	160	15082.773	15082.869	0.096	82.77	-
ERRINGTON_MOUTH	grid	460	180	15083.860	15083.970	0.110	83.86	-
ERRINGTON_MOUTH	grid	460	200	15085.110	15085.145	0.035	85.11	-
ERRINGTON_MOUTH	grid	460	220	15086.481	15086.643	0.162	86.48	-
ERRINGTON_MOUTH	grid	460	240	15087.993	15088.126	0.133	87.99	-
ERRINGTON_MOUTH	grid	460	260	15089.617	15089.648	0.031	89.62	-
ERRINGTON_MOUTH	grid	460	280	15091.343	15091.373	0.030	91.34	-
ERRINGTON_MOUTH	grid	460	300	15093.156	15093.167	0.012	93.16	-
ERRINGTON_MOUTH	grid	460	320	15095.019	15095.063	0.045	95.02	-
ERRINGTON_MOUTH	grid	460	340	15096.935	15096.991	0.055	96.94	-
ERRINGTON_MOUTH	grid	460	360	15098.860	15098.889	0.029	98.86	-
ERRINGTON_MOUTH	grid	460	380	15100.775	15100.756	-0.019	100.78	-
ERRINGTON_MOUTH	grid	460	400	15102.652	15102.561	-0.091	102.65	-
ERRINGTON_MOUTH	grid	460	420	15104.460	15104.393	-0.067	104.46	-
ERRINGTON_MOUTH	grid	460	440	15106.184	15106.116	-0.068	106.18	-
ERRINGTON_MOUTH	grid	460	460	15107.802	15107.667	-0.135	107.80	-
ERRINGTON_MOUTH	grid	460	480	15109.285	15109.245	-0.040	109.29	-
ERRINGTON_MOUTH	grid	460	500	15110.633	15110.558	-0.075	110.63	-
ERRINGTON_MOUTH	grid	480	-500	15084.153	15084.130	-0.023	84.15	-
ERRINGTON_MOUTH	grid	480	-480	15084.116	15084.061	-0.055	84.12	-
ERRINGTON_MOUTH	grid	480	-460	15084.075	15084.015	-0.060	84.08	-
ERRINGTON_MOUTH	grid	480	-440	15084.035	15083.988	-0.047	84.03	-
ERRINGTON_MOUTH	grid	480	-420	15083.987	15083.937	-0.050	83.99	-
ERRINGTON_MOUTH	grid	480	-400	15083.931	15083.886	-0.045	83.93	-
ERRINGTON_MOUTH	grid	480	-380	15083.866	15083.822	-0.045	83.87	-
ERRINGTON_MOUTH	grid	480	-360	15083.792	15083.714	-0.078	83.79	-
ERRINGTON_MOUTH	grid	480	-340	15083.694	15083.630	-0.064	83.69	-
ERRINGTON_MOUTH	grid	480	-320	15083.582	15083.551	-0.031	83.58	-
ERRINGTON_MOUTH	grid	480	-300	15083.442	15083.382	-0.061	83.44	-
ERRINGTON_MOUTH	grid	480	-280	15083.273	15083.198	-0.074	83.27	-
ERRINGTON_MOUTH	grid	480	-260	15083.078	15083.024	-0.054	83.08	-
ERRINGTON_MOUTH	grid	480	-240	15082.848	15082.761	-0.086	82.85	-
ERRINGTON_MOUTH	grid	480	-220	15082.587	15082.526	-0.062	82.59	-
ERRINGTON_MOUTH	grid	480	-200	15082.295	15082.281	-0.013	82.29	-
ERRINGTON_MOUTH	grid	480	-180	15081.975	15081.914	-0.061	81.98	-
ERRINGTON_MOUTH	grid	480	-160	15081.635	15081.573	-0.062	81.63	-
ERRINGTON_MOUTH	grid	480	-140	15081.274	15081.246	-0.028	81.27	-
ERRINGTON_MOUTH	grid	480	-120	15080.908	15080.880	-0.028	80.91	-
ERRINGTON_MOUTH	grid	480	-100	15080.545	15080.535	-0.010	80.54	-
ERRINGTON_MOUTH	grid	480	-80	15080.195	15080.195	-0.000	80.20	-
ERRINGTON_MOUTH	grid	480	-60	15079.877	15079.888	0.011	79.88	-
ERRINGTON_MOUTH	grid	480	-40	15079.599	15079.612	0.013	79.60	-
ERRINGTON_MOUTH	grid	480	-20	15079.374	15079.394	0.020	79.37	-
ERRINGTON_MOUTH	grid	480	0	15079.225	15079.297	0.072	79.23	-
ERRINGTON_MOUTH	grid	480	20	15079.157	15079.208	0.051	79.16	-
ERRINGTON_MOUTH	grid	480	40	15079.183	15079.213	0.030	79.18	-
ERRINGTON_MOUTH	grid	480	60	15079.323	15079.413	0.090	79.32	-
ERRINGTON_MOUTH	grid	480	80	15079.577	15079.640	0.063	79.58	-
ERRINGTON_MOUTH	grid	480	100	15079.969	15080.031	0.062	79.97	-
ERRINGTON_MOUTH	grid	480	120	15080.489	15080.623	0.134	80.49	-
ERRINGTON_MOUTH	grid	480	140	15081.162	15081.242	0.080	81.16	-
ERRINGTON_MOUTH	grid	480	160	15081.977	15082.039	0.061	81.98	-
ERRINGTON_MOUTH	grid	480	180	15082.935	15083.079	0.144	82.94	-
ERRINGTON_MOUTH	grid	480	200	15084.051	15084.146	0.095	84.05	-
ERRINGTON_MOUTH	grid	480	220	15085.293	15085.334	0.041	85.29	-
ERRINGTON_MOUTH	grid	480	240	15086.681	15086.772	0.091	86.68	-
ERRINGTON_MOUTH	grid	480	260	15088.185	15088.245	0.060	88.19	-
ERRINGTON_MOUTH	grid	480	280	15089.796	15089.872	0.076	89.80	-
ERRINGTON_MOUTH	grid	480	300	15091.501	15091.624	0.123	91.50	-
ERRINGTON_MOUTH	grid	480	320	15093.270	15093.331	0.060	93.27	-
ERRINGTON_MOUTH	grid	480	340	15095.101	15095.078	-0.022	95.10	-
ERRINGTON_MOUTH	grid	480	360	15096.952	15096.874	-0.077	96.95	-
ERRINGTON_MOUTH	grid	480	380	15098.804	15098.800	-0.004	98.80	-
ERRINGTON_MOUTH	grid	480	400	15100.632	15100.640	0.008	100.63	-
ERRINGTON_MOUTH	grid	480	420	15102.413	15102.391	-0.021	102.41	-
ERRINGTON_MOUTH	grid	480	440	15104.119	15104.146	0.027	104.12	-
ERRINGTON_MOUTH	grid	480	460	15105.733	15105.625	-0.108	105.73	-
ERRINGTON_MOUTH	grid	480	480	15107.232	15107.083	-0.149	107.23	-
ERRINGTON_MOUTH	grid	480	500	15108.608	15108.609	0.001	108.61	-
ERRINGTON_MOUTH	grid	500	-500	15084.124	15084.072	-0.052	84.12	-
ERRINGTON_MOUTH	grid	500	-480	15084.085	15084.034	-0.052	84.09	-
ERRINGTON_MOUTH	grid	500	-460	15084.049	15083.998	-0.052	84.05	-
ERRINGTON_MOUTH	grid	500	-440	15084.009	15083.988	-0.020	84.01	-
ERRINGTON_MOUTH	grid	500	-420	15083.965	15083.929	-0.036	83.96	-
ERRINGTON_MOUTH	grid	500	-400	15083.913	15083.850	-0.063	83.91	-
ERRINGTON_MOUTH	grid	500	-380	15083.856	15083.797	-0.059	83.86	-
ERRINGTON_MOUTH	grid	500	-360	15083.788	15083.733	-0.055	83.79	-
ERRINGTON_MOUTH	grid	500	-340	15083.702	15083.652	-0.050	83.70	-
ERRINGTON_MOUTH	grid	500	-320	15083.599	15083.552	-0.047	83.60	-
ERRINGTON_MOUTH	grid	500	-300	15083.472	15083.413	-0.059	83.47	-
ERRINGTON_MOUTH	grid	500	-280	15083.321	15083.235	-0.086	83.32	-
ERRINGTON_MOUTH	grid	500	-260	15083.141	15083.080	-0.060	83.14	-
ERRINGTON_MOUTH	grid	500	-240	15082.927	15082.890	-0.036	82.93	-
ERRINGTON_MOUTH	grid	500	-220	15082.683	15082.617	-0.066	82.68	-
ERRINGTON_MOUTH	grid	500	-200	15082.407	15082.354	-0.053	82.41	-
ERRINGTON_MOUTH	grid	500	-180	15082.103	15082.054	-0.048	82.10	-
ERRINGTON_MOUTH	grid	500	-160	15081.773	15081.711	-0.061	81.77	-
ERRINGTON_MOUTH	grid	500	-140	15081.425	15081.395	-0.030	81.42	-
ERRINGTON_MOUTH	grid	500	-120	15081.065	15081.050	-0.015	81.07	-
ERRINGTON_MOUTH	grid	500	-100	15080.705	15080.681	-0.023	80.70	-
ERRINGTON_MOUTH	grid	500	-80	15080.352	15080.340	-0.013	80.35	-
ERRINGTON_MOUTH	grid	500	-60	15080.020	15080.029	0.009	80.02	-
ERRINGTON_MOUTH	grid	500	-40	15079.725	15079.749	0.024	79.72	-
ERRINGTON_MOUTH	grid	500	-20	15079.470	15079.489	0.018	79.47	-
ERRINGTON_MOUTH	grid	500	0	15079.283	15079.314	0.031	79.28	-
ERRINGTON_MOUTH	grid	500	20	15079.161	15079.216	0.055	79.16	-
ERRINGTON_MOUTH	grid	500	40	15079.129	15079.154	0.025	79.13	-
ERRINGTON_MOUTH	grid	500	60	15079.194	15079.266	0.071	79.19	-
ERRINGTON_MOUTH	grid	500	80	15079.355	15079.475	0.120	79.35	-
ERRINGTON_MOUTH	grid	500	100	15079.654	15079.688	0.034	79.65	-
ERRINGTON_MOUTH	grid	500	120	15080.071	15080.143	0.073	80.07	-
ERRINGTON_MOUTH	grid	500	140	15080.626	15080.724	0.098	80.63	-
ERRINGTON_MOUTH	grid	500	160	15081.323	15081.344	0.021	81.32	-
ERRINGTON_MOUTH	grid	500	180	15082.156	15082.272	0.116	82.16	-
ERRINGTON_MOUTH	grid	500	200	15083.149	15083.274	0.126	83.15	-
ERRINGTON_MOUTH	grid	500	220	15084.268	15084.303	0.035	84.27	-
ERRINGTON_MOUTH	grid	500	240	15085.534	15085.625	0.091	85.53	-
ERRINGTON_MOUTH	grid	500	260	15086.920	15087.026	0.106	86.92	-
ERRINGTON_MOUTH	grid	500	280	15088.416	15088.438	0.021	88.42	-
ERRINGTON_MOUTH	grid	500	300	15090.021	15090.045	0.023	90.02	-
ERRINGTON_MOUTH	grid	500	320	15091.693	15091.739	0.046	91.69	-
ERRINGTON_MOUTH	grid	500	340	15093.432	15093.460	0.028	93.43	-
ERRINGTON_MOUTH	grid	500	360	15095.208	15095.248	0.041	95.21	-
ERRINGTON_MOUTH	grid	500	380	15096.996	15097.049	0.052	97.00	-
ERRINGTON_MOUTH	grid	500	400	15098.773	15098.783	0.010	98.77	-
ERRINGTON_MOUTH	grid	500	420	15100.513	15100.388	-0.125	100.51	-
ERRINGTON_MOUTH	grid	500	440	15102.199	15102.108	-0.092	102.20	-
ERRINGTON_MOUTH	grid	500	460	15103.806	15103.811	0.006	103.81	-
ERRINGTON_MOUTH	grid	500	480	15105.310	15105.262	-0.048	105.31	-
ERRINGTON_MOUTH	grid	500	500	15106.705	15106.681	-0.024	106.70	-
ERRINGTON_MOUTH	summary	-208	-210	15088.034	15088.365	0.330	88.03	n=251001 p50=-0.025 p99=0.186 p999=0.253 max=0.330 min=-0.446 gt0.5=0 gt2=0 gt5=0 clip=0 susp=417
ONAPING_VALLEY_PUMP	grid	-500	-500	15269.721	15269.844	0.122	269.72	-
ONAPING_VALLEY_PUMP	grid	-500	-480	15269.070	15269.405	0.335	269.07	-
ONAPING_VALLEY_PUMP	grid	-500	-460	15268.664	15268.956	0.292	268.66	-
ONAPING_VALLEY_PUMP	grid	-500	-440	15268.531	15268.506	-0.025	268.53	-
ONAPING_VALLEY_PUMP	grid	-500	-420	15268.643	15268.702	0.059	268.64	-
ONAPING_VALLEY_PUMP	grid	-500	-400	15268.955	15268.990	0.035	268.96	-
ONAPING_VALLEY_PUMP	grid	-500	-380	15269.390	15269.306	-0.084	269.39	-
ONAPING_VALLEY_PUMP	grid	-500	-360	15269.860	15269.556	-0.304	269.86	-
ONAPING_VALLEY_PUMP	grid	-500	-340	15270.226	15269.734	-0.492	270.23	-
ONAPING_VALLEY_PUMP	grid	-500	-320	15270.409	15269.862	-0.547	270.41	-
ONAPING_VALLEY_PUMP	grid	-500	-300	15270.357	15270.006	-0.351	270.36	-
ONAPING_VALLEY_PUMP	grid	-500	-280	15269.951	15269.311	-0.640	269.95	-
ONAPING_VALLEY_PUMP	grid	-500	-260	15269.245	15268.644	-0.600	269.24	-
ONAPING_VALLEY_PUMP	grid	-500	-240	15268.223	15267.733	-0.489	268.22	-
ONAPING_VALLEY_PUMP	grid	-500	-220	15266.905	15266.433	-0.472	266.91	-
ONAPING_VALLEY_PUMP	grid	-500	-200	15265.369	15264.902	-0.466	265.37	-
ONAPING_VALLEY_PUMP	grid	-500	-180	15263.675	15263.399	-0.276	263.67	-
ONAPING_VALLEY_PUMP	grid	-500	-160	15261.909	15261.841	-0.068	261.91	-
ONAPING_VALLEY_PUMP	grid	-500	-140	15260.140	15260.114	-0.027	260.14	-
ONAPING_VALLEY_PUMP	grid	-500	-120	15258.432	15258.359	-0.073	258.43	-
ONAPING_VALLEY_PUMP	grid	-500	-100	15256.828	15256.632	-0.197	256.83	-
ONAPING_VALLEY_PUMP	grid	-500	-80	15255.384	15255.420	0.036	255.38	-
ONAPING_VALLEY_PUMP	grid	-500	-60	15254.149	15254.423	0.274	254.15	-
ONAPING_VALLEY_PUMP	grid	-500	-40	15253.154	15253.253	0.098	253.15	-
ONAPING_VALLEY_PUMP	grid	-500	-20	15252.495	15252.110	-0.385	252.49	-
ONAPING_VALLEY_PUMP	grid	-500	0	15252.209	15252.413	0.203	252.21	-
ONAPING_VALLEY_PUMP	grid	-500	20	15252.320	15252.766	0.446	252.32	-
ONAPING_VALLEY_PUMP	grid	-500	40	15252.891	15253.004	0.113	252.89	-
ONAPING_VALLEY_PUMP	grid	-500	60	15253.851	15253.785	-0.067	253.85	-
ONAPING_VALLEY_PUMP	grid	-500	80	15255.149	15255.204	0.055	255.15	-
ONAPING_VALLEY_PUMP	grid	-500	100	15256.687	15256.650	-0.037	256.69	-
ONAPING_VALLEY_PUMP	grid	-500	120	15258.341	15258.279	-0.062	258.34	-
ONAPING_VALLEY_PUMP	grid	-500	140	15259.940	15259.606	-0.334	259.94	-
ONAPING_VALLEY_PUMP	grid	-500	160	15261.351	15260.929	-0.422	261.35	-
ONAPING_VALLEY_PUMP	grid	-500	180	15262.474	15262.147	-0.327	262.47	-
ONAPING_VALLEY_PUMP	grid	-500	200	15263.092	15262.714	-0.378	263.09	-
ONAPING_VALLEY_PUMP	grid	-500	220	15263.236	15262.299	-0.937	263.24	-
ONAPING_VALLEY_PUMP	grid	-500	240	15262.809	15261.909	-0.900	262.81	-
ONAPING_VALLEY_PUMP	grid	-500	260	15261.787	15261.546	-0.240	261.79	-
ONAPING_VALLEY_PUMP	grid	-500	280	15260.253	15259.803	-0.450	260.25	-
ONAPING_VALLEY_PUMP	grid	-500	300	15258.214	15257.754	-0.460	258.21	-
ONAPING_VALLEY_PUMP	grid	-500	320	15255.786	15255.474	-0.313	255.79	-
ONAPING_VALLEY_PUMP	grid	-500	340	15253.080	15252.998	-0.081	253.08	-
ONAPING_VALLEY_PUMP	grid	-500	360	15250.200	15250.150	-0.050	250.20	-
ONAPING_VALLEY_PUMP	grid	-500	380	15247.270	15247.330	0.061	247.27	-
ONAPING_VALLEY_PUMP	grid	-500	400	15244.396	15244.577	0.181	244.40	-
ONAPING_VALLEY_PUMP	grid	-500	420	15241.674	15242.012	0.338	241.67	-
ONAPING_VALLEY_PUMP	grid	-500	440	15239.137	15239.507	0.371	239.14	-
ONAPING_VALLEY_PUMP	grid	-500	460	15236.807	15237.030	0.223	236.81	-
ONAPING_VALLEY_PUMP	grid	-500	480	15234.635	15234.613	-0.022	234.63	-
ONAPING_VALLEY_PUMP	grid	-500	500	15232.554	15232.557	0.002	232.55	-
ONAPING_VALLEY_PUMP	grid	-480	-500	15268.863	15268.751	-0.111	268.86	-
ONAPING_VALLEY_PUMP	grid	-480	-480	15268.093	15268.202	0.109	268.09	-
ONAPING_VALLEY_PUMP	grid	-480	-460	15267.575	15267.790	0.215	267.57	-
ONAPING_VALLEY_PUMP	grid	-480	-440	15267.360	15267.400	0.039	267.36	-
ONAPING_VALLEY_PUMP	grid	-480	-420	15267.420	15267.296	-0.124	267.42	-
ONAPING_VALLEY_PUMP	grid	-480	-400	15267.712	15267.705	-0.008	267.71	-
ONAPING_VALLEY_PUMP	grid	-480	-380	15268.171	15268.141	-0.030	268.17	-
ONAPING_VALLEY_PUMP	grid	-480	-360	15268.705	15268.567	-0.138	268.70	-
ONAPING_VALLEY_PUMP	grid	-480	-340	15269.190	15268.817	-0.373	269.19	-
ONAPING_VALLEY_PUMP	grid	-480	-320	15269.515	15269.066	-0.449	269.51	-
ONAPING_VALLEY_PUMP	grid	-480	-300	15269.615	15269.242	-0.373	269.61	-
ONAPING_VALLEY_PUMP	grid	-480	-280	15269.363	15269.122	-0.241	269.36	-
ONAPING_VALLEY_PUMP	grid	-480	-260	15268.754	15268.063	-0.691	268.75	-
ONAPING_VALLEY_PUMP	grid	-480	-240	15267.807	15267.001	-0.805	267.81	-
ONAPING_VALLEY_PUMP	grid	-480	-220	15266.499	15265.967	-0.532	266.50	-
ONAPING_VALLEY_PUMP	grid	-480	-200	15264.941	15264.520	-0.421	264.94	-
ONAPING_VALLEY_PUMP	grid	-480	-180	15263.174	15262.765	-0.408	263.17	-
ONAPING_VALLEY_PUMP	grid	-480	-160	15261.275	15260.701	-0.574	261.28	-
ONAPING_VALLEY_PUMP	grid	-480	-140	15259.327	15258.786	-0.540	259.33	-
ONAPING_VALLEY_PUMP	grid	-480	-120	15257.378	15257.144	-0.234	257.38	-
ONAPING_VALLEY_PUMP	grid	-480	-100	15255.509	15255.530	0.020	255.51	-
ONAPING_VALLEY_PUMP	grid	-480	-80	15253.764	15253.439	-0.325	253.76	-
ONAPING_VALLEY_PUMP	grid	-480	-60	15252.219	15252.175	-0.044	252.22	-
ONAPING_VALLEY_PUMP	grid	-480	-40	15250.902	15251.127	0.224	250.90	-
ONAPING_VALLEY_PUMP	grid	-480	-20	15249.902	15250.106	0.204	249.90	-
ONAPING_VALLEY_PUMP	grid	-480	0	15249.290	15249.490	0.200	249.29	-
ONAPING_VALLEY_PUMP	grid	-480	20	15249.085	15249.700	0.616	249.08	-
ONAPING_VALLEY_PUMP	grid	-480	40	15249.396	15249.938	0.542	249.40	-
ONAPING_VALLEY_PUMP	grid	-480	60	15250.192	15250.203	0.010	250.19	-
ONAPING_VALLEY_PUMP	grid	-480	80	15251.435	15251.380	-0.056	251.44	-
ONAPING_VALLEY_PUMP	grid	-480	100	15253.043	15253.069	0.026	253.04	-
ONAPING_VALLEY_PUMP	grid	-480	120	15254.889	15254.835	-0.054	254.89	-
ONAPING_VALLEY_PUMP	grid	-480	140	15256.796	15256.496	-0.300	256.80	-
ONAPING_VALLEY_PUMP	grid	-480	160	15258.594	15257.819	-0.775	258.59	-
ONAPING_VALLEY_PUMP	grid	-480	180	15260.161	15259.226	-0.935	260.16	-
ONAPING_VALLEY_PUMP	grid	-480	200	15261.241	15260.816	-0.426	261.24	-
ONAPING_VALLEY_PUMP	grid	-480	220	15261.820	15260.969	-0.851	261.82	-
ONAPING_VALLEY_PUMP	grid	-480	240	15261.804	15260.638	-1.165	261.80	-
ONAPING_VALLEY_PUMP	grid	-480	260	15261.097	15260.335	-0.762	261.10	-
ONAPING_VALLEY_PUMP	grid	-480	280	15259.804	15259.515	-0.289	259.80	-
ONAPING_VALLEY_PUMP	grid	-480	300	15257.922	15257.208	-0.714	257.92	-
ONAPING_VALLEY_PUMP	grid	-480	320	15255.577	15254.928	-0.649	255.58	-
ONAPING_VALLEY_PUMP	grid	-480	340	15252.898	15252.675	-0.223	252.90	-
ONAPING_VALLEY_PUMP	grid	-480	360	15250.012	15250.030	0.018	250.01	-
ONAPING_VALLEY_PUMP	grid	-480	380	15247.080	15247.260	0.180	247.08	-
ONAPING_VALLEY_PUMP	grid	-480	400	15244.232	15244.519	0.287	244.23	-
ONAPING_VALLEY_PUMP	grid	-480	420	15241.565	15241.832	0.267	241.57	-
ONAPING_VALLEY_PUMP	grid	-480	440	15239.136	15239.327	0.191	239.14	-
ONAPING_VALLEY_PUMP	grid	-480	460	15236.965	15237.156	0.191	236.96	-
ONAPING_VALLEY_PUMP	grid	-480	480	15235.000	15235.360	0.360	235.00	-
ONAPING_VALLEY_PUMP	grid	-480	500	15233.179	15233.395	0.216	233.18	-
ONAPING_VALLEY_PUMP	grid	-460	-500	15267.870	15268.012	0.142	267.87	-
ONAPING_VALLEY_PUMP	grid	-460	-480	15266.966	15267.026	0.060	266.97	-
ONAPING_VALLEY_PUMP	grid	-460	-460	15266.300	15266.608	0.308	266.30	-
ONAPING_VALLEY_PUMP	grid	-460	-440	15265.940	15266.217	0.278	265.94	-
ONAPING_VALLEY_PUMP	grid	-460	-420	15265.877	15265.853	-0.024	265.88	-
ONAPING_VALLEY_PUMP	grid	-460	-400	15266.083	15266.025	-0.058	266.08	-
ONAPING_VALLEY_PUMP	grid	-460	-380	15266.510	15266.398	-0.112	266.51	-
ONAPING_VALLEY_PUMP	grid	-460	-360	15267.056	15266.771	-0.285	267.06	-
ONAPING_VALLEY_PUMP	grid	-460	-340	15267.599	15267.139	-0.459	267.60	-
ONAPING_VALLEY_PUMP	grid	-460	-320	15268.001	15267.388	-0.613	268.00	-
ONAPING_VALLEY_PUMP	grid	-460	-300	15268.195	15267.572	-0.623	268.19	-
ONAPING_VALLEY_PUMP	grid	-460	-280	15268.057	15267.443	-0.615	268.06	-
ONAPING_VALLEY_PUMP	grid	-460	-260	15267.551	15266.758	-0.793	267.55	-
ONAPING_VALLEY_PUMP	grid	-460	-240	15266.690	15265.822	-0.867	266.69	-
ONAPING_VALLEY_PUMP	grid	-460	-220	15265.414	15264.914	-0.501	265.41	-
ONAPING_VALLEY_PUMP	grid	-460	-200	15263.830	15263.477	-0.353	263.83	-
ONAPING_VALLEY_PUMP	grid	-460	-180	15261.980	15261.538	-0.443	261.98	-
ONAPING_VALLEY_PUMP	grid	-460	-160	15259.943	15259.589	-0.355	259.94	-
ONAPING_VALLEY_PUMP	grid	-460	-140	15257.827	15257.553	-0.274	257.83	-
ONAPING_VALLEY_PUMP	grid	-460	-120	15255.694	15255.672	-0.022	255.69	-
ONAPING_VALLEY_PUMP	grid	-460	-100	15253.614	15253.505	-0.108	253.61	-
ONAPING_VALLEY_PUMP	grid	-460	-80	15251.638	15251.366	-0.271	251.64	-
ONAPING_VALLEY_PUMP	grid	-460	-60	15249.824	15249.408	-0.416	249.82	-
ONAPING_VALLEY_PUMP	grid	-460	-40	15248.219	15248.360	0.141	248.22	-
ONAPING_VALLEY_PUMP	grid	-460	-20	15246.910	15247.137	0.227	246.91	-
ONAPING_VALLEY_PUMP	grid	-460	0	15245.991	15245.845	-0.146	245.99	-
ONAPING_VALLEY_PUMP	grid	-460	20	15245.514	15245.618	0.104	245.51	-
ONAPING_VALLEY_PUMP	grid	-460	40	15245.576	15246.019	0.444	245.58	-
ONAPING_VALLEY_PUMP	grid	-460	60	15246.189	15246.471	0.282	246.19	-
ONAPING_VALLEY_PUMP	grid	-460	80	15247.329	15247.243	-0.086	247.33	-
ONAPING_VALLEY_PUMP	grid	-460	100	15248.956	15249.182	0.226	248.96	-
ONAPING_VALLEY_PUMP	grid	-460	120	15250.920	15251.149	0.230	250.92	-
ONAPING_VALLEY_PUMP	grid	-460	140	15253.073	15253.144	0.071	253.07	-
ONAPING_VALLEY_PUMP	grid	-460	160	15255.206	15254.859	-0.347	255.21	-
ONAPING_VALLEY_PUMP	grid	-460	180	15257.179	15256.421	-0.758	257.18	-
ONAPING_VALLEY_PUMP	grid	-460	200	15258.734	15258.010	-0.724	258.73	-
ONAPING_VALLEY_PUMP	grid	-460	220	15259.775	15259.494	-0.281	259.78	-
ONAPING_VALLEY_PUMP	grid	-460	240	15260.226	15259.163	-1.063	260.23	-
ONAPING_VALLEY_PUMP	grid	-460	260	15259.897	15258.639	-1.258	259.90	-
ONAPING_VALLEY_PUMP	grid	-460	280	15258.932	15258.141	-0.791	258.93	-
ONAPING_VALLEY_PUMP	grid	-460	300	15257.316	15256.681	-0.635	257.32	-
ONAPING_VALLEY_PUMP	grid	-460	320	15255.155	15254.402	-0.753	255.16	-
ONAPING_VALLEY_PUMP	grid	-460	340	15252.627	15252.108	-0.519	252.63	-
ONAPING_VALLEY_PUMP	grid	-460	360	15249.839	15249.774	-0.065	249.84	-
ONAPING_VALLEY_PUMP	grid	-460	380	15246.993	15247.053	0.060	246.99	-
ONAPING_VALLEY_PUMP	grid	-460	400	15244.230	15244.361	0.131	244.23	-
ONAPING_VALLEY_PUMP	grid	-460	420	15241.668	15241.697	0.029	241.67	-
ONAPING_VALLEY_PUMP	grid	-460	440	15239.388	15239.647	0.259	239.39	-
ONAPING_VALLEY_PUMP	grid	-460	460	15237.400	15237.864	0.464	237.40	-
ONAPING_VALLEY_PUMP	grid	-460	480	15235.660	15236.069	0.409	235.66	-
ONAPING_VALLEY_PUMP	grid	-460	500	15234.091	15234.301	0.210	234.09	-
ONAPING_VALLEY_PUMP	grid	-440	-500	15266.717	15266.853	0.137	266.72	-
ONAPING_VALLEY_PUMP	grid	-440	-480	15265.650	15265.592	-0.058	265.65	-
ONAPING_VALLEY_PUMP	grid	-440	-460	15264.815	15264.828	0.013	264.81	-
ONAPING_VALLEY_PUMP	grid	-440	-440	15264.273	15264.534	0.261	264.27	-
ONAPING_VALLEY_PUMP	grid	-440	-420	15264.036	15264.266	0.230	264.04	-
ONAPING_VALLEY_PUMP	grid	-440	-400	15264.087	15263.855	-0.232	264.09	-
ONAPING_VALLEY_PUMP	grid	-440	-380	15264.391	15264.326	-0.065	264.39	-
ONAPING_VALLEY_PUMP	grid	-440	-360	15264.854	15264.823	-0.031	264.85	-
ONAPING_VALLEY_PUMP	grid	-440	-340	15265.373	15265.347	-0.026	265.37	-
ONAPING_VALLEY_PUMP	grid	-440	-320	15265.806	15265.521	-0.285	265.81	-
ONAPING_VALLEY_PUMP	grid	-440	-300	15266.059	15265.365	-0.694	266.06	-
ONAPING_VALLEY_PUMP	grid	-440	-280	15266.008	15265.236	-0.772	266.01	-
ONAPING_VALLEY_PUMP	grid	-440	-260	15265.563	15265.126	-0.437	265.56	-
ONAPING_VALLEY_PUMP	grid	-440	-240	15264.735	15264.185	-0.550	264.73	-
ONAPING_VALLEY_PUMP	grid	-440	-220	15263.480	15262.600	-0.880	263.48	-
ONAPING_VALLEY_PUMP	grid	-440	-200	15261.874	15261.043	-0.831	261.87	-
ONAPING_VALLEY_PUMP	grid	-440	-180	15259.986	15259.308	-0.678	259.99	-
ONAPING_VALLEY_PUMP	grid	-440	-160	15257.863	15257.397	-0.466	257.86	-
ONAPING_VALLEY_PUMP	grid	-440	-140	15255.624	15255.214	-0.410	255.62	-
ONAPING_VALLEY_PUMP	grid	-440	-120	15253.319	15252.761	-0.558	253.32	-
ONAPING_VALLEY_PUMP	grid	-440	-100	15251.042	15250.757	-0.286	251.04	-
ONAPING_VALLEY_PUMP	grid	-440	-80	15248.862	15248.784	-0.078	248.86	-
ONAPING_VALLEY_PUMP	grid	-440	-60	15246.831	15246.838	0.007	246.83	-
ONAPING_VALLEY_PUMP	grid	-440	-40	15245.012	15245.118	0.106	245.01	-
ONAPING_VALLEY_PUMP	grid	-440	-20	15243.470	15243.971	0.501	243.47	-
ONAPING_VALLEY_PUMP	grid	-440	0	15242.305	15242.720	0.415	242.30	-
ONAPING_VALLEY_PUMP	grid	-440	20	15241.580	15241.456	-0.124	241.58	-
ONAPING_VALLEY_PUMP	grid	-440	40	15241.397	15241.868	0.471	241.40	-
ONAPING_VALLEY_PUMP	grid	-440	60	15241.813	15242.466	0.653	241.81	-
ONAPING_VALLEY_PUMP	grid	-440	80	15242.819	15243.091	0.271	242.82	-
ONAPING_VALLEY_PUMP	grid	-440	100	15244.399	15244.311	-0.087	244.40	-
ONAPING_VALLEY_PUMP	grid	-440	120	15246.420	15246.277	-0.143	246.42	-
ONAPING_VALLEY_PUMP	grid	-440	140	15248.740	15248.536	-0.204	248.74	-
ONAPING_VALLEY_PUMP	grid	-440	160	15251.141	15250.859	-0.282	251.14	-
ONAPING_VALLEY_PUMP	grid	-440	180	15253.456	15252.646	-0.810	253.46	-
ONAPING_VALLEY_PUMP	grid	-440	200	15255.435	15254.411	-1.024	255.43	-
ONAPING_VALLEY_PUMP	grid	-440	220	15256.918	15256.181	-0.736	256.92	-
ONAPING_VALLEY_PUMP	grid	-440	240	15257.833	15257.076	-0.757	257.83	-
ONAPING_VALLEY_PUMP	grid	-440	260	15257.948	15256.684	-1.264	257.95	-
ONAPING_VALLEY_PUMP	grid	-440	280	15257.391	15256.319	-1.072	257.39	-
ONAPING_VALLEY_PUMP	grid	-440	300	15256.150	15255.933	-0.218	256.15	-
ONAPING_VALLEY_PUMP	grid	-440	320	15254.287	15253.826	-0.461	254.29	-
ONAPING_VALLEY_PUMP	grid	-440	340	15252.013	15251.467	-0.546	252.01	-
ONAPING_VALLEY_PUMP	grid	-440	360	15249.436	15249.135	-0.301	249.44	-
ONAPING_VALLEY_PUMP	grid	-440	380	15246.777	15246.694	-0.083	246.78	-
ONAPING_VALLEY_PUMP	grid	-440	400	15244.196	15244.062	-0.134	244.20	-
ONAPING_VALLEY_PUMP	grid	-440	420	15241.811	15241.977	0.166	241.81	-
ONAPING_VALLEY_PUMP	grid	-440	440	15239.720	15239.921	0.200	239.72	-
ONAPING_VALLEY_PUMP	grid	-440	460	15237.936	15238.113	0.177	237.94	-
ONAPING_VALLEY_PUMP	grid	-440	480	15236.420	15236.390	-0.030	236.42	-
ONAPING_VALLEY_PUMP	grid	-440	500	15235.095	15234.997	-0.098	235.10	-
ONAPING_VALLEY_PUMP	grid	-420	-500	15265.409	15265.586	0.177	265.41	-
ONAPING_VALLEY_PUMP	grid	-420	-480	15264.184	15264.325	0.141	264.18	-
ONAPING_VALLEY_PUMP	grid	-420	-460	15263.152	15263.091	-0.061	263.15	-
ONAPING_VALLEY_PUMP	grid	-420	-440	15262.375	15262.611	0.236	262.37	-
ONAPING_VALLEY_PUMP	grid	-420	-420	15261.908	15262.156	0.247	261.91	-
ONAPING_VALLEY_PUMP	grid	-420	-400	15261.734	15261.728	-0.007	261.73	-
ONAPING_VALLEY_PUMP	grid	-420	-380	15261.846	15261.630	-0.215	261.85	-
ONAPING_VALLEY_PUMP	grid	-420	-360	15262.162	15262.127	-0.035	262.16	-
ONAPING_VALLEY_PUMP	grid	-420	-340	15262.580	15262.322	-0.258	262.58	-
ONAPING_VALLEY_PUMP	grid	-420	-320	15262.950	15262.454	-0.497	262.95	-
ONAPING_VALLEY_PUMP	grid	-420	-300	15263.174	15262.449	-0.725	263.17	-
ONAPING_VALLEY_PUMP	grid	-420	-280	15263.136	15262.441	-0.695	263.14	-
ONAPING_VALLEY_PUMP	grid	-420	-260	15262.726	15262.252	-0.474	262.73	-
ONAPING_VALLEY_PUMP	grid	-420	-240	15261.942	15261.317	-0.625	261.94	-
ONAPING_VALLEY_PUMP	grid	-420	-220	15260.724	15259.862	-0.863	260.72	-
ONAPING_VALLEY_PUMP	grid	-420	-200	15259.115	15258.434	-0.681	259.11	-
ONAPING_VALLEY_PUMP	grid	-420	-180	15257.178	15257.033	-0.145	257.18	-
ONAPING_VALLEY_PUMP	grid	-420	-160	15254.967	15254.721	-0.246	254.97	-
ONAPING_VALLEY_PUMP	grid	-420	-140	15252.615	15252.241	-0.374	252.61	-
ONAPING_VALLEY_PUMP	grid	-420	-120	15250.196	15249.788	-0.408	250.20	-
ONAPING_VALLEY_PUMP	grid	-420	-100	15247.788	15247.500	-0.288	247.79	-
ONAPING_VALLEY_PUMP	grid	-420	-80	15245.465	15245.442	-0.023	245.46	-
ONAPING_VALLEY_PUMP	grid	-420	-60	15243.278	15243.182	-0.096	243.28	-
ONAPING_VALLEY_PUMP	grid	-420	-40	15241.281	15240.950	-0.331	241.28	-
ONAPING_VALLEY_PUMP	grid	-420	-20	15239.545	15239.600	0.055	239.54	-
ONAPING_VALLEY_PUMP	grid	-420	0	15238.182	15238.480	0.298	238.18	-
ONAPING_VALLEY_PUMP	grid	-420	20	15237.252	15237.443	0.191	237.25	-
ONAPING_VALLEY_PUMP	grid	-420	40	15236.857	15236.964	0.107	236.86	-
ONAPING_VALLEY_PUMP	grid	-420	60	15237.088	15237.762	0.673	237.09	-
ONAPING_VALLEY_PUMP	grid	-420	80	15237.937	15238.587	0.649	237.94	-
ONAPING_VALLEY_PUMP	grid	-420	100	15239.418	15239.500	0.082	239.42	-
ONAPING_VALLEY_PUMP	grid	-420	120	15241.418	15241.672	0.254	241.42	-
ONAPING_VALLEY_PUMP	grid	-420	140	15243.803	15244.086	0.283	243.80	-
ONAPING_VALLEY_PUMP	grid	-420	160	15246.374	15246.408	0.034	246.37	-
ONAPING_VALLEY_PUMP	grid	-420	180	15248.944	15248.606	-0.338	248.94	-
ONAPING_VALLEY_PUMP	grid	-420	200	15251.280	15250.326	-0.954	251.28	-
ONAPING_VALLEY_PUMP	grid	-420	220	15253.169	15252.045	-1.124	253.17	-
ONAPING_VALLEY_PUMP	grid	-420	240	15254.525	15253.791	-0.734	254.53	-
ONAPING_VALLEY_PUMP	grid	-420	260	15255.116	15254.006	-1.111	255.12	-
ONAPING_VALLEY_PUMP	grid	-420	280	15254.994	15253.635	-1.358	254.99	-
ONAPING_VALLEY_PUMP	grid	-420	300	15254.184	15253.073	-1.111	254.18	-
ONAPING_VALLEY_PUMP	grid	-420	320	15252.699	15252.218	-0.481	252.70	-
ONAPING_VALLEY_PUMP	grid	-420	340	15250.780	15250.029	-0.751	250.78	-
ONAPING_VALLEY_PUMP	grid	-420	360	15248.533	15247.868	-0.665	248.53	-
ONAPING_VALLEY_PUMP	grid	-420	380	15246.157	15245.890	-0.267	246.16	-
ONAPING_VALLEY_PUMP	grid	-420	400	15243.858	15244.061	0.204	243.86	-
ONAPING_VALLEY_PUMP	grid	-420	420	15241.720	15242.212	0.492	241.72	-
ONAPING_VALLEY_PUMP	grid	-420	440	15239.880	15240.352	0.472	239.88	-
ONAPING_VALLEY_PUMP	grid	-420	460	15238.355	15238.356	0.001	238.36	-
ONAPING_VALLEY_PUMP	grid	-420	480	15237.104	15237.141	0.037	237.10	-
ONAPING_VALLEY_PUMP	grid	-420	500	15236.044	15236.080	0.036	236.04	-
ONAPING_VALLEY_PUMP	grid	-400	-500	15263.975	15264.017	0.042	263.97	-
ONAPING_VALLEY_PUMP	grid	-400	-480	15262.581	15262.799	0.217	262.58	-
ONAPING_VALLEY_PUMP	grid	-400	-460	15261.347	15261.475	0.128	261.35	-
ONAPING_VALLEY_PUMP	grid	-400	-440	15260.327	15260.249	-0.078	260.33	-
ONAPING_VALLEY_PUMP	grid	-400	-420	15259.597	15259.852	0.255	259.60	-
ONAPING_VALLEY_PUMP	grid	-400	-400	15259.144	15259.482	0.338	259.14	-
ONAPING_VALLEY_PUMP	grid	-400	-380	15258.974	15259.108	0.134	258.97	-
ONAPING_VALLEY_PUMP	grid	-400	-360	15259.044	15258.968	-0.076	259.04	-
ONAPING_VALLEY_PUMP	grid	-400	-340	15259.249	15259.115	-0.134	259.25	-
ONAPING_VALLEY_PUMP	grid	-400	-320	15259.491	15259.247	-0.244	259.49	-
ONAPING_VALLEY_PUMP	grid	-400	-300	15259.633	15259.372	-0.261	259.63	-
ONAPING_VALLEY_PUMP	grid	-400	-280	15259.562	15258.953	-0.609	259.56	-
ONAPING_VALLEY_PUMP	grid	-400	-260	15259.138	15258.274	-0.864	259.14	-
ONAPING_VALLEY_PUMP	grid	-400	-240	15258.339	15257.623	-0.716	258.34	-
ONAPING_VALLEY_PUMP	grid	-400	-220	15257.124	15256.440	-0.684	257.12	-
ONAPING_VALLEY_PUMP	grid	-400	-200	15255.503	15254.954	-0.548	255.50	-
ONAPING_VALLEY_PUMP	grid	-400	-180	15253.560	15252.898	-0.661	253.56	-
ONAPING_VALLEY_PUMP	grid	-400	-160	15251.326	15250.816	-0.510	251.33	-
ONAPING_VALLEY_PUMP	grid	-400	-140	15248.919	15248.483	-0.436	248.92	-
ONAPING_VALLEY_PUMP	grid	-400	-120	15246.425	15246.178	-0.247	246.43	-
ONAPING_VALLEY_PUMP	grid	-400	-100	15243.911	15243.740	-0.171	243.91	-
ONAPING_VALLEY_PUMP	grid	-400	-80	15241.475	15241.458	-0.017	241.47	-
ONAPING_VALLEY_PUMP	grid	-400	-60	15239.172	15239.337	0.165	239.17	-
ONAPING_VALLEY_PUMP	grid	-400	-40	15237.062	15237.244	0.182	237.06	-
ONAPING_VALLEY_PUMP	grid	-400	-20	15235.202	15235.261	0.058	235.20	-
ONAPING_VALLEY_PUMP	grid	-400	0	15233.689	15234.216	0.527	233.69	-
ONAPING_VALLEY_PUMP	grid	-400	20	15232.596	15233.200	0.603	232.60	-
ONAPING_VALLEY_PUMP	grid	-400	40	15232.016	15232.210	0.194	232.02	-
ONAPING_VALLEY_PUMP	grid	-400	60	15232.064	15232.337	0.273	232.06	-
ONAPING_VALLEY_PUMP	grid	-400	80	15232.739	15233.324	0.584	232.74	-
ONAPING_VALLEY_PUMP	grid	-400	100	15234.073	15234.508	0.435	234.07	-
ONAPING_VALLEY_PUMP	grid	-400	120	15235.985	15235.841	-0.144	235.98	-
ONAPING_VALLEY_PUMP	grid	-400	140	15238.343	15238.326	-0.017	238.34	-
ONAPING_VALLEY_PUMP	grid	-400	160	15240.990	15240.838	-0.151	240.99	-
ONAPING_VALLEY_PUMP	grid	-400	180	15243.715	15243.406	-0.309	243.71	-
ONAPING_VALLEY_PUMP	grid	-400	200	15246.294	15245.576	-0.718	246.29	-
ONAPING_VALLEY_PUMP	grid	-400	220	15248.495	15247.458	-1.037	248.49	-
ONAPING_VALLEY_PUMP	grid	-400	240	15250.219	15249.367	-0.852	250.22	-
ONAPING_VALLEY_PUMP	grid	-400	260	15251.250	15251.091	-0.159	251.25	-
ONAPING_VALLEY_PUMP	grid	-400	280	15251.584	15250.689	-0.894	251.58	-
ONAPING_VALLEY_PUMP	grid	-400	300	15251.262	15250.127	-1.134	251.26	-
ONAPING_VALLEY_PUMP	grid	-400	320	15250.225	15249.592	-0.633	250.22	-
ONAPING_VALLEY_PUMP	grid	-400	340	15248.740	15248.218	-0.522	248.74	-
ONAPING_VALLEY_PUMP	grid	-400	360	15246.903	15246.331	-0.572	246.90	-
ONAPING_VALLEY_PUMP	grid	-400	380	15244.903	15244.568	-0.335	244.90	-
ONAPING_VALLEY_PUMP	grid	-400	400	15242.962	15242.832	-0.130	242.96	-
ONAPING_VALLEY_PUMP	grid	-400	420	15241.165	15240.986	-0.180	241.17	-
ONAPING_VALLEY_PUMP	grid	-400	440	15239.649	15239.268	-0.381	239.65	-
ONAPING_VALLEY_PUMP	grid	-400	460	15238.438	15238.338	-0.100	238.44	-
ONAPING_VALLEY_PUMP	grid	-400	480	15237.476	15237.427	-0.050	237.48	-
ONAPING_VALLEY_PUMP	grid	-400	500	15236.713	15236.532	-0.182	236.71	-
ONAPING_VALLEY_PUMP	grid	-380	-500	15262.487	15262.475	-0.012	262.49	-
ONAPING_VALLEY_PUMP	grid	-380	-480	15260.939	15261.056	0.117	260.94	-
ONAPING_VALLEY_PUMP	grid	-380	-460	15259.505	15259.621	0.116	259.51	-
ONAPING_VALLEY_PUMP	grid	-380	-440	15258.216	15258.214	-0.003	258.22	-
ONAPING_VALLEY_PUMP	grid	-380	-420	15257.186	15257.343	0.157	257.19	-
ONAPING_VALLEY_PUMP	grid	-380	-400	15256.402	15256.823	0.421	256.40	-
ONAPING_VALLEY_PUMP	grid	-380	-380	15255.899	15256.064	0.164	255.90	-
ONAPING_VALLEY_PUMP	grid	-380	-360	15255.664	15255.345	-0.318	255.66	-
ONAPING_VALLEY_PUMP	grid	-380	-340	15255.594	15255.508	-0.086	255.59	-
ONAPING_VALLEY_PUMP	grid	-380	-320	15255.604	15255.698	0.095	255.60	-
ONAPING_VALLEY_PUMP	grid	-380	-300	15255.560	15255.332	-0.228	255.56	-
ONAPING_VALLEY_PUMP	grid	-380	-280	15255.359	15254.792	-0.567	255.36	-
ONAPING_VALLEY_PUMP	grid	-380	-260	15254.872	15254.163	-0.709	254.87	-
ONAPING_VALLEY_PUMP	grid	-380	-240	15254.048	15253.561	-0.487	254.05	-
ONAPING_VALLEY_PUMP	grid	-380	-220	15252.841	15252.718	-0.123	252.84	-
ONAPING_VALLEY_PUMP	grid	-380	-200	15251.233	15250.694	-0.538	251.23	-
ONAPING_VALLEY_PUMP	grid	-380	-180	15249.282	15248.658	-0.624	249.28	-
ONAPING_VALLEY_PUMP	grid	-380	-160	15247.043	15246.631	-0.412	247.04	-
ONAPING_VALLEY_PUMP	grid	-380	-140	15244.610	15244.467	-0.143	244.61	-
ONAPING_VALLEY_PUMP	grid	-380	-120	15242.085	15241.918	-0.167	242.09	-
ONAPING_VALLEY_PUMP	grid	-380	-100	15239.536	15239.361	-0.175	239.54	-
ONAPING_VALLEY_PUMP	grid	-380	-80	15237.047	15236.831	-0.217	237.05	-
ONAPING_VALLEY_PUMP	grid	-380	-60	15234.683	15234.704	0.021	234.68	-
ONAPING_VALLEY_PUMP	grid	-380	-40	15232.501	15232.638	0.137	232.50	-
ONAPING_VALLEY_PUMP	grid	-380	-20	15230.551	15230.648	0.097	230.55	-
ONAPING_VALLEY_PUMP	grid	-380	0	15228.930	15229.179	0.249	228.93	-
ONAPING_VALLEY_PUMP	grid	-380	20	15227.712	15228.301	0.589	227.71	-
ONAPING_VALLEY_PUMP	grid	-380	40	15226.975	15227.450	0.475	226.98	-
ONAPING_VALLEY_PUMP	grid	-380	60	15226.852	15226.903	0.051	226.85	-
ONAPING_VALLEY_PUMP	grid	-380	80	15227.347	15228.103	0.756	227.35	-
ONAPING_VALLEY_PUMP	grid	-380	100	15228.492	15229.421	0.929	228.49	-
ONAPING_VALLEY_PUMP	grid	-380	120	15230.253	15230.755	0.502	230.25	-
ONAPING_VALLEY_PUMP	grid	-380	140	15232.493	15232.531	0.038	232.49	-
ONAPING_VALLEY_PUMP	grid	-380	160	15235.092	15235.070	-0.022	235.09	-
ONAPING_VALLEY_PUMP	grid	-380	180	15237.844	15237.638	-0.206	237.84	-
ONAPING_VALLEY_PUMP	grid	-380	200	15240.546	15240.233	-0.313	240.55	-
ONAPING_VALLEY_PUMP	grid	-380	220	15242.969	15242.187	-0.782	242.97	-
ONAPING_VALLEY_PUMP	grid	-380	240	15244.986	15243.866	-1.120	244.99	-
ONAPING_VALLEY_PUMP	grid	-380	260	15246.407	15245.451	-0.957	246.41	-
ONAPING_VALLEY_PUMP	grid	-380	280	15247.149	15246.317	-0.832	247.15	-
ONAPING_VALLEY_PUMP	grid	-380	300	15247.278	15245.959	-1.320	247.28	-
ONAPING_VALLEY_PUMP	grid	-380	320	15246.714	15245.626	-1.088	246.71	-
ONAPING_VALLEY_PUMP	grid	-380	340	15245.704	15245.318	-0.386	245.70	-
ONAPING_VALLEY_PUMP	grid	-380	360	15244.357	15244.035	-0.322	244.36	-
ONAPING_VALLEY_PUMP	grid	-380	380	15242.813	15242.591	-0.222	242.81	-
ONAPING_VALLEY_PUMP	grid	-380	400	15241.314	15241.174	-0.140	241.31	-
ONAPING_VALLEY_PUMP	grid	-380	420	15239.928	15240.122	0.194	239.93	-
ONAPING_VALLEY_PUMP	grid	-380	440	15238.798	15239.212	0.414	238.80	-
ONAPING_VALLEY_PUMP	grid	-380	460	15237.958	15238.282	0.324	237.96	-
ONAPING_VALLEY_PUMP	grid	-380	480	15237.336	15237.379	0.042	237.34	-
ONAPING_VALLEY_PUMP	grid	-380	500	15236.896	15236.488	-0.408	236.90	-
ONAPING_VALLEY_PUMP	grid	-360	-500	15261.025	15261.032	0.007	261.02	-
ONAPING_VALLEY_PUMP	grid	-360	-480	15259.337	15259.381	0.044	259.34	-
ONAPING_VALLEY_PUMP	grid	-360	-460	15257.709	15257.921	0.213	257.71	-
ONAPING_VALLEY_PUMP	grid	-360	-440	15256.173	15256.489	0.316	256.17	-
ONAPING_VALLEY_PUMP	grid	-360	-420	15254.832	15254.849	0.018	254.83	-
ONAPING_VALLEY_PUMP	grid	-360	-400	15253.704	15253.888	0.184	253.70	-
ONAPING_VALLEY_PUMP	grid	-360	-380	15252.806	15253.088	0.282	252.81	-
ONAPING_VALLEY_PUMP	grid	-360	-360	15252.195	15252.315	0.120	252.19	-
ONAPING_VALLEY_PUMP	grid	-360	-340	15251.764	15251.801	0.037	251.76	-
ONAPING_VALLEY_PUMP	grid	-360	-320	15251.459	15251.328	-0.132	251.46	-
ONAPING_VALLEY_PUMP	grid	-360	-300	15251.175	15250.882	-0.292	251.17	-
ONAPING_VALLEY_PUMP	grid	-360	-280	15250.783	15250.463	-0.320	250.78	-
ONAPING_VALLEY_PUMP	grid	-360	-260	15250.181	15249.871	-0.310	250.18	-
ONAPING_VALLEY_PUMP	grid	-360	-240	15249.277	15248.802	-0.475	249.28	-
ONAPING_VALLEY_PUMP	grid	-360	-220	15248.037	15247.537	-0.500	248.04	-
ONAPING_VALLEY_PUMP	grid	-360	-200	15246.426	15246.035	-0.391	246.43	-
ONAPING_VALLEY_PUMP	grid	-360	-180	15244.504	15244.040	-0.464	244.50	-
ONAPING_VALLEY_PUMP	grid	-360	-160	15242.303	15242.027	-0.276	242.30	-
ONAPING_VALLEY_PUMP	grid	-360	-140	15239.900	15239.815	-0.085	239.90	-
ONAPING_VALLEY_PUMP	grid	-360	-120	15237.398	15237.348	-0.051	237.40	-
ONAPING_VALLEY_PUMP	grid	-360	-100	15234.855	15234.849	-0.007	234.86	-
ONAPING_VALLEY_PUMP	grid	-360	-80	15232.363	15232.378	0.014	232.36	-
ONAPING_VALLEY_PUMP	grid	-360	-60	15229.979	15230.126	0.147	229.98	-
ONAPING_VALLEY_PUMP	grid	-360	-40	15227.769	15228.133	0.364	227.77	-
ONAPING_VALLEY_PUMP	grid	-360	-20	15225.775	15226.144	0.369	225.77	-
ONAPING_VALLEY_PUMP	grid	-360	0	15224.080	15224.183	0.103	224.08	-
ONAPING_VALLEY_PUMP	grid	-360	20	15222.764	15223.126	0.362	222.76	-
ONAPING_VALLEY_PUMP	grid	-360	40	15221.896	15222.623	0.726	221.90	-
ONAPING_VALLEY_PUMP	grid	-360	60	15221.609	15222.147	0.538	221.61	-
ONAPING_VALLEY_PUMP	grid	-360	80	15221.913	15222.179	0.267	221.91	-
ONAPING_VALLEY_PUMP	grid	-360	100	15222.837	15223.496	0.660	222.84	-
ONAPING_VALLEY_PUMP	grid	-360	120	15224.391	15224.949	0.557	224.39	-
ONAPING_VALLEY_PUMP	grid	-360	140	15226.438	15226.520	0.082	226.44	-
ONAPING_VALLEY_PUMP	grid	-360	160	15228.891	15228.891	-0.000	228.89	-
ONAPING_VALLEY_PUMP	grid	-360	180	15231.561	15231.541	-0.019	231.56	-
ONAPING_VALLEY_PUMP	grid	-360	200	15234.252	15234.220	-0.033	234.25	-
ONAPING_VALLEY_PUMP	grid	-360	220	15236.760	15236.419	-0.341	236.76	-
ONAPING_VALLEY_PUMP	grid	-360	240	15238.940	15238.060	-0.880	238.94	-
ONAPING_VALLEY_PUMP	grid	-360	260	15240.630	15239.729	-0.901	240.63	-
ONAPING_VALLEY_PUMP	grid	-360	280	15241.725	15241.359	-0.366	241.72	-
ONAPING_VALLEY_PUMP	grid	-360	300	15242.268	15241.599	-0.668	242.27	-
ONAPING_VALLEY_PUMP	grid	-360	320	15242.186	15241.264	-0.922	242.19	-
ONAPING_VALLEY_PUMP	grid	-360	340	15241.664	15240.956	-0.708	241.66	-
ONAPING_VALLEY_PUMP	grid	-360	360	15240.833	15240.477	-0.356	240.83	-
ONAPING_VALLEY_PUMP	grid	-360	380	15239.780	15239.033	-0.747	239.78	-
ONAPING_VALLEY_PUMP	grid	-360	400	15238.766	15238.232	-0.533	238.77	-
ONAPING_VALLEY_PUMP	grid	-360	420	15237.852	15237.648	-0.204	237.85	-
ONAPING_VALLEY_PUMP	grid	-360	440	15237.160	15237.052	-0.108	237.16	-
ONAPING_VALLEY_PUMP	grid	-360	460	15236.744	15236.460	-0.284	236.74	-
ONAPING_VALLEY_PUMP	grid	-360	480	15236.504	15236.008	-0.496	236.50	-
ONAPING_VALLEY_PUMP	grid	-360	500	15236.428	15236.238	-0.191	236.43	-
ONAPING_VALLEY_PUMP	grid	-340	-500	15259.687	15259.597	-0.090	259.69	-
ONAPING_VALLEY_PUMP	grid	-340	-480	15257.883	15257.856	-0.027	257.88	-
ONAPING_VALLEY_PUMP	grid	-340	-460	15256.088	15256.317	0.230	256.09	-
ONAPING_VALLEY_PUMP	grid	-340	-440	15254.317	15254.547	0.230	254.32	-
ONAPING_VALLEY_PUMP	grid	-340	-420	15252.667	15252.780	0.113	252.67	-
ONAPING_VALLEY_PUMP	grid	-340	-400	15251.180	15251.212	0.031	251.18	-
ONAPING_VALLEY_PUMP	grid	-340	-380	15249.875	15250.412	0.537	249.87	-
ONAPING_VALLEY_PUMP	grid	-340	-360	15248.854	15249.376	0.523	248.85	-
ONAPING_VALLEY_PUMP	grid	-340	-340	15248.018	15248.060	0.042	248.02	-
ONAPING_VALLEY_PUMP	grid	-340	-320	15247.330	15247.283	-0.047	247.33	-
ONAPING_VALLEY_PUMP	grid	-340	-300	15246.723	15246.771	0.048	246.72	-
ONAPING_VALLEY_PUMP	grid	-340	-280	15246.066	15246.286	0.219	246.07	-
ONAPING_VALLEY_PUMP	grid	-340	-260	15245.278	15245.138	-0.140	245.28	-
ONAPING_VALLEY_PUMP	grid	-340	-240	15244.267	15243.770	-0.497	244.27	-
ONAPING_VALLEY_PUMP	grid	-340	-220	15242.979	15242.430	-0.549	242.98	-
ONAPING_VALLEY_PUMP	grid	-340	-200	15241.374	15241.146	-0.229	241.37	-
ONAPING_VALLEY_PUMP	grid	-340	-180	15239.484	15239.284	-0.200	239.48	-
ONAPING_VALLEY_PUMP	grid	-340	-160	15237.348	15237.045	-0.302	237.35	-
ONAPING_VALLEY_PUMP	grid	-340	-140	15235.016	15234.834	-0.182	235.02	-
ONAPING_VALLEY_PUMP	grid	-340	-120	15232.578	15232.597	0.019	232.58	-
ONAPING_VALLEY_PUMP	grid	-340	-100	15230.101	15230.099	-0.001	230.10	-
ONAPING_VALLEY_PUMP	grid	-340	-80	15227.656	15227.796	0.140	227.66	-
ONAPING_VALLEY_PUMP	grid	-340	-60	15225.295	15225.530	0.235	225.29	-
ONAPING_VALLEY_PUMP	grid	-340	-40	15223.095	15223.453	0.358	223.10	-
ONAPING_VALLEY_PUMP	grid	-340	-20	15221.093	15221.493	0.400	221.09	-
ONAPING_VALLEY_PUMP	grid	-340	0	15219.354	15219.711	0.357	219.35	-
ONAPING_VALLEY_PUMP	grid	-340	20	15217.970	15218.303	0.333	217.97	-
ONAPING_VALLEY_PUMP	grid	-340	40	15216.984	15217.823	0.839	216.98	-
ONAPING_VALLEY_PUMP	grid	-340	60	15216.531	15217.370	0.839	216.53	-
ONAPING_VALLEY_PUMP	grid	-340	80	15216.631	15216.944	0.313	216.63	-
ONAPING_VALLEY_PUMP	grid	-340	100	15217.307	15217.778	0.471	217.31	-
ONAPING_VALLEY_PUMP	grid	-340	120	15218.609	15219.316	0.707	218.61	-
ONAPING_VALLEY_PUMP	grid	-340	140	15220.398	15220.886	0.488	220.40	-
ONAPING_VALLEY_PUMP	grid	-340	160	15222.601	15222.567	-0.034	222.60	-
ONAPING_VALLEY_PUMP	grid	-340	180	15225.072	15225.118	0.046	225.07	-
ONAPING_VALLEY_PUMP	grid	-340	200	15227.626	15227.447	-0.179	227.63	-
ONAPING_VALLEY_PUMP	grid	-340	220	15230.100	15229.803	-0.296	230.10	-
ONAPING_VALLEY_PUMP	grid	-340	240	15232.333	15231.774	-0.559	232.33	-
ONAPING_VALLEY_PUMP	grid	-340	260	15234.184	15233.441	-0.743	234.18	-
ONAPING_VALLEY_PUMP	grid	-340	280	15235.530	15234.847	-0.683	235.53	-
ONAPING_VALLEY_PUMP	grid	-340	300	15236.391	15236.114	-0.277	236.39	-
ONAPING_VALLEY_PUMP	grid	-340	320	15236.724	15235.990	-0.734	236.72	-
ONAPING_VALLEY_PUMP	grid	-340	340	15236.656	15235.893	-0.763	236.66	-
ONAPING_VALLEY_PUMP	grid	-340	360	15236.324	15235.853	-0.471	236.32	-
ONAPING_VALLEY_PUMP	grid	-340	380	15235.785	15235.866	0.082	235.78	-
ONAPING_VALLEY_PUMP	grid	-340	400	15235.279	15235.609	0.330	235.28	-
ONAPING_VALLEY_PUMP	grid	-340	420	15234.874	15235.182	0.308	234.87	-
ONAPING_VALLEY_PUMP	grid	-340	440	15234.653	15234.625	-0.028	234.65	-
ONAPING_VALLEY_PUMP	grid	-340	460	15234.688	15234.417	-0.270	234.69	-
ONAPING_VALLEY_PUMP	grid	-340	480	15234.867	15234.676	-0.191	234.87	-
ONAPING_VALLEY_PUMP	grid	-340	500	15235.182	15234.961	-0.221	235.18	-
ONAPING_VALLEY_PUMP	grid	-320	-500	15258.571	15258.634	0.063	258.57	-
ONAPING_VALLEY_PUMP	grid	-320	-480	15256.675	15256.778	0.103	256.68	-
ONAPING_VALLEY_PUMP	grid	-320	-460	15254.734	15254.791	0.057	254.73	-
ONAPING_VALLEY_PUMP	grid	-320	-440	15252.761	15252.883	0.121	252.76	-
ONAPING_VALLEY_PUMP	grid	-320	-420	15250.825	15251.002	0.177	250.83	-
ONAPING_VALLEY_PUMP	grid	-320	-400	15248.999	15249.148	0.149	249.00	-
ONAPING_VALLEY_PUMP	grid	-320	-380	15247.299	15247.382	0.082	247.30	-
ONAPING_VALLEY_PUMP	grid	-320	-360	15245.840	15245.993	0.153	245.84	-
ONAPING_VALLEY_PUMP	grid	-320	-340	15244.565	15244.676	0.112	244.56	-
ONAPING_VALLEY_PUMP	grid	-320	-320	15243.443	15243.401	-0.042	243.44	-
ONAPING_VALLEY_PUMP	grid	-320	-300	15242.476	15242.714	0.238	242.48	-
ONAPING_VALLEY_PUMP	grid	-320	-280	15241.511	15241.570	0.060	241.51	-
ONAPING_VALLEY_PUMP	grid	-320	-260	15240.482	15240.454	-0.028	240.48	-
ONAPING_VALLEY_PUMP	grid	-320	-240	15239.318	15239.223	-0.095	239.32	-
ONAPING_VALLEY_PUMP	grid	-320	-220	15237.947	15237.883	-0.064	237.95	-
ONAPING_VALLEY_PUMP	grid	-320	-200	15236.339	15236.321	-0.018	236.34	-
ONAPING_VALLEY_PUMP	grid	-320	-180	15234.496	15234.709	0.212	234.50	-
ONAPING_VALLEY_PUMP	grid	-320	-160	15232.440	15232.410	-0.031	232.44	-
ONAPING_VALLEY_PUMP	grid	-320	-140	15230.220	15230.138	-0.081	230.22	-
ONAPING_VALLEY_PUMP	grid	-320	-120	15227.886	15227.956	0.070	227.89	-
ONAPING_VALLEY_PUMP	grid	-320	-100	15225.524	15225.774	0.251	225.52	-
ONAPING_VALLEY_PUMP	grid	-320	-80	15223.181	15223.399	0.218	223.18	-
ONAPING_VALLEY_PUMP	grid	-320	-60	15220.898	15221.052	0.155	220.90	-
ONAPING_VALLEY_PUMP	grid	-320	-40	15218.744	15218.804	0.060	218.74	-
ONAPING_VALLEY_PUMP	grid	-320	-20	15216.755	15217.101	0.346	216.76	-
ONAPING_VALLEY_PUMP	grid	-320	0	15214.985	15215.537	0.552	214.98	-
ONAPING_VALLEY_PUMP	grid	-320	20	15213.536	15214.000	0.463	213.54	-
ONAPING_VALLEY_PUMP	grid	-320	40	15212.443	15212.959	0.516	212.44	-
ONAPING_VALLEY_PUMP	grid	-320	60	15211.831	15212.564	0.734	211.83	-
ONAPING_VALLEY_PUMP	grid	-320	80	15211.728	15212.491	0.763	211.73	-
ONAPING_VALLEY_PUMP	grid	-320	100	15212.135	15212.445	0.310	212.13	-
ONAPING_VALLEY_PUMP	grid	-320	120	15213.148	15213.863	0.716	213.15	-
ONAPING_VALLEY_PUMP	grid	-320	140	15214.617	15215.409	0.792	214.62	-
ONAPING_VALLEY_PUMP	grid	-320	160	15216.495	15216.914	0.419	216.50	-
ONAPING_VALLEY_PUMP	grid	-320	180	15218.682	15218.695	0.013	218.68	-
ONAPING_VALLEY_PUMP	grid	-320	200	15220.987	15220.930	-0.057	220.99	-
ONAPING_VALLEY_PUMP	grid	-320	220	15223.300	15223.193	-0.108	223.30	-
ONAPING_VALLEY_PUMP	grid	-320	240	15225.448	15225.476	0.029	225.45	-
ONAPING_VALLEY_PUMP	grid	-320	260	15227.314	15226.764	-0.550	227.31	-
ONAPING_VALLEY_PUMP	grid	-320	280	15228.794	15228.041	-0.753	228.79	-
ONAPING_VALLEY_PUMP	grid	-320	300	15229.877	15229.344	-0.533	229.88	-
ONAPING_VALLEY_PUMP	grid	-320	320	15230.541	15230.163	-0.378	230.54	-
ONAPING_VALLEY_PUMP	grid	-320	340	15230.859	15230.207	-0.652	230.86	-
ONAPING_VALLEY_PUMP	grid	-320	360	15230.975	15230.482	-0.494	230.98	-
ONAPING_VALLEY_PUMP	grid	-320	380	15230.919	15230.783	-0.136	230.92	-
ONAPING_VALLEY_PUMP	grid	-320	400	15230.904	15230.633	-0.271	230.90	-
ONAPING_VALLEY_PUMP	grid	-320	420	15231.004	15230.402	-0.602	231.00	-
ONAPING_VALLEY_PUMP	grid	-320	440	15231.267	15230.958	-0.309	231.27	-
ONAPING_VALLEY_PUMP	grid	-320	460	15231.761	15231.676	-0.085	231.76	-
ONAPING_VALLEY_PUMP	grid	-320	480	15232.391	15232.247	-0.143	232.39	-
ONAPING_VALLEY_PUMP	grid	-320	500	15233.116	15232.846	-0.271	233.12	-
ONAPING_VALLEY_PUMP	grid	-300	-500	15257.747	15257.696	-0.050	257.75	-
ONAPING_VALLEY_PUMP	grid	-300	-480	15255.783	15255.681	-0.102	255.78	-
ONAPING_VALLEY_PUMP	grid	-300	-460	15253.727	15253.693	-0.035	253.73	-
ONAPING_VALLEY_PUMP	grid	-300	-440	15251.587	15251.751	0.164	251.59	-
ONAPING_VALLEY_PUMP	grid	-300	-420	15249.409	15249.853	0.444	249.41	-
ONAPING_VALLEY_PUMP	grid	-300	-400	15247.276	15247.576	0.300	247.28	-
ONAPING_VALLEY_PUMP	grid	-300	-380	15245.215	15245.327	0.111	245.22	-
ONAPING_VALLEY_PUMP	grid	-300	-360	15243.326	15243.724	0.399	243.33	-
ONAPING_VALLEY_PUMP	grid	-300	-340	15241.615	15242.252	0.637	241.62	-
ONAPING_VALLEY_PUMP	grid	-300	-320	15240.050	15240.518	0.467	240.05	-
ONAPING_VALLEY_PUMP	grid	-300	-300	15238.685	15238.782	0.096	238.69	-
ONAPING_VALLEY_PUMP	grid	-300	-280	15237.375	15237.442	0.067	237.38	-
ONAPING_VALLEY_PUMP	grid	-300	-260	15236.070	15236.130	0.060	236.07	-
ONAPING_VALLEY_PUMP	grid	-300	-240	15234.726	15234.822	0.096	234.73	-
ONAPING_VALLEY_PUMP	grid	-300	-220	15233.244	15233.019	-0.225	233.24	-
ONAPING_VALLEY_PUMP	grid	-300	-200	15231.615	15231.381	-0.234	231.62	-
ONAPING_VALLEY_PUMP	grid	-300	-180	15229.817	15229.770	-0.046	229.82	-
ONAPING_VALLEY_PUMP	grid	-300	-160	15227.868	15227.949	0.081	227.87	-
ONAPING_VALLEY_PUMP	grid	-300	-140	15225.789	15225.814	0.025	225.79	-
ONAPING_VALLEY_PUMP	grid	-300	-120	15223.619	15223.817	0.198	223.62	-
ONAPING_VALLEY_PUMP	grid	-300	-100	15221.398	15221.848	0.450	221.40	-
ONAPING_VALLEY_PUMP	grid	-300	-80	15219.183	15219.552	0.369	219.18	-
ONAPING_VALLEY_PUMP	grid	-300	-60	15217.002	15217.215	0.213	217.00	-
ONAPING_VALLEY_PUMP	grid	-300	-40	15214.912	15215.367	0.455	214.91	-
ONAPING_VALLEY_PUMP	grid	-300	-20	15212.976	15213.582	0.606	212.98	-
ONAPING_VALLEY_PUMP	grid	-300	0	15211.207	15211.906	0.698	211.21	-
ONAPING_VALLEY_PUMP	grid	-300	20	15209.720	15210.256	0.537	209.72	-
ONAPING_VALLEY_PUMP	grid	-300	40	15208.527	15208.832	0.305	208.53	-
ONAPING_VALLEY_PUMP	grid	-300	60	15207.735	15208.396	0.661	207.74	-
ONAPING_VALLEY_PUMP	grid	-300	80	15207.411	15208.191	0.780	207.41	-
ONAPING_VALLEY_PUMP	grid	-300	100	15207.538	15208.073	0.535	207.54	-
ONAPING_VALLEY_PUMP	grid	-300	120	15208.218	15208.459	0.240	208.22	-
ONAPING_VALLEY_PUMP	grid	-300	140	15209.340	15209.899	0.559	209.34	-
ONAPING_VALLEY_PUMP	grid	-300	160	15210.837	15211.356	0.519	210.84	-
ONAPING_VALLEY_PUMP	grid	-300	180	15212.670	15212.840	0.170	212.67	-
ONAPING_VALLEY_PUMP	grid	-300	200	15214.642	15214.885	0.243	214.64	-
ONAPING_VALLEY_PUMP	grid	-300	220	15216.677	15216.955	0.279	216.68	-
ONAPING_VALLEY_PUMP	grid	-300	240	15218.628	15218.666	0.037	218.63	-
ONAPING_VALLEY_PUMP	grid	-300	260	15220.386	15220.291	-0.095	220.39	-
ONAPING_VALLEY_PUMP	grid	-300	280	15221.876	15221.523	-0.353	221.88	-
ONAPING_VALLEY_PUMP	grid	-300	300	15223.056	15222.781	-0.275	223.06	-
ONAPING_VALLEY_PUMP	grid	-300	320	15223.926	15223.863	-0.063	223.93	-
ONAPING_VALLEY_PUMP	grid	-300	340	15224.537	15224.462	-0.075	224.54	-
ONAPING_VALLEY_PUMP	grid	-300	360	15224.998	15224.883	-0.115	225.00	-
ONAPING_VALLEY_PUMP	grid	-300	380	15225.367	15225.330	-0.037	225.37	-
ONAPING_VALLEY_PUMP	grid	-300	400	15225.794	15225.797	0.003	225.79	-
ONAPING_VALLEY_PUMP	grid	-300	420	15226.357	15226.528	0.171	226.36	-
ONAPING_VALLEY_PUMP	grid	-300	440	15227.088	15227.286	0.198	227.09	-
ONAPING_VALLEY_PUMP	grid	-300	460	15228.033	15228.072	0.039	228.03	-
ONAPING_VALLEY_PUMP	grid	-300	480	15229.112	15228.738	-0.374	229.11	-
ONAPING_VALLEY_PUMP	grid	-300	500	15230.258	15229.626	-0.632	230.26	-
ONAPING_VALLEY_PUMP	grid	-280	-500	15257.253	15257.331	0.078	257.25	-
ONAPING_VALLEY_PUMP	grid	-280	-480	15255.257	15255.190	-0.067	255.26	-
ONAPING_VALLEY_PUMP	grid	-280	-460	15253.120	15253.076	-0.043	253.12	-
ONAPING_VALLEY_PUMP	grid	-280	-440	15250.847	15250.900	0.053	250.85	-
ONAPING_VALLEY_PUMP	grid	-280	-420	15248.473	15248.470	-0.002	248.47	-
ONAPING_VALLEY_PUMP	grid	-280	-400	15246.080	15246.026	-0.054	246.08	-
ONAPING_VALLEY_PUMP	grid	-280	-380	15243.701	15243.677	-0.024	243.70	-
ONAPING_VALLEY_PUMP	grid	-280	-360	15241.431	15241.594	0.163	241.43	-
ONAPING_VALLEY_PUMP	grid	-280	-340	15239.318	15239.680	0.361	239.32	-
ONAPING_VALLEY_PUMP	grid	-280	-320	15237.339	15237.717	0.378	237.34	-
ONAPING_VALLEY_PUMP	grid	-280	-300	15235.564	15235.782	0.218	235.56	-
ONAPING_VALLEY_PUMP	grid	-280	-280	15233.896	15234.264	0.368	233.90	-
ONAPING_VALLEY_PUMP	grid	-280	-260	15232.286	15232.822	0.535	232.29	-
ONAPING_VALLEY_PUMP	grid	-280	-240	15230.740	15231.176	0.436	230.74	-
ONAPING_VALLEY_PUMP	grid	-280	-220	15229.147	15229.517	0.369	229.15	-
ONAPING_VALLEY_PUMP	grid	-280	-200	15227.488	15227.691	0.203	227.49	-
ONAPING_VALLEY_PUMP	grid	-280	-180	15225.739	15225.893	0.154	225.74	-
ONAPING_VALLEY_PUMP	grid	-280	-160	15223.889	15224.282	0.393	223.89	-
ONAPING_VALLEY_PUMP	grid	-280	-140	15221.953	15222.300	0.347	221.95	-
ONAPING_VALLEY_PUMP	grid	-280	-120	15219.949	15220.132	0.183	219.95	-
ONAPING_VALLEY_PUMP	grid	-280	-100	15217.911	15217.990	0.080	217.91	-
ONAPING_VALLEY_PUMP	grid	-280	-80	15215.878	15215.977	0.099	215.88	-
ONAPING_VALLEY_PUMP	grid	-280	-60	15213.853	15214.012	0.158	213.85	-
ONAPING_VALLEY_PUMP	grid	-280	-40	15211.881	15212.164	0.283	211.88	-
ONAPING_VALLEY_PUMP	grid	-280	-20	15209.997	15210.344	0.347	210.00	-
ONAPING_VALLEY_PUMP	grid	-280	0	15208.226	15208.626	0.400	208.23	-
ONAPING_VALLEY_PUMP	grid	-280	20	15206.683	15207.303	0.620	206.68	-
ONAPING_VALLEY_PUMP	grid	-280	40	15205.385	15206.098	0.713	205.39	-
ONAPING_VALLEY_PUMP	grid	-280	60	15204.427	15205.029	0.602	204.43	-
ONAPING_VALLEY_PUMP	grid	-280	80	15203.895	15204.823	0.929	203.89	-
ONAPING_VALLEY_PUMP	grid	-280	100	15203.747	15204.676	0.929	203.75	-
ONAPING_VALLEY_PUMP	grid	-280	120	15204.076	15204.664	0.587	204.08	-
ONAPING_VALLEY_PUMP	grid	-280	140	15204.816	15205.392	0.577	204.82	-
ONAPING_VALLEY_PUMP	grid	-280	160	15205.890	15206.639	0.750	205.89	-
ONAPING_VALLEY_PUMP	grid	-280	180	15207.312	15207.913	0.602	207.31	-
ONAPING_VALLEY_PUMP	grid	-280	200	15208.882	15208.994	0.112	208.88	-
ONAPING_VALLEY_PUMP	grid	-280	220	15210.560	15210.409	-0.152	210.56	-
ONAPING_VALLEY_PUMP	grid	-280	240	15212.222	15211.888	-0.334	212.22	-
ONAPING_VALLEY_PUMP	grid	-280	260	15213.752	15213.624	-0.128	213.75	-
ONAPING_VALLEY_PUMP	grid	-280	280	15215.126	15215.086	-0.039	215.13	-
ONAPING_VALLEY_PUMP	grid	-280	300	15216.277	15216.065	-0.212	216.28	-
ONAPING_VALLEY_PUMP	grid	-280	320	15217.217	15217.072	-0.145	217.22	-
ONAPING_VALLEY_PUMP	grid	-280	340	15217.994	15218.102	0.108	217.99	-
ONAPING_VALLEY_PUMP	grid	-280	360	15218.688	15218.522	-0.166	218.69	-
ONAPING_VALLEY_PUMP	grid	-280	380	15219.376	15219.216	-0.160	219.38	-
ONAPING_VALLEY_PUMP	grid	-280	400	15220.170	15220.250	0.080	220.17	-
ONAPING_VALLEY_PUMP	grid	-280	420	15221.135	15221.284	0.149	221.14	-
ONAPING_VALLEY_PUMP	grid	-280	440	15222.281	15222.312	0.032	222.28	-
ONAPING_VALLEY_PUMP	grid	-280	460	15223.647	15223.368	-0.279	223.65	-
ONAPING_VALLEY_PUMP	grid	-280	480	15225.152	15225.153	0.001	225.15	-
ONAPING_VALLEY_PUMP	grid	-280	500	15226.713	15226.585	-0.128	226.71	-
ONAPING_VALLEY_PUMP	grid	-260	-500	15257.093	15257.050	-0.043	257.09	-
ONAPING_VALLEY_PUMP	grid	-260	-480	15255.080	15255.122	0.042	255.08	-
ONAPING_VALLEY_PUMP	grid	-260	-460	15252.894	15252.839	-0.055	252.89	-
ONAPING_VALLEY_PUMP	grid	-260	-440	15250.534	15250.480	-0.054	250.53	-
ONAPING_VALLEY_PUMP	grid	-260	-420	15248.025	15248.144	0.120	248.02	-
ONAPING_VALLEY_PUMP	grid	-260	-400	15245.435	15245.700	0.265	245.44	-
ONAPING_VALLEY_PUMP	grid	-260	-380	15242.806	15243.232	0.426	242.81	-
ONAPING_VALLEY_PUMP	grid	-260	-360	15240.215	15240.498	0.284	240.21	-
ONAPING_VALLEY_PUMP	grid	-260	-340	15237.748	15238.054	0.306	237.75	-
ONAPING_VALLEY_PUMP	grid	-260	-320	15235.397	15235.874	0.477	235.40	-
ONAPING_VALLEY_PUMP	grid	-260	-300	15233.243	15233.721	0.478	233.24	-
ONAPING_VALLEY_PUMP	grid	-260	-280	15231.245	15231.435	0.189	231.25	-
ONAPING_VALLEY_PUMP	grid	-260	-260	15229.349	15229.513	0.164	229.35	-
ONAPING_VALLEY_PUMP	grid	-260	-240	15227.591	15227.618	0.028	227.59	-
ONAPING_VALLEY_PUMP	grid	-260	-220	15225.859	15225.942	0.082	225.86	-
ONAPING_VALLEY_PUMP	grid	-260	-200	15224.141	15224.261	0.119	224.14	-
ONAPING_VALLEY_PUMP	grid	-260	-180	15222.425	15222.651	0.226	222.42	-
ONAPING_VALLEY_PUMP	grid	-260	-160	15220.691	15221.069	0.378	220.69	-
ONAPING_VALLEY_PUMP	grid	-260	-140	15218.933	15219.514	0.581	218.93	-
ONAPING_VALLEY_PUMP	grid	-260	-120	15217.133	15217.348	0.215	217.13	-
ONAPING_VALLEY_PUMP	grid	-260	-100	15215.297	15215.565	0.269	215.30	-
ONAPING_VALLEY_PUMP	grid	-260	-80	15213.448	15214.019	0.572	213.45	-
ONAPING_VALLEY_PUMP	grid	-260	-60	15211.576	15212.231	0.655	211.58	-
ONAPING_VALLEY_PUMP	grid	-260	-40	15209.719	15210.182	0.463	209.72	-
ONAPING_VALLEY_PUMP	grid	-260	-20	15207.925	15208.205	0.280	207.93	-
ONAPING_VALLEY_PUMP	grid	-260	0	15206.194	15206.697	0.503	206.19	-
ONAPING_VALLEY_PUMP	grid	-260	20	15204.628	15205.240	0.612	204.63	-
ONAPING_VALLEY_PUMP	grid	-260	40	15203.241	15203.811	0.570	203.24	-
ONAPING_VALLEY_PUMP	grid	-260	60	15202.105	15202.409	0.305	202.10	-
ONAPING_VALLEY_PUMP	grid	-260	80	15201.332	15201.559	0.227	201.33	-
ONAPING_VALLEY_PUMP	grid	-260	100	15200.891	15201.520	0.629	200.89	-
ONAPING_VALLEY_PUMP	grid	-260	120	15200.856	15201.508	0.652	200.86	-
ONAPING_VALLEY_PUMP	grid	-260	140	15201.217	15201.522	0.306	201.22	-
ONAPING_VALLEY_PUMP	grid	-260	160	15201.862	15202.674	0.812	201.86	-
ONAPING_VALLEY_PUMP	grid	-260	180	15202.857	15203.572	0.715	202.86	-
ONAPING_VALLEY_PUMP	grid	-260	200	15203.998	15204.483	0.485	204.00	-
ONAPING_VALLEY_PUMP	grid	-260	220	15205.245	15205.609	0.364	205.25	-
ONAPING_VALLEY_PUMP	grid	-260	240	15206.542	15207.050	0.508	206.54	-
ONAPING_VALLEY_PUMP	grid	-260	260	15207.753	15208.289	0.537	207.75	-
ONAPING_VALLEY_PUMP	grid	-260	280	15208.889	15209.176	0.287	208.89	-
ONAPING_VALLEY_PUMP	grid	-260	300	15209.891	15210.000	0.109	209.89	-
ONAPING_VALLEY_PUMP	grid	-260	320	15210.767	15210.836	0.069	210.77	-
ONAPING_VALLEY_PUMP	grid	-260	340	15211.586	15211.700	0.114	211.59	-
ONAPING_VALLEY_PUMP	grid	-260	360	15212.389	15212.575	0.186	212.39	-
ONAPING_VALLEY_PUMP	grid	-260	380	15213.269	15213.625	0.356	213.27	-
ONAPING_VALLEY_PUMP	grid	-260	400	15214.309	15214.662	0.353	214.31	-
ONAPING_VALLEY_PUMP	grid	-260	420	15215.569	15215.723	0.154	215.57	-
ONAPING_VALLEY_PUMP	grid	-260	440	15217.055	15216.886	-0.170	217.06	-
ONAPING_VALLEY_PUMP	grid	-260	460	15218.784	15218.807	0.023	218.78	-
ONAPING_VALLEY_PUMP	grid	-260	480	15220.678	15220.755	0.077	220.68	-
ONAPING_VALLEY_PUMP	grid	-260	500	15222.640	15222.582	-0.058	222.64	-
ONAPING_VALLEY_PUMP	grid	-240	-500	15257.224	15257.140	-0.084	257.22	-
ONAPING_VALLEY_PUMP	grid	-240	-480	15255.220	15255.236	0.016	255.22	-
ONAPING_VALLEY_PUMP	grid	-240	-460	15253.018	15252.807	-0.212	253.02	-
ONAPING_VALLEY_PUMP	grid	-240	-440	15250.611	15250.324	-0.287	250.61	-
ONAPING_VALLEY_PUMP	grid	-240	-420	15248.015	15247.869	-0.147	248.02	-
ONAPING_VALLEY_PUMP	grid	-240	-400	15245.288	15245.249	-0.040	245.29	-
ONAPING_VALLEY_PUMP	grid	-240	-380	15242.480	15242.487	0.007	242.48	-
ONAPING_VALLEY_PUMP	grid	-240	-360	15239.652	15239.754	0.102	239.65	-
ONAPING_VALLEY_PUMP	grid	-240	-340	15236.915	15237.048	0.133	236.92	-
ONAPING_VALLEY_PUMP	grid	-240	-320	15234.271	15234.799	0.528	234.27	-
ONAPING_VALLEY_PUMP	grid	-240	-300	15231.790	15232.401	0.611	231.79	-
ONAPING_VALLEY_PUMP	grid	-240	-280	15229.491	15230.020	0.529	229.49	-
ONAPING_VALLEY_PUMP	grid	-240	-260	15227.331	15227.819	0.488	227.33	-
ONAPING_VALLEY_PUMP	grid	-240	-240	15225.363	15225.925	0.562	225.36	-
ONAPING_VALLEY_PUMP	grid	-240	-220	15223.513	15224.102	0.590	223.51	-
ONAPING_VALLEY_PUMP	grid	-240	-200	15221.755	15222.360	0.605	221.76	-
ONAPING_VALLEY_PUMP	grid	-240	-180	15220.086	15220.544	0.458	220.09	-
ONAPING_VALLEY_PUMP	grid	-240	-160	15218.445	15218.737	0.292	218.45	-
ONAPING_VALLEY_PUMP	grid	-240	-140	15216.829	15216.958	0.128	216.83	-
ONAPING_VALLEY_PUMP	grid	-240	-120	15215.215	15215.510	0.296	215.21	-
ONAPING_VALLEY_PUMP	grid	-240	-100	15213.588	15213.719	0.130	213.59	-
ONAPING_VALLEY_PUMP	grid	-240	-80	15211.959	15212.004	0.045	211.96	-
ONAPING_VALLEY_PUMP	grid	-240	-60	15210.293	15210.486	0.192	210.29	-
ONAPING_VALLEY_PUMP	grid	-240	-40	15208.596	15208.736	0.140	208.60	-
ONAPING_VALLEY_PUMP	grid	-240	-20	15206.900	15207.201	0.301	206.90	-
ONAPING_VALLEY_PUMP	grid	-240	0	15205.205	15205.693	0.488	205.21	-
ONAPING_VALLEY_PUMP	grid	-240	20	15203.595	15204.219	0.624	203.60	-
ONAPING_VALLEY_PUMP	grid	-240	40	15202.113	15202.790	0.677	202.11	-
ONAPING_VALLEY_PUMP	grid	-240	60	15200.819	15201.595	0.776	200.82	-
ONAPING_VALLEY_PUMP	grid	-240	80	15199.841	15200.462	0.621	199.84	-
ONAPING_VALLEY_PUMP	grid	-240	100	15199.124	15199.984	0.859	199.12	-
ONAPING_VALLEY_PUMP	grid	-240	120	15198.750	15199.716	0.966	198.75	-
ONAPING_VALLEY_PUMP	grid	-240	140	15198.721	15199.446	0.725	198.72	-
ONAPING_VALLEY_PUMP	grid	-240	160	15198.942	15199.339	0.397	198.94	-
ONAPING_VALLEY_PUMP	grid	-240	180	15199.473	15199.878	0.405	199.47	-
ONAPING_VALLEY_PUMP	grid	-240	200	15200.161	15200.444	0.284	200.16	-
ONAPING_VALLEY_PUMP	grid	-240	220	15200.961	15201.037	0.076	200.96	-
ONAPING_VALLEY_PUMP	grid	-240	240	15201.847	15201.856	0.009	201.85	-
ONAPING_VALLEY_PUMP	grid	-240	260	15202.683	15202.715	0.032	202.68	-
ONAPING_VALLEY_PUMP	grid	-240	280	15203.495	15203.601	0.106	203.49	-
ONAPING_VALLEY_PUMP	grid	-240	300	15204.237	15204.494	0.256	204.24	-
ONAPING_VALLEY_PUMP	grid	-240	320	15204.914	15205.317	0.403	204.91	-
ONAPING_VALLEY_PUMP	grid	-240	340	15205.629	15206.045	0.416	205.63	-
ONAPING_VALLEY_PUMP	grid	-240	360	15206.396	15206.800	0.404	206.40	-
ONAPING_VALLEY_PUMP	grid	-240	380	15207.323	15207.758	0.435	207.32	-
ONAPING_VALLEY_PUMP	grid	-240	400	15208.492	15208.834	0.342	208.49	-
ONAPING_VALLEY_PUMP	grid	-240	420	15209.935	15210.213	0.278	209.93	-
ONAPING_VALLEY_PUMP	grid	-240	440	15211.678	15211.965	0.287	211.68	-
ONAPING_VALLEY_PUMP	grid	-240	460	15213.692	15214.016	0.324	213.69	-
ONAPING_VALLEY_PUMP	grid	-240	480	15215.912	15216.094	0.182	215.91	-
ONAPING_VALLEY_PUMP	grid	-240	500	15218.236	15218.200	-0.036	218.24	-
ONAPING_VALLEY_PUMP	grid	-220	-500	15257.589	15257.335	-0.254	257.59	-
ONAPING_VALLEY_PUMP	grid	-220	-480	15255.603	15255.418	-0.185	255.60	-
ONAPING_VALLEY_PUMP	grid	-220	-460	15253.407	15253.400	-0.007	253.41	-
ONAPING_VALLEY_PUMP	grid	-220	-440	15250.984	15250.917	-0.067	250.98	-
ONAPING_VALLEY_PUMP	grid	-220	-420	15248.358	15248.273	-0.085	248.36	-
ONAPING_VALLEY_PUMP	grid	-220	-400	15245.561	15245.589	0.028	245.56	-
ONAPING_VALLEY_PUMP	grid	-220	-380	15242.647	15242.754	0.107	242.65	-
ONAPING_VALLEY_PUMP	grid	-220	-360	15239.671	15239.871	0.200	239.67	-
ONAPING_VALLEY_PUMP	grid	-220	-340	15236.739	15236.988	0.249	236.74	-
ONAPING_VALLEY_PUMP	grid	-220	-320	15233.874	15234.111	0.236	233.87	-
ONAPING_VALLEY_PUMP	grid	-220	-300	15231.157	15231.511	0.355	231.16	-
ONAPING_VALLEY_PUMP	grid	-220	-280	15228.633	15228.940	0.307	228.63	-
ONAPING_VALLEY_PUMP	grid	-220	-260	15226.272	15226.396	0.124	226.27	-
ONAPING_VALLEY_PUMP	grid	-220	-240	15224.123	15224.332	0.209	224.12	-
ONAPING_VALLEY_PUMP	grid	-220	-220	15222.156	15222.563	0.407	222.16	-
ONAPING_VALLEY_PUMP	grid	-220	-200	15220.331	15220.821	0.490	220.33	-
ONAPING_VALLEY_PUMP	grid	-220	-180	15218.682	15219.085	0.403	218.68	-
ONAPING_VALLEY_PUMP	grid	-220	-160	15217.148	15217.410	0.261	217.15	-
ONAPING_VALLEY_PUMP	grid	-220	-140	15215.698	15216.168	0.470	215.70	-
ONAPING_VALLEY_PUMP	grid	-220	-120	15214.295	15214.954	0.659	214.30	-
ONAPING_VALLEY_PUMP	grid	-220	-100	15212.892	15213.366	0.474	212.89	-
ONAPING_VALLEY_PUMP	grid	-220	-80	15211.467	15211.602	0.136	211.47	-
ONAPING_VALLEY_PUMP	grid	-220	-60	15209.988	15210.266	0.278	209.99	-
ONAPING_VALLEY_PUMP	grid	-220	-40	15208.442	15209.023	0.580	208.44	-
ONAPING_VALLEY_PUMP	grid	-220	-20	15206.860	15207.245	0.384	206.86	-
ONAPING_VALLEY_PUMP	grid	-220	0	15205.246	15205.494	0.248	205.25	-
ONAPING_VALLEY_PUMP	grid	-220	20	15203.640	15203.816	0.176	203.64	-
ONAPING_VALLEY_PUMP	grid	-220	40	15202.104	15202.382	0.279	202.10	-
ONAPING_VALLEY_PUMP	grid	-220	60	15200.663	15200.969	0.306	200.66	-
ONAPING_VALLEY_PUMP	grid	-220	80	15199.462	15199.786	0.324	199.46	-
ONAPING_VALLEY_PUMP	grid	-220	100	15198.476	15198.765	0.289	198.48	-
ONAPING_VALLEY_PUMP	grid	-220	120	15197.757	15198.437	0.680	197.76	-
ONAPING_VALLEY_PUMP	grid	-220	140	15197.368	15198.097	0.729	197.37	-
ONAPING_VALLEY_PUMP	grid	-220	160	15197.200	15197.784	0.584	197.20	-
ONAPING_VALLEY_PUMP	grid	-220	180	15197.300	15197.975	0.675	197.30	-
ONAPING_VALLEY_PUMP	grid	-220	200	15197.554	15198.532	0.978	197.55	-
ONAPING_VALLEY_PUMP	grid	-220	220	15197.889	15198.623	0.735	197.89	-
ONAPING_VALLEY_PUMP	grid	-220	240	15198.335	15198.759	0.424	198.33	-
ONAPING_VALLEY_PUMP	grid	-220	260	15198.745	15199.238	0.492	198.75	-
ONAPING_VALLEY_PUMP	grid	-220	280	15199.150	15199.743	0.593	199.15	-
ONAPING_VALLEY_PUMP	grid	-220	300	15199.549	15200.027	0.478	199.55	-
ONAPING_VALLEY_PUMP	grid	-220	320	15199.925	15200.248	0.323	199.92	-
ONAPING_VALLEY_PUMP	grid	-220	340	15200.424	15200.733	0.309	200.42	-
ONAPING_VALLEY_PUMP	grid	-220	360	15201.032	15201.246	0.214	201.03	-
ONAPING_VALLEY_PUMP	grid	-220	380	15201.866	15201.925	0.060	201.87	-
ONAPING_VALLEY_PUMP	grid	-220	400	15203.019	15203.465	0.446	203.02	-
ONAPING_VALLEY_PUMP	grid	-220	420	15204.504	15205.152	0.648	204.50	-
ONAPING_VALLEY_PUMP	grid	-220	440	15206.372	15206.867	0.494	206.37	-
ONAPING_VALLEY_PUMP	grid	-220	460	15208.574	15208.746	0.172	208.57	-
ONAPING_VALLEY_PUMP	grid	-220	480	15211.050	15210.944	-0.105	211.05	-
ONAPING_VALLEY_PUMP	grid	-220	500	15213.691	15213.786	0.095	213.69	-
ONAPING_VALLEY_PUMP	grid	-200	-500	15258.100	15257.830	-0.270	258.10	-
ONAPING_VALLEY_PUMP	grid	-200	-480	15256.145	15255.845	-0.300	256.15	-
ONAPING_VALLEY_PUMP	grid	-200	-460	15253.971	15253.880	-0.091	253.97	-
ONAPING_VALLEY_PUMP	grid	-200	-440	15251.562	15251.359	-0.202	251.56	-
ONAPING_VALLEY_PUMP	grid	-200	-420	15248.938	15248.576	-0.362	248.94	-
ONAPING_VALLEY_PUMP	grid	-200	-400	15246.122	15245.876	-0.246	246.12	-
ONAPING_VALLEY_PUMP	grid	-200	-380	15243.170	15243.210	0.040	243.17	-
ONAPING_VALLEY_PUMP	grid	-200	-360	15240.136	15240.266	0.130	240.14	-
ONAPING_VALLEY_PUMP	grid	-200	-340	15237.103	15237.300	0.196	237.10	-
ONAPING_VALLEY_PUMP	grid	-200	-320	15234.126	15234.361	0.236	234.13	-
ONAPING_VALLEY_PUMP	grid	-200	-300	15231.251	15231.616	0.365	231.25	-
ONAPING_VALLEY_PUMP	grid	-200	-280	15228.565	15229.051	0.486	228.56	-
ONAPING_VALLEY_PUMP	grid	-200	-260	15226.050	15226.626	0.576	226.05	-
ONAPING_VALLEY_PUMP	grid	-200	-240	15223.767	15224.237	0.471	223.77	-
ONAPING_VALLEY_PUMP	grid	-200	-220	15221.723	15222.269	0.547	221.72	-
ONAPING_VALLEY_PUMP	grid	-200	-200	15219.882	15220.329	0.446	219.88	-
ONAPING_VALLEY_PUMP	grid	-200	-180	15218.270	15218.660	0.390	218.27	-
ONAPING_VALLEY_PUMP	grid	-200	-160	15216.817	15217.219	0.402	216.82	-
ONAPING_VALLEY_PUMP	grid	-200	-140	15215.494	15215.804	0.310	215.49	-
ONAPING_VALLEY_PUMP	grid	-200	-120	15214.262	15214.417	0.154	214.26	-
ONAPING_VALLEY_PUMP	grid	-200	-100	15213.057	15213.070	0.013	213.06	-
ONAPING_VALLEY_PUMP	grid	-200	-80	15211.866	15211.852	-0.014	211.87	-
ONAPING_VALLEY_PUMP	grid	-200	-60	15210.607	15210.677	0.070	210.61	-
ONAPING_VALLEY_PUMP	grid	-200	-40	15209.255	15209.529	0.274	209.25	-
ONAPING_VALLEY_PUMP	grid	-200	-20	15207.807	15208.095	0.288	207.81	-
ONAPING_VALLEY_PUMP	grid	-200	0	15206.265	15206.475	0.211	206.26	-
ONAPING_VALLEY_PUMP	grid	-200	20	15204.668	15205.024	0.356	204.67	-
ONAPING_VALLEY_PUMP	grid	-200	40	15203.075	15203.601	0.527	203.07	-
ONAPING_VALLEY_PUMP	grid	-200	60	15201.529	15202.189	0.660	201.53	-
ONAPING_VALLEY_PUMP	grid	-200	80	15200.149	15200.803	0.653	200.15	-
ONAPING_VALLEY_PUMP	grid	-200	100	15198.938	15199.492	0.554	198.94	-
ONAPING_VALLEY_PUMP	grid	-200	120	15197.930	15198.478	0.548	197.93	-
ONAPING_VALLEY_PUMP	grid	-200	140	15197.208	15197.837	0.630	197.21	-
ONAPING_VALLEY_PUMP	grid	-200	160	15196.668	15197.224	0.556	196.67	-
ONAPING_VALLEY_PUMP	grid	-200	180	15196.352	15196.566	0.214	196.35	-
ONAPING_VALLEY_PUMP	grid	-200	200	15196.183	15196.199	0.016	196.18	-
ONAPING_VALLEY_PUMP	grid	-200	220	15196.076	15196.085	0.010	196.08	-
ONAPING_VALLEY_PUMP	grid	-200	240	15196.094	15196.204	0.110	196.09	-
ONAPING_VALLEY_PUMP	grid	-200	260	15196.072	15196.476	0.404	196.07	-
ONAPING_VALLEY_PUMP	grid	-200	280	15196.045	15196.539	0.494	196.04	-
ONAPING_VALLEY_PUMP	grid	-200	300	15196.036	15196.477	0.441	196.04	-
ONAPING_VALLEY_PUMP	grid	-200	320	15196.025	15196.442	0.417	196.03	-
ONAPING_VALLEY_PUMP	grid	-200	340	15196.171	15196.852	0.681	196.17	-
ONAPING_VALLEY_PUMP	grid	-200	360	15196.486	15197.353	0.867	196.49	-
ONAPING_VALLEY_PUMP	grid	-200	380	15197.077	15197.809	0.733	197.08	-
ONAPING_VALLEY_PUMP	grid	-200	400	15198.089	15198.646	0.557	198.09	-
ONAPING_VALLEY_PUMP	grid	-200	420	15199.498	15200.295	0.796	199.50	-
ONAPING_VALLEY_PUMP	grid	-200	440	15201.384	15201.970	0.587	201.38	-
ONAPING_VALLEY_PUMP	grid	-200	460	15203.683	15203.942	0.259	203.68	-
ONAPING_VALLEY_PUMP	grid	-200	480	15206.322	15206.649	0.327	206.32	-
ONAPING_VALLEY_PUMP	grid	-200	500	15209.212	15209.513	0.301	209.21	-
ONAPING_VALLEY_PUMP	grid	-180	-500	15258.689	15258.592	-0.097	258.69	-
ONAPING_VALLEY_PUMP	grid	-180	-480	15256.761	15256.527	-0.234	256.76	-
ONAPING_VALLEY_PUMP	grid	-180	-460	15254.619	15254.321	-0.298	254.62	-
ONAPING_VALLEY_PUMP	grid	-180	-440	15252.234	15252.143	-0.091	252.23	-
ONAPING_VALLEY_PUMP	grid	-180	-420	15249.638	15249.438	-0.200	249.64	-
ONAPING_VALLEY_PUMP	grid	-180	-400	15246.851	15246.682	-0.169	246.85	-
ONAPING_VALLEY_PUMP	grid	-180	-380	15243.919	15243.854	-0.065	243.92	-
ONAPING_VALLEY_PUMP	grid	-180	-360	15240.896	15240.945	0.049	240.90	-
ONAPING_VALLEY_PUMP	grid	-180	-340	15237.841	15237.909	0.068	237.84	-
ONAPING_VALLEY_PUMP	grid	-180	-320	15234.822	15234.901	0.079	234.82	-
ONAPING_VALLEY_PUMP	grid	-180	-300	15231.897	15231.988	0.091	231.90	-
ONAPING_VALLEY_PUMP	grid	-180	-280	15229.139	15229.416	0.277	229.14	-
ONAPING_VALLEY_PUMP	grid	-180	-260	15226.561	15226.913	0.352	226.56	-
ONAPING_VALLEY_PUMP	grid	-180	-240	15224.206	15224.515	0.310	224.21	-
ONAPING_VALLEY_PUMP	grid	-180	-220	15222.108	15222.288	0.180	222.11	-
ONAPING_VALLEY_PUMP	grid	-180	-200	15220.247	15220.728	0.481	220.25	-
ONAPING_VALLEY_PUMP	grid	-180	-180	15218.648	15219.260	0.612	218.65	-
ONAPING_VALLEY_PUMP	grid	-180	-160	15217.283	15217.819	0.536	217.28	-
ONAPING_VALLEY_PUMP	grid	-180	-140	15216.101	15216.405	0.304	216.10	-
ONAPING_VALLEY_PUMP	grid	-180	-120	15215.054	15215.207	0.154	215.05	-
ONAPING_VALLEY_PUMP	grid	-180	-100	15214.063	15214.418	0.356	214.06	-
ONAPING_VALLEY_PUMP	grid	-180	-80	15213.067	15213.455	0.388	213.07	-
ONAPING_VALLEY_PUMP	grid	-180	-60	15212.007	15212.102	0.096	212.01	-
ONAPING_VALLEY_PUMP	grid	-180	-40	15210.836	15210.777	-0.059	210.84	-
ONAPING_VALLEY_PUMP	grid	-180	-20	15209.532	15209.728	0.197	209.53	-
ONAPING_VALLEY_PUMP	grid	-180	0	15208.105	15208.196	0.091	208.11	-
ONAPING_VALLEY_PUMP	grid	-180	20	15206.567	15206.554	-0.013	206.57	-
ONAPING_VALLEY_PUMP	grid	-180	40	15204.969	15204.940	-0.029	204.97	-
ONAPING_VALLEY_PUMP	grid	-180	60	15203.353	15203.448	0.095	203.35	-
ONAPING_VALLEY_PUMP	grid	-180	80	15201.815	15202.114	0.298	201.82	-
ONAPING_VALLEY_PUMP	grid	-180	100	15200.404	15200.807	0.403	200.40	-
ONAPING_VALLEY_PUMP	grid	-180	120	15199.139	15199.528	0.389	199.14	-
ONAPING_VALLEY_PUMP	grid	-180	140	15198.122	15198.742	0.621	198.12	-
ONAPING_VALLEY_PUMP	grid	-180	160	15197.273	15197.989	0.717	197.27	-
ONAPING_VALLEY_PUMP	grid	-180	180	15196.604	15197.192	0.588	196.60	-
ONAPING_VALLEY_PUMP	grid	-180	200	15196.073	15196.527	0.454	196.07	-
ONAPING_VALLEY_PUMP	grid	-180	220	15195.573	15196.228	0.656	195.57	-
ONAPING_VALLEY_PUMP	grid	-180	240	15195.154	15195.916	0.762	195.15	-
ONAPING_VALLEY_PUMP	grid	-180	260	15194.695	15195.093	0.398	194.70	-
ONAPING_VALLEY_PUMP	grid	-180	280	15194.202	15194.516	0.314	194.20	-
ONAPING_VALLEY_PUMP	grid	-180	300	15193.740	15194.056	0.317	193.74	-
ONAPING_VALLEY_PUMP	grid	-180	320	15193.288	15193.624	0.335	193.29	-
ONAPING_VALLEY_PUMP	grid	-180	340	15193.007	15193.136	0.129	193.01	-
ONAPING_VALLEY_PUMP	grid	-180	360	15192.939	15193.390	0.451	192.94	-
ONAPING_VALLEY_PUMP	grid	-180	380	15193.180	15193.846	0.666	193.18	-
ONAPING_VALLEY_PUMP	grid	-180	400	15193.918	15194.329	0.412	193.92	-
ONAPING_VALLEY_PUMP	grid	-180	420	15195.118	15195.564	0.447	195.12	-
ONAPING_VALLEY_PUMP	grid	-180	440	15196.873	15197.687	0.814	196.87	-
ONAPING_VALLEY_PUMP	grid	-180	460	15199.147	15199.927	0.781	199.15	-
ONAPING_VALLEY_PUMP	grid	-180	480	15201.847	15202.250	0.404	201.85	-
ONAPING_VALLEY_PUMP	grid	-180	500	15204.924	15205.113	0.189	204.92	-
ONAPING_VALLEY_PUMP	grid	-160	-500	15259.309	15259.228	-0.081	259.31	-
ONAPING_VALLEY_PUMP	grid	-160	-480	15257.394	15257.103	-0.291	257.39	-
ONAPING_VALLEY_PUMP	grid	-160	-460	15255.271	15254.855	-0.416	255.27	-
ONAPING_VALLEY_PUMP	grid	-160	-440	15252.918	15252.635	-0.283	252.92	-
ONAPING_VALLEY_PUMP	grid	-160	-420	15250.359	15250.308	-0.051	250.36	-
ONAPING_VALLEY_PUMP	grid	-160	-400	15247.627	15247.434	-0.193	247.63	-
ONAPING_VALLEY_PUMP	grid	-160	-380	15244.748	15244.588	-0.160	244.75	-
ONAPING_VALLEY_PUMP	grid	-160	-360	15241.786	15241.770	-0.016	241.79	-
ONAPING_VALLEY_PUMP	grid	-160	-340	15238.790	15238.806	0.016	238.79	-
ONAPING_VALLEY_PUMP	grid	-160	-320	15235.816	15235.921	0.105	235.82	-
ONAPING_VALLEY_PUMP	grid	-160	-300	15232.921	15233.126	0.205	232.92	-
ONAPING_VALLEY_PUMP	grid	-160	-280	15230.161	15230.404	0.244	230.16	-
ONAPING_VALLEY_PUMP	grid	-160	-260	15227.574	15227.891	0.317	227.57	-
ONAPING_VALLEY_PUMP	grid	-160	-240	15225.201	15225.472	0.271	225.20	-
ONAPING_VALLEY_PUMP	grid	-160	-220	15223.110	15223.430	0.319	223.11	-
ONAPING_VALLEY_PUMP	grid	-160	-200	15221.278	15221.716	0.438	221.28	-
ONAPING_VALLEY_PUMP	grid	-160	-180	15219.726	15220.167	0.441	219.73	-
ONAPING_VALLEY_PUMP	grid	-160	-160	15218.441	15218.645	0.204	218.44	-
ONAPING_VALLEY_PUMP	grid	-160	-140	15217.364	15217.505	0.141	217.36	-
ONAPING_VALLEY_PUMP	grid	-160	-120	15216.460	15216.616	0.156	216.46	-
ONAPING_VALLEY_PUMP	grid	-160	-100	15215.645	15215.794	0.149	215.65	-
ONAPING_VALLEY_PUMP	grid	-160	-80	15214.859	15215.032	0.173	214.86	-
ONAPING_VALLEY_PUMP	grid	-160	-60	15214.008	15213.925	-0.083	214.01	-
ONAPING_VALLEY_PUMP	grid	-160	-40	15213.043	15212.913	-0.130	213.04	-
ONAPING_VALLEY_PUMP	grid	-160	-20	15211.909	15211.928	0.019	211.91	-
ONAPING_VALLEY_PUMP	grid	-160	0	15210.600	15210.872	0.272	210.60	-
ONAPING_VALLEY_PUMP	grid	-160	20	15209.134	15209.230	0.096	209.13	-
ONAPING_VALLEY_PUMP	grid	-160	40	15207.549	15207.653	0.104	207.55	-
ONAPING_VALLEY_PUMP	grid	-160	60	15205.902	15206.135	0.233	205.90	-
ONAPING_VALLEY_PUMP	grid	-160	80	15204.272	15204.619	0.346	204.27	-
ONAPING_VALLEY_PUMP	grid	-160	100	15202.718	15203.114	0.396	202.72	-
ONAPING_VALLEY_PUMP	grid	-160	120	15201.271	15201.638	0.367	201.27	-
ONAPING_VALLEY_PUMP	grid	-160	140	15200.015	15200.203	0.188	200.02	-
ONAPING_VALLEY_PUMP	grid	-160	160	15198.902	15199.123	0.221	198.90	-
ONAPING_VALLEY_PUMP	grid	-160	180	15197.920	15198.069	0.149	197.92	-
ONAPING_VALLEY_PUMP	grid	-160	200	15197.062	15197.075	0.013	197.06	-
ONAPING_VALLEY_PUMP	grid	-160	220	15196.216	15196.353	0.137	196.22	-
ONAPING_VALLEY_PUMP	grid	-160	240	15195.410	15195.504	0.093	195.41	-
ONAPING_VALLEY_PUMP	grid	-160	260	15194.547	15194.681	0.135	194.55	-
ONAPING_VALLEY_PUMP	grid	-160	280	15193.612	15193.896	0.284	193.61	-
ONAPING_VALLEY_PUMP	grid	-160	300	15192.690	15193.437	0.747	192.69	-
ONAPING_VALLEY_PUMP	grid	-160	320	15191.754	15192.504	0.750	191.75	-
ONAPING_VALLEY_PUMP	grid	-160	340	15190.968	15191.466	0.497	190.97	-
ONAPING_VALLEY_PUMP	grid	-160	360	15190.423	15191.060	0.637	190.42	-
ONAPING_VALLEY_PUMP	grid	-160	380	15190.205	15191.285	1.080	190.20	-
ONAPING_VALLEY_PUMP	grid	-160	400	15190.562	15191.528	0.966	190.56	-
ONAPING_VALLEY_PUMP	grid	-160	420	15191.449	15191.753	0.304	191.45	-
ONAPING_VALLEY_PUMP	grid	-160	440	15192.973	15193.846	0.872	192.97	-
ONAPING_VALLEY_PUMP	grid	-160	460	15195.125	15196.036	0.911	195.12	-
ONAPING_VALLEY_PUMP	grid	-160	480	15197.800	15198.253	0.453	197.80	-
ONAPING_VALLEY_PUMP	grid	-160	500	15200.960	15201.127	0.166	200.96	-
ONAPING_VALLEY_PUMP	grid	-140	-500	15259.940	15259.699	-0.242	259.94	-
ONAPING_VALLEY_PUMP	grid	-140	-480	15258.022	15257.926	-0.096	258.02	-
ONAPING_VALLEY_PUMP	grid	-140	-460	15255.899	15255.678	-0.221	255.90	-
ONAPING_VALLEY_PUMP	grid	-140	-440	15253.566	15253.338	-0.228	253.57	-
ONAPING_VALLEY_PUMP	grid	-140	-420	15251.043	15250.878	-0.164	251.04	-
ONAPING_VALLEY_PUMP	grid	-140	-400	15248.363	15248.203	-0.160	248.36	-
ONAPING_VALLEY_PUMP	grid	-140	-380	15245.558	15245.355	-0.203	245.56	-
ONAPING_VALLEY_PUMP	grid	-140	-360	15242.687	15242.536	-0.151	242.69	-
ONAPING_VALLEY_PUMP	grid	-140	-340	15239.789	15239.817	0.027	239.79	-
ONAPING_VALLEY_PUMP	grid	-140	-320	15236.912	15237.023	0.110	236.91	-
ONAPING_VALLEY_PUMP	grid	-140	-300	15234.111	15234.256	0.145	234.11	-
ONAPING_VALLEY_PUMP	grid	-140	-280	15231.431	15231.518	0.087	231.43	-
ONAPING_VALLEY_PUMP	grid	-140	-260	15228.919	15229.100	0.182	228.92	-
ONAPING_VALLEY_PUMP	grid	-140	-240	15226.603	15227.030	0.427	226.60	-
ONAPING_VALLEY_PUMP	grid	-140	-220	15224.549	15224.988	0.439	224.55	-
ONAPING_VALLEY_PUMP	grid	-140	-200	15222.757	15222.982	0.224	222.76	-
ONAPING_VALLEY_PUMP	grid	-140	-180	15221.257	15221.432	0.175	221.26	-
ONAPING_VALLEY_PUMP	grid	-140	-160	15220.050	15220.425	0.375	220.05	-
ONAPING_VALLEY_PUMP	grid	-140	-140	15219.089	15219.471	0.382	219.09	-
ONAPING_VALLEY_PUMP	grid	-140	-120	15218.329	15218.563	0.234	218.33	-
ONAPING_VALLEY_PUMP	grid	-140	-100	15217.686	15217.701	0.015	217.69	-
ONAPING_VALLEY_PUMP	grid	-140	-80	15217.081	15217.022	-0.058	217.08	-
ONAPING_VALLEY_PUMP	grid	-140	-60	15216.415	15216.585	0.170	216.42	-
ONAPING_VALLEY_PUMP	grid	-140	-40	15215.634	15215.491	-0.144	215.63	-
ONAPING_VALLEY_PUMP	grid	-140	-20	15214.670	15214.416	-0.254	214.67	-
ONAPING_VALLEY_PUMP	grid	-140	0	15213.510	15213.369	-0.141	213.51	-
ONAPING_VALLEY_PUMP	grid	-140	20	15212.159	15212.071	-0.088	212.16	-
ONAPING_VALLEY_PUMP	grid	-140	40	15210.637	15210.447	-0.190	210.64	-
ONAPING_VALLEY_PUMP	grid	-140	60	15209.005	15208.928	-0.077	209.00	-
ONAPING_VALLEY_PUMP	grid	-140	80	15207.326	15207.436	0.110	207.33	-
ONAPING_VALLEY_PUMP	grid	-140	100	15205.680	15205.928	0.248	205.68	-
ONAPING_VALLEY_PUMP	grid	-140	120	15204.097	15204.432	0.335	204.10	-
ONAPING_VALLEY_PUMP	grid	-140	140	15202.659	15202.963	0.304	202.66	-
ONAPING_VALLEY_PUMP	grid	-140	160	15201.347	15201.674	0.327	201.35	-
ONAPING_VALLEY_PUMP	grid	-140	180	15200.139	15200.620	0.481	200.14	-
ONAPING_VALLEY_PUMP	grid	-140	200	15199.020	15199.390	0.370	199.02	-
ONAPING_VALLEY_PUMP	grid	-140	220	15197.892	15198.110	0.217	197.89	-
ONAPING_VALLEY_PUMP	grid	-140	240	15196.740	15196.906	0.166	196.74	-
ONAPING_VALLEY_PUMP	grid	-140	260	15195.499	15195.734	0.236	195.50	-
ONAPING_VALLEY_PUMP	grid	-140	280	15194.138	15194.501	0.363	194.14	-
ONAPING_VALLEY_PUMP	grid	-140	300	15192.750	15192.807	0.057	192.75	-
ONAPING_VALLEY_PUMP	grid	-140	320	15191.318	15191.423	0.105	191.32	-
ONAPING_VALLEY_PUMP	grid	-140	340	15190.005	15190.067	0.063	190.00	-
ONAPING_VALLEY_PUMP	grid	-140	360	15188.945	15189.021	0.076	188.95	-
ONAPING_VALLEY_PUMP	grid	-140	380	15188.212	15189.011	0.799	188.21	-
ONAPING_VALLEY_PUMP	grid	-140	400	15188.091	15189.209	1.118	188.09	-
ONAPING_VALLEY_PUMP	grid	-140	420	15188.559	15189.434	0.875	188.56	-
ONAPING_VALLEY_PUMP	grid	-140	440	15189.732	15190.240	0.508	189.73	-
ONAPING_VALLEY_PUMP	grid	-140	460	15191.647	15192.429	0.782	191.65	-
ONAPING_VALLEY_PUMP	grid	-140	480	15194.189	15195.104	0.915	194.19	-
ONAPING_VALLEY_PUMP	grid	-140	500	15197.343	15197.878	0.536	197.34	-
ONAPING_VALLEY_PUMP	grid	-120	-500	15260.613	15260.373	-0.240	260.61	-
ONAPING_VALLEY_PUMP	grid	-120	-480	15258.659	15258.568	-0.091	258.66	-
ONAPING_VALLEY_PUMP	grid	-120	-460	15256.509	15256.356	-0.153	256.51	-
ONAPING_VALLEY_PUMP	grid	-120	-440	15254.169	15253.841	-0.328	254.17	-
ONAPING_VALLEY_PUMP	grid	-120	-420	15251.656	15251.381	-0.274	251.66	-
ONAPING_VALLEY_PUMP	grid	-120	-400	15249.015	15248.950	-0.065	249.01	-
ONAPING_VALLEY_PUMP	grid	-120	-380	15246.280	15246.174	-0.106	246.28	-
ONAPING_VALLEY_PUMP	grid	-120	-360	15243.502	15243.434	-0.068	243.50	-
ONAPING_VALLEY_PUMP	grid	-120	-340	15240.729	15240.722	-0.007	240.73	-
ONAPING_VALLEY_PUMP	grid	-120	-320	15237.988	15237.996	0.008	237.99	-
ONAPING_VALLEY_PUMP	grid	-120	-300	15235.327	15235.229	-0.098	235.33	-
ONAPING_VALLEY_PUMP	grid	-120	-280	15232.778	15232.806	0.028	232.78	-
ONAPING_VALLEY_PUMP	grid	-120	-260	15230.378	15230.503	0.125	230.38	-
ONAPING_VALLEY_PUMP	grid	-120	-240	15228.171	15228.433	0.262	228.17	-
ONAPING_VALLEY_PUMP	grid	-120	-220	15226.208	15226.421	0.214	226.21	-
ONAPING_VALLEY_PUMP	grid	-120	-200	15224.505	15224.580	0.075	224.51	-
ONAPING_VALLEY_PUMP	grid	-120	-180	15223.087	15223.322	0.235	223.09	-
ONAPING_VALLEY_PUMP	grid	-120	-160	15221.966	15222.371	0.405	221.97	-
ONAPING_VALLEY_PUMP	grid	-120	-140	15221.105	15221.447	0.342	221.11	-
ONAPING_VALLEY_PUMP	grid	-120	-120	15220.462	15220.544	0.083	220.46	-
ONAPING_VALLEY_PUMP	grid	-120	-100	15219.956	15219.948	-0.008	219.96	-
ONAPING_VALLEY_PUMP	grid	-120	-80	15219.522	15219.484	-0.038	219.52	-
ONAPING_VALLEY_PUMP	grid	-120	-60	15219.036	15219.046	0.010	219.04	-
ONAPING_VALLEY_PUMP	grid	-120	-40	15218.440	15218.413	-0.027	218.44	-
ONAPING_VALLEY_PUMP	grid	-120	-20	15217.656	15217.349	-0.307	217.66	-
ONAPING_VALLEY_PUMP	grid	-120	0	15216.648	15216.359	-0.288	216.65	-
ONAPING_VALLEY_PUMP	grid	-120	20	15215.424	15215.396	-0.028	215.42	-
ONAPING_VALLEY_PUMP	grid	-120	40	15213.988	15213.900	-0.088	213.99	-
ONAPING_VALLEY_PUMP	grid	-120	60	15212.403	15212.294	-0.109	212.40	-
ONAPING_VALLEY_PUMP	grid	-120	80	15210.739	15210.707	-0.032	210.74	-
ONAPING_VALLEY_PUMP	grid	-120	100	15209.054	15209.129	0.075	209.05	-
ONAPING_VALLEY_PUMP	grid	-120	120	15207.412	15207.543	0.131	207.41	-
ONAPING_VALLEY_PUMP	grid	-120	140	15205.861	15205.984	0.124	205.86	-
ONAPING_VALLEY_PUMP	grid	-120	160	15204.410	15204.452	0.042	204.41	-
ONAPING_VALLEY_PUMP	grid	-120	180	15203.028	15202.943	-0.085	203.03	-
ONAPING_VALLEY_PUMP	grid	-120	200	15201.706	15201.596	-0.111	201.71	-
ONAPING_VALLEY_PUMP	grid	-120	220	15200.347	15200.315	-0.033	200.35	-
ONAPING_VALLEY_PUMP	grid	-120	240	15198.914	15199.074	0.159	198.91	-
ONAPING_VALLEY_PUMP	grid	-120	260	15197.350	15197.568	0.219	197.35	-
ONAPING_VALLEY_PUMP	grid	-120	280	15195.610	15195.685	0.075	195.61	-
ONAPING_VALLEY_PUMP	grid	-120	300	15193.782	15193.829	0.048	193.78	-
ONAPING_VALLEY_PUMP	grid	-120	320	15191.868	15192.308	0.440	191.87	-
ONAPING_VALLEY_PUMP	grid	-120	340	15190.014	15190.952	0.938	190.01	-
ONAPING_VALLEY_PUMP	grid	-120	360	15188.396	15189.073	0.677	188.40	-
ONAPING_VALLEY_PUMP	grid	-120	380	15187.108	15187.423	0.316	187.11	-
ONAPING_VALLEY_PUMP	grid	-120	400	15186.435	15187.488	1.053	186.44	-
ONAPING_VALLEY_PUMP	grid	-120	420	15186.417	15187.580	1.163	186.42	-
ONAPING_VALLEY_PUMP	grid	-120	440	15187.160	15187.712	0.552	187.16	-
ONAPING_VALLEY_PUMP	grid	-120	460	15188.757	15189.475	0.718	188.76	-
ONAPING_VALLEY_PUMP	grid	-120	480	15191.082	15192.231	1.150	191.08	-
ONAPING_VALLEY_PUMP	grid	-120	500	15194.133	15195.008	0.874	194.13	-
ONAPING_VALLEY_PUMP	grid	-100	-500	15261.378	15261.359	-0.019	261.38	-
ONAPING_VALLEY_PUMP	grid	-100	-480	15259.360	15259.179	-0.181	259.36	-
ONAPING_VALLEY_PUMP	grid	-100	-460	15257.153	15257.026	-0.127	257.15	-
ONAPING_VALLEY_PUMP	grid	-100	-440	15254.767	15254.614	-0.153	254.77	-
ONAPING_VALLEY_PUMP	grid	-100	-420	15252.228	15252.122	-0.106	252.23	-
ONAPING_VALLEY_PUMP	grid	-100	-400	15249.592	15249.534	-0.058	249.59	-
ONAPING_VALLEY_PUMP	grid	-100	-380	15246.897	15246.867	-0.030	246.90	-
ONAPING_VALLEY_PUMP	grid	-100	-360	15244.198	15244.178	-0.021	244.20	-
ONAPING_VALLEY_PUMP	grid	-100	-340	15241.540	15241.517	-0.024	241.54	-
ONAPING_VALLEY_PUMP	grid	-100	-320	15238.937	15238.902	-0.035	238.94	-
ONAPING_VALLEY_PUMP	grid	-100	-300	15236.438	15236.613	0.174	236.44	-
ONAPING_VALLEY_PUMP	grid	-100	-280	15234.056	15234.339	0.282	234.06	-
ONAPING_VALLEY_PUMP	grid	-100	-260	15231.821	15232.035	0.214	231.82	-
ONAPING_VALLEY_PUMP	grid	-100	-240	15229.768	15229.807	0.039	229.77	-
ONAPING_VALLEY_PUMP	grid	-100	-220	15227.930	15228.107	0.177	227.93	-
ONAPING_VALLEY_PUMP	grid	-100	-200	15226.341	15226.667	0.327	226.34	-
ONAPING_VALLEY_PUMP	grid	-100	-180	15225.025	15225.255	0.230	225.02	-
ONAPING_VALLEY_PUMP	grid	-100	-160	15223.998	15224.168	0.171	224.00	-
ONAPING_VALLEY_PUMP	grid	-100	-140	15223.242	15223.267	0.025	223.24	-
ONAPING_VALLEY_PUMP	grid	-100	-120	15222.714	15222.831	0.117	222.71	-
ONAPING_VALLEY_PUMP	grid	-100	-100	15222.341	15222.408	0.067	222.34	-
ONAPING_VALLEY_PUMP	grid	-100	-80	15222.046	15221.948	-0.098	222.05	-
ONAPING_VALLEY_PUMP	grid	-100	-60	15221.717	15221.515	-0.201	221.72	-
ONAPING_VALLEY_PUMP	grid	-100	-40	15221.284	15221.169	-0.115	221.28	-
ONAPING_VALLEY_PUMP	grid	-100	-20	15220.668	15220.404	-0.263	220.67	-
ONAPING_VALLEY_PUMP	grid	-100	0	15219.814	15219.401	-0.414	219.81	-
ONAPING_VALLEY_PUMP	grid	-100	20	15218.732	15218.424	-0.308	218.73	-
ONAPING_VALLEY_PUMP	grid	-100	40	15217.413	15217.392	-0.021	217.41	-
ONAPING_VALLEY_PUMP	grid	-100	60	15215.915	15215.773	-0.142	215.92	-
ONAPING_VALLEY_PUMP	grid	-100	80	15214.302	15214.181	-0.121	214.30	-
ONAPING_VALLEY_PUMP	grid	-100	100	15212.632	15212.616	-0.016	212.63	-
ONAPING_VALLEY_PUMP	grid	-100	120	15210.976	15211.048	0.072	210.98	-
ONAPING_VALLEY_PUMP	grid	-100	140	15209.373	15209.482	0.109	209.37	-
ONAPING_VALLEY_PUMP	grid	-100	160	15207.842	15207.932	0.090	207.84	-
ONAPING_VALLEY_PUMP	grid	-100	180	15206.362	15206.411	0.049	206.36	-
ONAPING_VALLEY_PUMP	grid	-100	200	15204.905	15204.933	0.028	204.90	-
ONAPING_VALLEY_PUMP	grid	-100	220	15203.378	15203.482	0.103	203.38	-
ONAPING_VALLEY_PUMP	grid	-100	240	15201.722	15201.707	-0.015	201.72	-
ONAPING_VALLEY_PUMP	grid	-100	260	15199.886	15199.681	-0.205	199.89	-
ONAPING_VALLEY_PUMP	grid	-100	280	15197.820	15197.538	-0.281	197.82	-
ONAPING_VALLEY_PUMP	grid	-100	300	15195.582	15195.423	-0.159	195.58	-
ONAPING_VALLEY_PUMP	grid	-100	320	15193.206	15193.195	-0.010	193.21	-
ONAPING_VALLEY_PUMP	grid	-100	340	15190.825	15191.094	0.269	190.83	-
ONAPING_VALLEY_PUMP	grid	-100	360	15188.651	15189.107	0.456	188.65	-
ONAPING_VALLEY_PUMP	grid	-100	380	15186.793	15187.147	0.354	186.79	-
ONAPING_VALLEY_PUMP	grid	-100	400	15185.536	15186.179	0.643	185.54	-
ONAPING_VALLEY_PUMP	grid	-100	420	15184.976	15186.306	1.329	184.98	-
ONAPING_VALLEY_PUMP	grid	-100	440	15185.213	15186.490	1.278	185.21	-
ONAPING_VALLEY_PUMP	grid	-100	460	15186.408	15186.702	0.294	186.41	-
ONAPING_VALLEY_PUMP	grid	-100	480	15188.418	15189.313	0.895	188.42	-
ONAPING_VALLEY_PUMP	grid	-100	500	15191.270	15192.097	0.827	191.27	-
ONAPING_VALLEY_PUMP	grid	-80	-500	15262.322	15262.148	-0.174	262.32	-
ONAPING_VALLEY_PUMP	grid	-80	-480	15260.209	15259.857	-0.352	260.21	-
ONAPING_VALLEY_PUMP	grid	-80	-460	15257.907	15257.594	-0.313	257.91	-
ONAPING_VALLEY_PUMP	grid	-80	-440	15255.425	15255.417	-0.008	255.43	-
ONAPING_VALLEY_PUMP	grid	-80	-420	15252.821	15252.736	-0.085	252.82	-
ONAPING_VALLEY_PUMP	grid	-80	-400	15250.138	15250.054	-0.084	250.14	-
ONAPING_VALLEY_PUMP	grid	-80	-380	15247.440	15247.400	-0.040	247.44	-
ONAPING_VALLEY_PUMP	grid	-80	-360	15244.782	15244.739	-0.044	244.78	-
ONAPING_VALLEY_PUMP	grid	-80	-340	15242.205	15242.171	-0.034	242.20	-
ONAPING_VALLEY_PUMP	grid	-80	-320	15239.730	15239.778	0.048	239.73	-
ONAPING_VALLEY_PUMP	grid	-80	-300	15237.385	15237.418	0.034	237.38	-
ONAPING_VALLEY_PUMP	grid	-80	-280	15235.178	15235.186	0.008	235.18	-
ONAPING_VALLEY_PUMP	grid	-80	-260	15233.123	15232.981	-0.142	233.12	-
ONAPING_VALLEY_PUMP	grid	-80	-240	15231.248	15231.270	0.022	231.25	-
ONAPING_VALLEY_PUMP	grid	-80	-220	15229.579	15229.788	0.208	229.58	-
ONAPING_VALLEY_PUMP	grid	-80	-200	15228.140	15228.452	0.312	228.14	-
ONAPING_VALLEY_PUMP	grid	-80	-180	15226.956	15227.143	0.187	226.96	-
ONAPING_VALLEY_PUMP	grid	-80	-160	15226.046	15226.078	0.032	226.05	-
ONAPING_VALLEY_PUMP	grid	-80	-140	15225.396	15225.686	0.290	225.40	-
ONAPING_VALLEY_PUMP	grid	-80	-120	15224.971	15225.261	0.289	224.97	-
ONAPING_VALLEY_PUMP	grid	-80	-100	15224.710	15224.851	0.141	224.71	-
ONAPING_VALLEY_PUMP	grid	-80	-80	15224.538	15224.430	-0.109	224.54	-
ONAPING_VALLEY_PUMP	grid	-80	-60	15224.351	15224.094	-0.257	224.35	-
ONAPING_VALLEY_PUMP	grid	-80	-40	15224.061	15223.805	-0.256	224.06	-
ONAPING_VALLEY_PUMP	grid	-80	-20	15223.599	15223.544	-0.056	223.60	-
ONAPING_VALLEY_PUMP	grid	-80	0	15222.890	15222.550	-0.340	222.89	-
ONAPING_VALLEY_PUMP	grid	-80	20	15221.948	15221.546	-0.402	221.95	-
ONAPING_VALLEY_PUMP	grid	-80	40	15220.757	15220.497	-0.261	220.76	-
ONAPING_VALLEY_PUMP	grid	-80	60	15219.366	15219.203	-0.164	219.37	-
ONAPING_VALLEY_PUMP	grid	-80	80	15217.841	15217.623	-0.218	217.84	-
ONAPING_VALLEY_PUMP	grid	-80	100	15216.224	15216.070	-0.154	216.22	-
ONAPING_VALLEY_PUMP	grid	-80	120	15214.601	15214.565	-0.036	214.60	-
ONAPING_VALLEY_PUMP	grid	-80	140	15213.003	15212.993	-0.011	213.00	-
ONAPING_VALLEY_PUMP	grid	-80	160	15211.455	15211.441	-0.013	211.45	-
ONAPING_VALLEY_PUMP	grid	-80	180	15209.932	15209.918	-0.014	209.93	-
ONAPING_VALLEY_PUMP	grid	-80	200	15208.389	15208.379	-0.010	208.39	-
ONAPING_VALLEY_PUMP	grid	-80	220	15206.751	15206.477	-0.274	206.75	-
ONAPING_VALLEY_PUMP	grid	-80	240	15204.938	15204.603	-0.335	204.94	-
ONAPING_VALLEY_PUMP	grid	-80	260	15202.884	15202.757	-0.127	202.88	-
ONAPING_VALLEY_PUMP	grid	-80	280	15200.541	15200.651	0.110	200.54	-
ONAPING_VALLEY_PUMP	grid	-80	300	15197.942	15198.078	0.136	197.94	-
ONAPING_VALLEY_PUMP	grid	-80	320	15195.144	15195.084	-0.060	195.14	-
ONAPING_VALLEY_PUMP	grid	-80	340	15192.271	15192.383	0.112	192.27	-
ONAPING_VALLEY_PUMP	grid	-80	360	15189.560	15190.211	0.650	189.56	-
ONAPING_VALLEY_PUMP	grid	-80	380	15187.131	15188.066	0.935	187.13	-
ONAPING_VALLEY_PUMP	grid	-80	400	15185.271	15185.509	0.238	185.27	-
ONAPING_VALLEY_PUMP	grid	-80	420	15184.144	15185.136	0.992	184.14	-
ONAPING_VALLEY_PUMP	grid	-80	440	15183.830	15185.311	1.481	183.83	-
ONAPING_VALLEY_PUMP	grid	-80	460	15184.564	15185.513	0.949	184.56	-
ONAPING_VALLEY_PUMP	grid	-80	480	15186.196	15186.552	0.356	186.20	-
ONAPING_VALLEY_PUMP	grid	-80	500	15188.763	15189.888	1.125	188.76	-
ONAPING_VALLEY_PUMP	grid	-60	-500	15263.534	15263.546	0.012	263.53	-
ONAPING_VALLEY_PUMP	grid	-60	-480	15261.301	15261.289	-0.013	261.30	-
ONAPING_VALLEY_PUMP	grid	-60	-460	15258.866	15258.942	0.076	258.87	-
ONAPING_VALLEY_PUMP	grid	-60	-440	15256.251	15256.229	-0.022	256.25	-
ONAPING_VALLEY_PUMP	grid	-60	-420	15253.526	15253.518	-0.008	253.53	-
ONAPING_VALLEY_PUMP	grid	-60	-400	15250.742	15250.797	0.054	250.74	-
ONAPING_VALLEY_PUMP	grid	-60	-380	15247.980	15248.103	0.123	247.98	-
ONAPING_VALLEY_PUMP	grid	-60	-360	15245.303	15245.334	0.031	245.30	-
ONAPING_VALLEY_PUMP	grid	-60	-340	15242.756	15242.938	0.182	242.76	-
ONAPING_VALLEY_PUMP	grid	-60	-320	15240.364	15240.615	0.251	240.36	-
ONAPING_VALLEY_PUMP	grid	-60	-300	15238.150	15238.316	0.166	238.15	-
ONAPING_VALLEY_PUMP	grid	-60	-280	15236.109	15236.121	0.012	236.11	-
ONAPING_VALLEY_PUMP	grid	-60	-260	15234.241	15234.444	0.203	234.24	-
ONAPING_VALLEY_PUMP	grid	-60	-240	15232.560	15232.795	0.235	232.56	-
ONAPING_VALLEY_PUMP	grid	-60	-220	15231.081	15231.173	0.093	231.08	-
ONAPING_VALLEY_PUMP	grid	-60	-200	15229.813	15229.804	-0.009	229.81	-
ONAPING_VALLEY_PUMP	grid	-60	-180	15228.788	15228.887	0.099	228.79	-
ONAPING_VALLEY_PUMP	grid	-60	-160	15228.013	15228.184	0.171	228.01	-
ONAPING_VALLEY_PUMP	grid	-60	-140	15227.488	15227.609	0.122	227.49	-
ONAPING_VALLEY_PUMP	grid	-60	-120	15227.179	15227.244	0.065	227.18	-
ONAPING_VALLEY_PUMP	grid	-60	-100	15227.026	15226.951	-0.075	227.03	-
ONAPING_VALLEY_PUMP	grid	-60	-80	15226.962	15226.953	-0.009	226.96	-
ONAPING_VALLEY_PUMP	grid	-60	-60	15226.891	15226.705	-0.186	226.89	-
ONAPING_VALLEY_PUMP	grid	-60	-40	15226.721	15226.431	-0.290	226.72	-
ONAPING_VALLEY_PUMP	grid	-60	-20	15226.388	15226.184	-0.204	226.39	-
ONAPING_VALLEY_PUMP	grid	-60	0	15225.808	15225.659	-0.149	225.81	-
ONAPING_VALLEY_PUMP	grid	-60	20	15224.989	15224.592	-0.398	224.99	-
ONAPING_VALLEY_PUMP	grid	-60	40	15223.927	15223.542	-0.385	223.93	-
ONAPING_VALLEY_PUMP	grid	-60	60	15222.646	15222.519	-0.127	222.65	-
ONAPING_VALLEY_PUMP	grid	-60	80	15221.224	15221.058	-0.166	221.22	-
ONAPING_VALLEY_PUMP	grid	-60	100	15219.699	15219.533	-0.165	219.70	-
ONAPING_VALLEY_PUMP	grid	-60	120	15218.146	15218.036	-0.110	218.15	-
ONAPING_VALLEY_PUMP	grid	-60	140	15216.598	15216.536	-0.061	216.60	-
ONAPING_VALLEY_PUMP	grid	-60	160	15215.072	15214.984	-0.088	215.07	-
ONAPING_VALLEY_PUMP	grid	-60	180	15213.558	15213.430	-0.128	213.56	-
ONAPING_VALLEY_PUMP	grid	-60	200	15211.986	15211.866	-0.120	211.99	-
ONAPING_VALLEY_PUMP	grid	-60	220	15210.288	15209.972	-0.316	210.29	-
ONAPING_VALLEY_PUMP	grid	-60	240	15208.373	15207.979	-0.393	208.37	-
ONAPING_VALLEY_PUMP	grid	-60	260	15206.154	15206.015	-0.140	206.15	-
ONAPING_VALLEY_PUMP	grid	-60	280	15203.590	15203.374	-0.217	203.59	-
ONAPING_VALLEY_PUMP	grid	-60	300	15200.691	15200.164	-0.527	200.69	-
ONAPING_VALLEY_PUMP	grid	-60	320	15197.520	15197.014	-0.506	197.52	-
ONAPING_VALLEY_PUMP	grid	-60	340	15194.194	15194.047	-0.147	194.19	-
ONAPING_VALLEY_PUMP	grid	-60	360	15190.966	15191.516	0.550	190.97	-
ONAPING_VALLEY_PUMP	grid	-60	380	15187.982	15188.869	0.887	187.98	-
ONAPING_VALLEY_PUMP	grid	-60	400	15185.534	15186.250	0.716	185.53	-
ONAPING_VALLEY_PUMP	grid	-60	420	15183.823	15184.034	0.210	183.82	-
ONAPING_VALLEY_PUMP	grid	-60	440	15182.941	15184.209	1.268	182.94	-
ONAPING_VALLEY_PUMP	grid	-60	460	15183.154	15184.553	1.399	183.15	-
ONAPING_VALLEY_PUMP	grid	-60	480	15184.342	15185.029	0.686	184.34	-
ONAPING_VALLEY_PUMP	grid	-60	500	15186.538	15187.269	0.732	186.54	-
ONAPING_VALLEY_PUMP	grid	-40	-500	15265.076	15264.961	-0.115	265.08	-
ONAPING_VALLEY_PUMP	grid	-40	-480	15262.716	15262.610	-0.106	262.72	-
ONAPING_VALLEY_PUMP	grid	-40	-460	15260.136	15259.779	-0.357	260.14	-
ONAPING_VALLEY_PUMP	grid	-40	-440	15257.351	15257.066	-0.285	257.35	-
ONAPING_VALLEY_PUMP	grid	-40	-420	15254.453	15254.380	-0.073	254.45	-
ONAPING_VALLEY_PUMP	grid	-40	-400	15251.509	15251.675	0.166	251.51	-
ONAPING_VALLEY_PUMP	grid	-40	-380	15248.606	15248.832	0.226	248.61	-
ONAPING_VALLEY_PUMP	grid	-40	-360	15245.850	15246.017	0.167	245.85	-
ONAPING_VALLEY_PUMP	grid	-40	-340	15243.268	15243.330	0.062	243.27	-
ONAPING_VALLEY_PUMP	grid	-40	-320	15240.905	15241.008	0.103	240.90	-
ONAPING_VALLEY_PUMP	grid	-40	-300	15238.770	15238.887	0.118	238.77	-
ONAPING_VALLEY_PUMP	grid	-40	-280	15236.861	15236.968	0.106	236.86	-
ONAPING_VALLEY_PUMP	grid	-40	-260	15235.162	15235.318	0.157	235.16	-
ONAPING_VALLEY_PUMP	grid	-40	-240	15233.669	15233.792	0.122	233.67	-
ONAPING_VALLEY_PUMP	grid	-40	-220	15232.394	15232.292	-0.102	232.39	-
ONAPING_VALLEY_PUMP	grid	-40	-200	15231.329	15231.479	0.150	231.33	-
ONAPING_VALLEY_PUMP	grid	-40	-180	15230.492	15230.859	0.367	230.49	-
ONAPING_VALLEY_PUMP	grid	-40	-160	15229.885	15230.266	0.381	229.89	-
ONAPING_VALLEY_PUMP	grid	-40	-140	15229.501	15229.648	0.147	229.50	-
ONAPING_VALLEY_PUMP	grid	-40	-120	15229.316	15229.339	0.024	229.32	-
ONAPING_VALLEY_PUMP	grid	-40	-100	15229.274	15229.314	0.040	229.27	-
ONAPING_VALLEY_PUMP	grid	-40	-80	15229.309	15229.316	0.007	229.31	-
ONAPING_VALLEY_PUMP	grid	-40	-60	15229.336	15229.289	-0.047	229.34	-
ONAPING_VALLEY_PUMP	grid	-40	-40	15229.262	15229.015	-0.247	229.26	-
ONAPING_VALLEY_PUMP	grid	-40	-20	15229.032	15228.673	-0.359	229.03	-
ONAPING_VALLEY_PUMP	grid	-40	0	15228.558	15228.350	-0.207	228.56	-
ONAPING_VALLEY_PUMP	grid	-40	20	15227.849	15227.556	-0.292	227.85	-
ONAPING_VALLEY_PUMP	grid	-40	40	15226.896	15226.521	-0.374	226.90	-
ONAPING_VALLEY_PUMP	grid	-40	60	15225.728	15225.475	-0.253	225.73	-
ONAPING_VALLEY_PUMP	grid	-40	80	15224.414	15224.333	-0.081	224.41	-
ONAPING_VALLEY_PUMP	grid	-40	100	15222.987	15222.865	-0.123	222.99	-
ONAPING_VALLEY_PUMP	grid	-40	120	15221.526	15221.423	-0.102	221.53	-
ONAPING_VALLEY_PUMP	grid	-40	140	15220.062	15220.009	-0.053	220.06	-
ONAPING_VALLEY_PUMP	grid	-40	160	15218.598	15218.504	-0.094	218.60	-
ONAPING_VALLEY_PUMP	grid	-40	180	15217.127	15216.912	-0.215	217.13	-
ONAPING_VALLEY_PUMP	grid	-40	200	15215.574	15215.347	-0.226	215.57	-
ONAPING_VALLEY_PUMP	grid	-40	220	15213.865	15213.776	-0.089	213.87	-
ONAPING_VALLEY_PUMP	grid	-40	240	15211.897	15211.664	-0.233	211.90	-
ONAPING_VALLEY_PUMP	grid	-40	260	15209.563	15209.012	-0.551	209.56	-
ONAPING_VALLEY_PUMP	grid	-40	280	15206.823	15206.387	-0.436	206.82	-
ONAPING_VALLEY_PUMP	grid	-40	300	15203.673	15203.460	-0.212	203.67	-
ONAPING_VALLEY_PUMP	grid	-40	320	15200.177	15200.278	0.101	200.18	-
ONAPING_VALLEY_PUMP	grid	-40	340	15196.455	15196.623	0.168	196.45	-
ONAPING_VALLEY_PUMP	grid	-40	360	15192.754	15192.599	-0.155	192.75	-
ONAPING_VALLEY_PUMP	grid	-40	380	15189.252	15189.888	0.636	189.25	-
ONAPING_VALLEY_PUMP	grid	-40	400	15186.225	15187.206	0.981	186.22	-
ONAPING_VALLEY_PUMP	grid	-40	420	15183.935	15184.552	0.617	183.94	-
ONAPING_VALLEY_PUMP	grid	-40	440	15182.478	15183.283	0.804	182.48	-
ONAPING_VALLEY_PUMP	grid	-40	460	15182.137	15183.809	1.672	182.14	-
ONAPING_VALLEY_PUMP	grid	-40	480	15182.829	15184.284	1.455	182.83	-
ONAPING_VALLEY_PUMP	grid	-40	500	15184.591	15184.786	0.196	184.59	-
ONAPING_VALLEY_PUMP	grid	-20	-500	15267.014	15266.903	-0.111	267.01	-
ONAPING_VALLEY_PUMP	grid	-20	-480	15264.530	15264.475	-0.055	264.53	-
ONAPING_VALLEY_PUMP	grid	-20	-460	15261.790	15261.784	-0.006	261.79	-
ONAPING_VALLEY_PUMP	grid	-20	-440	15258.814	15258.915	0.101	258.81	-
ONAPING_VALLEY_PUMP	grid	-20	-420	15255.707	15255.910	0.203	255.71	-
ONAPING_VALLEY_PUMP	grid	-20	-400	15252.549	15252.591	0.042	252.55	-
ONAPING_VALLEY_PUMP	grid	-20	-380	15249.440	15249.700	0.260	249.44	-
ONAPING_VALLEY_PUMP	grid	-20	-360	15246.526	15246.837	0.311	246.53	-
ONAPING_VALLEY_PUMP	grid	-20	-340	15243.828	15244.001	0.174	243.83	-
ONAPING_VALLEY_PUMP	grid	-20	-320	15241.418	15241.689	0.272	241.42	-
ONAPING_VALLEY_PUMP	grid	-20	-300	15239.308	15239.762	0.455	239.31	-
ONAPING_VALLEY_PUMP	grid	-20	-280	15237.479	15237.842	0.363	237.48	-
ONAPING_VALLEY_PUMP	grid	-20	-260	15235.925	15235.968	0.043	235.93	-
ONAPING_VALLEY_PUMP	grid	-20	-240	15234.619	15234.632	0.012	234.62	-
ONAPING_VALLEY_PUMP	grid	-20	-220	15233.547	15233.756	0.209	233.55	-
ONAPING_VALLEY_PUMP	grid	-20	-200	15232.693	15232.907	0.214	232.69	-
ONAPING_VALLEY_PUMP	grid	-20	-180	15232.063	15232.194	0.131	232.06	-
ONAPING_VALLEY_PUMP	grid	-20	-160	15231.650	15231.601	-0.048	231.65	-
ONAPING_VALLEY_PUMP	grid	-20	-140	15231.444	15231.492	0.048	231.44	-
ONAPING_VALLEY_PUMP	grid	-20	-120	15231.410	15231.538	0.128	231.41	-
ONAPING_VALLEY_PUMP	grid	-20	-100	15231.489	15231.545	0.056	231.49	-
ONAPING_VALLEY_PUMP	grid	-20	-80	15231.627	15231.579	-0.048	231.63	-
ONAPING_VALLEY_PUMP	grid	-20	-60	15231.740	15231.670	-0.070	231.74	-
ONAPING_VALLEY_PUMP	grid	-20	-40	15231.744	15231.567	-0.177	231.74	-
ONAPING_VALLEY_PUMP	grid	-20	-20	15231.587	15231.183	-0.404	231.59	-
ONAPING_VALLEY_PUMP	grid	-20	0	15231.194	15230.826	-0.368	231.19	-
ONAPING_VALLEY_PUMP	grid	-20	20	15230.560	15230.530	-0.030	230.56	-
ONAPING_VALLEY_PUMP	grid	-20	40	15229.699	15229.433	-0.265	229.70	-
ONAPING_VALLEY_PUMP	grid	-20	60	15228.622	15228.316	-0.306	228.62	-
ONAPING_VALLEY_PUMP	grid	-20	80	15227.406	15227.225	-0.181	227.41	-
ONAPING_VALLEY_PUMP	grid	-20	100	15226.089	15225.976	-0.113	226.09	-
ONAPING_VALLEY_PUMP	grid	-20	120	15224.728	15224.544	-0.183	224.73	-
ONAPING_VALLEY_PUMP	grid	-20	140	15223.365	15223.236	-0.129	223.37	-
ONAPING_VALLEY_PUMP	grid	-20	160	15221.992	15221.956	-0.037	221.99	-
ONAPING_VALLEY_PUMP	grid	-20	180	15220.594	15220.391	-0.203	220.59	-
ONAPING_VALLEY_PUMP	grid	-20	200	15219.096	15218.831	-0.266	219.10	-
ONAPING_VALLEY_PUMP	grid	-20	220	15217.407	15217.193	-0.214	217.41	-
ONAPING_VALLEY_PUMP	grid	-20	240	15215.428	15215.035	-0.392	215.43	-
ONAPING_VALLEY_PUMP	grid	-20	260	15213.029	15212.240	-0.789	213.03	-
ONAPING_VALLEY_PUMP	grid	-20	280	15210.170	15209.472	-0.698	210.17	-
ONAPING_VALLEY_PUMP	grid	-20	300	15206.829	15206.733	-0.096	206.83	-
ONAPING_VALLEY_PUMP	grid	-20	320	15203.061	15202.793	-0.268	203.06	-
ONAPING_VALLEY_PUMP	grid	-20	340	15198.989	15198.735	-0.254	198.99	-
ONAPING_VALLEY_PUMP	grid	-20	360	15194.850	15194.706	-0.144	194.85	-
ONAPING_VALLEY_PUMP	grid	-20	380	15190.856	15191.132	0.277	190.86	-
ONAPING_VALLEY_PUMP	grid	-20	400	15187.282	15188.396	1.114	187.28	-
ONAPING_VALLEY_PUMP	grid	-20	420	15184.419	15185.534	1.115	184.42	-
ONAPING_VALLEY_PUMP	grid	-20	440	15182.389	15182.701	0.312	182.39	-
ONAPING_VALLEY_PUMP	grid	-20	460	15181.460	15182.533	1.073	181.46	-
ONAPING_VALLEY_PUMP	grid	-20	480	15181.620	15183.087	1.467	181.62	-
ONAPING_VALLEY_PUMP	grid	-20	500	15182.880	15183.870	0.990	182.88	-
ONAPING_VALLEY_PUMP	grid	0	-500	15269.344	15268.828	-0.517	269.34	-
ONAPING_VALLEY_PUMP	grid	0	-480	15266.766	15266.244	-0.522	266.77	-
ONAPING_VALLEY_PUMP	grid	0	-460	15263.881	15263.844	-0.038	263.88	-
ONAPING_VALLEY_PUMP	grid	0	-440	15260.716	15260.683	-0.033	260.72	-
ONAPING_VALLEY_PUMP	grid	0	-420	15257.365	15257.302	-0.063	257.37	-
ONAPING_VALLEY_PUMP	grid	0	-400	15253.952	15253.950	-0.002	253.95	-
ONAPING_VALLEY_PUMP	grid	0	-380	15250.579	15250.804	0.226	250.58	-
ONAPING_VALLEY_PUMP	grid	0	-360	15247.432	15247.933	0.500	247.43	-
ONAPING_VALLEY_PUMP	grid	0	-340	15244.553	15245.032	0.478	244.55	-
ONAPING_VALLEY_PUMP	grid	0	-320	15242.014	15242.158	0.144	242.01	-
ONAPING_VALLEY_PUMP	grid	0	-300	15239.860	15240.186	0.326	239.86	-
ONAPING_VALLEY_PUMP	grid	0	-280	15238.055	15238.335	0.280	238.06	-
ONAPING_VALLEY_PUMP	grid	0	-260	15236.594	15236.807	0.213	236.59	-
ONAPING_VALLEY_PUMP	grid	0	-240	15235.437	15235.693	0.257	235.44	-
ONAPING_VALLEY_PUMP	grid	0	-220	15234.565	15234.929	0.363	234.57	-
ONAPING_VALLEY_PUMP	grid	0	-200	15233.941	15234.191	0.250	233.94	-
ONAPING_VALLEY_PUMP	grid	0	-180	15233.549	15233.555	0.006	233.55	-
ONAPING_VALLEY_PUMP	grid	0	-160	15233.364	15233.607	0.243	233.36	-
ONAPING_VALLEY_PUMP	grid	0	-140	15233.356	15233.627	0.271	233.36	-
ONAPING_VALLEY_PUMP	grid	0	-120	15233.494	15233.674	0.180	233.49	-
ONAPING_VALLEY_PUMP	grid	0	-100	15233.713	15233.724	0.011	233.71	-
ONAPING_VALLEY_PUMP	grid	0	-80	15233.965	15233.827	-0.138	233.97	-
ONAPING_VALLEY_PUMP	grid	0	-60	15234.168	15234.012	-0.156	234.17	-
ONAPING_VALLEY_PUMP	grid	0	-40	15234.240	15234.224	-0.017	234.24	-
ONAPING_VALLEY_PUMP	grid	0	-20	15234.134	15233.940	-0.194	234.13	-
ONAPING_VALLEY_PUMP	grid	0	0	15233.793	15233.582	-0.211	233.79	-
ONAPING_VALLEY_PUMP	grid	0	20	15233.213	15233.021	-0.192	233.21	-
ONAPING_VALLEY_PUMP	grid	0	40	15232.410	15232.295	-0.115	232.41	-
ONAPING_VALLEY_PUMP	grid	0	60	15231.403	15231.178	-0.224	231.40	-
ONAPING_VALLEY_PUMP	grid	0	80	15230.268	15230.089	-0.180	230.27	-
ONAPING_VALLEY_PUMP	grid	0	100	15229.043	15229.020	-0.023	229.04	-
ONAPING_VALLEY_PUMP	grid	0	120	15227.788	15227.774	-0.014	227.79	-
ONAPING_VALLEY_PUMP	grid	0	140	15226.536	15226.503	-0.032	226.54	-
ONAPING_VALLEY_PUMP	grid	0	160	15225.268	15225.235	-0.033	225.27	-
ONAPING_VALLEY_PUMP	grid	0	180	15223.967	15223.894	-0.074	223.97	-
ONAPING_VALLEY_PUMP	grid	0	200	15222.554	15222.158	-0.396	222.55	-
ONAPING_VALLEY_PUMP	grid	0	220	15220.922	15220.417	-0.505	220.92	-
ONAPING_VALLEY_PUMP	grid	0	240	15218.971	15218.703	-0.268	218.97	-
ONAPING_VALLEY_PUMP	grid	0	260	15216.549	15216.206	-0.343	216.55	-
ONAPING_VALLEY_PUMP	grid	0	280	15213.608	15213.236	-0.372	213.61	-
ONAPING_VALLEY_PUMP	grid	0	300	15210.119	15209.626	-0.494	210.12	-
ONAPING_VALLEY_PUMP	grid	0	320	15206.122	15205.914	-0.208	206.12	-
ONAPING_VALLEY_PUMP	grid	0	340	15201.754	15201.701	-0.053	201.75	-
ONAPING_VALLEY_PUMP	grid	0	360	15197.229	15197.517	0.287	197.23	-
ONAPING_VALLEY_PUMP	grid	0	380	15192.783	15192.926	0.143	192.78	-
ONAPING_VALLEY_PUMP	grid	0	400	15188.680	15189.373	0.693	188.68	-
ONAPING_VALLEY_PUMP	grid	0	420	15185.263	15186.518	1.256	185.26	-
ONAPING_VALLEY_PUMP	grid	0	440	15182.646	15183.691	1.045	182.65	-
ONAPING_VALLEY_PUMP	grid	0	460	15181.118	15181.284	0.166	181.12	-
ONAPING_VALLEY_PUMP	grid	0	480	15180.709	15182.154	1.445	180.71	-
ONAPING_VALLEY_PUMP	grid	0	500	15181.420	15183.065	1.645	181.42	-
ONAPING_VALLEY_PUMP	grid	20	-500	15272.051	15271.918	-0.133	272.05	-
ONAPING_VALLEY_PUMP	grid	20	-480	15269.420	15269.323	-0.097	269.42	-
ONAPING_VALLEY_PUMP	grid	20	-460	15266.415	15266.271	-0.143	266.41	-
ONAPING_VALLEY_PUMP	grid	20	-440	15263.072	15263.069	-0.003	263.07	-
ONAPING_VALLEY_PUMP	grid	20	-420	15259.484	15259.517	0.033	259.48	-
ONAPING_VALLEY_PUMP	grid	20	-400	15255.795	15255.994	0.200	255.79	-
ONAPING_VALLEY_PUMP	grid	20	-380	15252.123	15252.274	0.151	252.12	-
ONAPING_VALLEY_PUMP	grid	20	-360	15248.679	15249.049	0.369	248.68	-
ONAPING_VALLEY_PUMP	grid	20	-340	15245.542	15246.105	0.563	245.54	-
ONAPING_VALLEY_PUMP	grid	20	-320	15242.789	15243.203	0.414	242.79	-
ONAPING_VALLEY_PUMP	grid	20	-300	15240.514	15240.589	0.075	240.51	-
ONAPING_VALLEY_PUMP	grid	20	-280	15238.670	15239.183	0.513	238.67	-
ONAPING_VALLEY_PUMP	grid	20	-260	15237.255	15237.836	0.581	237.26	-
ONAPING_VALLEY_PUMP	grid	20	-240	15236.222	15236.517	0.295	236.22	-
ONAPING_VALLEY_PUMP	grid	20	-220	15235.526	15235.608	0.081	235.53	-
ONAPING_VALLEY_PUMP	grid	20	-200	15235.126	15235.185	0.059	235.13	-
ONAPING_VALLEY_PUMP	grid	20	-180	15234.977	15235.232	0.255	234.98	-
ONAPING_VALLEY_PUMP	grid	20	-160	15235.039	15235.302	0.264	235.04	-
ONAPING_VALLEY_PUMP	grid	20	-140	15235.275	15235.385	0.110	235.28	-
ONAPING_VALLEY_PUMP	grid	20	-120	15235.629	15235.495	-0.133	235.63	-
ONAPING_VALLEY_PUMP	grid	20	-100	15236.026	15236.088	0.061	236.03	-
ONAPING_VALLEY_PUMP	grid	20	-80	15236.408	15236.371	-0.037	236.41	-
ONAPING_VALLEY_PUMP	grid	20	-60	15236.705	15236.504	-0.201	236.71	-
ONAPING_VALLEY_PUMP	grid	20	-40	15236.839	15236.665	-0.174	236.84	-
ONAPING_VALLEY_PUMP	grid	20	-20	15236.766	15236.683	-0.083	236.77	-
ONAPING_VALLEY_PUMP	grid	20	0	15236.455	15236.062	-0.393	236.45	-
ONAPING_VALLEY_PUMP	grid	20	20	15235.897	15235.501	-0.396	235.90	-
ONAPING_VALLEY_PUMP	grid	20	40	15235.120	15234.967	-0.153	235.12	-
ONAPING_VALLEY_PUMP	grid	20	60	15234.156	15234.065	-0.091	234.16	-
ONAPING_VALLEY_PUMP	grid	20	80	15233.075	15232.964	-0.111	233.07	-
ONAPING_VALLEY_PUMP	grid	20	100	15231.930	15231.886	-0.044	231.93	-
ONAPING_VALLEY_PUMP	grid	20	120	15230.770	15230.806	0.036	230.77	-
ONAPING_VALLEY_PUMP	grid	20	140	15229.623	15229.534	-0.088	229.62	-
ONAPING_VALLEY_PUMP	grid	20	160	15228.471	15228.316	-0.155	228.47	-
ONAPING_VALLEY_PUMP	grid	20	180	15227.290	15227.247	-0.043	227.29	-
ONAPING_VALLEY_PUMP	grid	20	200	15225.985	15225.734	-0.252	225.99	-
ONAPING_VALLEY_PUMP	grid	20	220	15224.439	15223.922	-0.518	224.44	-
ONAPING_VALLEY_PUMP	grid	20	240	15222.543	15222.137	-0.406	222.54	-
ONAPING_VALLEY_PUMP	grid	20	260	15220.146	15220.047	-0.099	220.15	-
ONAPING_VALLEY_PUMP	grid	20	280	15217.174	15216.192	-0.982	217.17	-
ONAPING_VALLEY_PUMP	grid	20	300	15213.590	15212.453	-1.137	213.59	-
ONAPING_VALLEY_PUMP	grid	20	320	15209.417	15208.870	-0.547	209.42	-
ONAPING_VALLEY_PUMP	grid	20	340	15204.783	15204.969	0.185	204.78	-
ONAPING_VALLEY_PUMP	grid	20	360	15199.907	15200.099	0.192	199.91	-
ONAPING_VALLEY_PUMP	grid	20	380	15195.033	15195.220	0.187	195.03	-
ONAPING_VALLEY_PUMP	grid	20	400	15190.426	15190.372	-0.054	190.43	-
ONAPING_VALLEY_PUMP	grid	20	420	15186.459	15187.491	1.032	186.46	-
ONAPING_VALLEY_PUMP	grid	20	440	15183.259	15184.675	1.415	183.26	-
ONAPING_VALLEY_PUMP	grid	20	460	15181.115	15181.912	0.797	181.11	-
ONAPING_VALLEY_PUMP	grid	20	480	15180.108	15180.835	0.727	180.11	-
ONAPING_VALLEY_PUMP	grid	20	500	15180.220	15181.846	1.626	180.22	-
ONAPING_VALLEY_PUMP	grid	40	-500	15275.067	15274.972	-0.095	275.07	-
ONAPING_VALLEY_PUMP	grid	40	-480	15272.439	15271.793	-0.647	272.44	-
ONAPING_VALLEY_PUMP	grid	40	-460	15269.363	15268.695	-0.668	269.36	-
ONAPING_VALLEY_PUMP	grid	40	-440	15265.882	15265.625	-0.258	265.88	-
ONAPING_VALLEY_PUMP	grid	40	-420	15262.077	15262.277	0.200	262.08	-
ONAPING_VALLEY_PUMP	grid	40	-400	15258.108	15258.365	0.257	258.11	-
ONAPING_VALLEY_PUMP	grid	40	-380	15254.122	15254.347	0.225	254.12	-
ONAPING_VALLEY_PUMP	grid	40	-360	15250.333	15250.447	0.114	250.33	-
ONAPING_VALLEY_PUMP	grid	40	-340	15246.883	15247.502	0.620	246.88	-
ONAPING_VALLEY_PUMP	grid	40	-320	15243.849	15244.610	0.760	243.85	-
ONAPING_VALLEY_PUMP	grid	40	-300	15241.386	15241.817	0.431	241.39	-
ONAPING_VALLEY_PUMP	grid	40	-280	15239.426	15239.891	0.464	239.43	-
ONAPING_VALLEY_PUMP	grid	40	-260	15237.986	15238.610	0.624	237.99	-
ONAPING_VALLEY_PUMP	grid	40	-240	15237.025	15237.356	0.332	237.02	-
ONAPING_VALLEY_PUMP	grid	40	-220	15236.482	15236.666	0.184	236.48	-
ONAPING_VALLEY_PUMP	grid	40	-200	15236.307	15236.775	0.469	236.31	-
ONAPING_VALLEY_PUMP	grid	40	-180	15236.421	15236.912	0.490	236.42	-
ONAPING_VALLEY_PUMP	grid	40	-160	15236.766	15237.011	0.245	236.77	-
ONAPING_VALLEY_PUMP	grid	40	-140	15237.261	15237.207	-0.054	237.26	-
ONAPING_VALLEY_PUMP	grid	40	-120	15237.856	15237.834	-0.022	237.86	-
ONAPING_VALLEY_PUMP	grid	40	-100	15238.454	15238.487	0.033	238.45	-
ONAPING_VALLEY_PUMP	grid	40	-80	15238.996	15239.153	0.158	239.00	-
ONAPING_VALLEY_PUMP	grid	40	-60	15239.410	15239.286	-0.124	239.41	-
ONAPING_VALLEY_PUMP	grid	40	-40	15239.614	15239.376	-0.238	239.61	-
ONAPING_VALLEY_PUMP	grid	40	-20	15239.578	15239.456	-0.122	239.58	-
ONAPING_VALLEY_PUMP	grid	40	0	15239.272	15239.168	-0.104	239.27	-
ONAPING_VALLEY_PUMP	grid	40	20	15238.712	15238.518	-0.194	238.71	-
ONAPING_VALLEY_PUMP	grid	40	40	15237.927	15237.871	-0.056	237.93	-
ONAPING_VALLEY_PUMP	grid	40	60	15236.976	15237.010	0.034	236.98	-
ONAPING_VALLEY_PUMP	grid	40	80	15235.923	15235.897	-0.026	235.92	-
ONAPING_VALLEY_PUMP	grid	40	100	15234.830	15234.805	-0.025	234.83	-
ONAPING_VALLEY_PUMP	grid	40	120	15233.750	15233.740	-0.010	233.75	-
ONAPING_VALLEY_PUMP	grid	40	140	15232.703	15232.669	-0.034	232.70	-
ONAPING_VALLEY_PUMP	grid	40	160	15231.675	15231.572	-0.103	231.68	-
ONAPING_VALLEY_PUMP	grid	40	180	15230.618	15230.503	-0.115	230.62	-
ONAPING_VALLEY_PUMP	grid	40	200	15229.446	15229.461	0.015	229.45	-
ONAPING_VALLEY_PUMP	grid	40	220	15228.016	15227.710	-0.306	228.02	-
ONAPING_VALLEY_PUMP	grid	40	240	15226.216	15225.557	-0.659	226.22	-
ONAPING_VALLEY_PUMP	grid	40	260	15223.878	15223.395	-0.484	223.88	-
ONAPING_VALLEY_PUMP	grid	40	280	15220.913	15220.589	-0.323	220.91	-
ONAPING_VALLEY_PUMP	grid	40	300	15217.276	15216.761	-0.515	217.28	-
ONAPING_VALLEY_PUMP	grid	40	320	15212.966	15212.692	-0.275	212.97	-
ONAPING_VALLEY_PUMP	grid	40	340	15208.123	15207.982	-0.141	208.12	-
ONAPING_VALLEY_PUMP	grid	40	360	15202.932	15202.978	0.046	202.93	-
ONAPING_VALLEY_PUMP	grid	40	380	15197.662	15197.949	0.288	197.66	-
ONAPING_VALLEY_PUMP	grid	40	400	15192.567	15192.951	0.385	192.57	-
ONAPING_VALLEY_PUMP	grid	40	420	15188.056	15188.495	0.439	188.06	-
ONAPING_VALLEY_PUMP	grid	40	440	15184.264	15185.723	1.458	184.26	-
ONAPING_VALLEY_PUMP	grid	40	460	15181.481	15182.959	1.479	181.48	-
ONAPING_VALLEY_PUMP	grid	40	480	15179.848	15180.224	0.376	179.85	-
ONAPING_VALLEY_PUMP	grid	40	500	15179.330	15180.391	1.061	179.33	-
ONAPING_VALLEY_PUMP	grid	60	-500	15278.298	15278.007	-0.291	278.30	-
ONAPING_VALLEY_PUMP	grid	60	-480	15275.733	15275.464	-0.269	275.73	-
ONAPING_VALLEY_PUMP	grid	60	-460	15272.652	15272.193	-0.459	272.65	-
ONAPING_VALLEY_PUMP	grid	60	-440	15269.083	15268.917	-0.166	269.08	-
ONAPING_VALLEY_PUMP	grid	60	-420	15265.115	15265.081	-0.033	265.11	-
ONAPING_VALLEY_PUMP	grid	60	-400	15260.894	15260.912	0.018	260.89	-
ONAPING_VALLEY_PUMP	grid	60	-380	15256.599	15256.747	0.148	256.60	-
ONAPING_VALLEY_PUMP	grid	60	-360	15252.451	15252.611	0.160	252.45	-
ONAPING_VALLEY_PUMP	grid	60	-340	15248.646	15248.982	0.336	248.65	-
ONAPING_VALLEY_PUMP	grid	60	-320	15245.278	15246.160	0.882	245.28	-
ONAPING_VALLEY_PUMP	grid	60	-300	15242.541	15243.367	0.826	242.54	-
ONAPING_VALLEY_PUMP	grid	60	-280	15240.405	15240.602	0.197	240.40	-
ONAPING_VALLEY_PUMP	grid	60	-260	15238.880	15239.227	0.348	238.88	-
ONAPING_VALLEY_PUMP	grid	60	-240	15237.951	15238.651	0.700	237.95	-
ONAPING_VALLEY_PUMP	grid	60	-220	15237.521	15238.102	0.581	237.52	-
ONAPING_VALLEY_PUMP	grid	60	-200	15237.535	15237.830	0.294	237.54	-
ONAPING_VALLEY_PUMP	grid	60	-180	15237.899	15237.966	0.068	237.90	-
ONAPING_VALLEY_PUMP	grid	60	-160	15238.524	15238.569	0.045	238.52	-
ONAPING_VALLEY_PUMP	grid	60	-140	15239.326	15239.594	0.269	239.33	-
ONAPING_VALLEY_PUMP	grid	60	-120	15240.203	15240.271	0.068	240.20	-
ONAPING_VALLEY_PUMP	grid	60	-100	15241.055	15240.922	-0.133	241.06	-
ONAPING_VALLEY_PUMP	grid	60	-80	15241.787	15241.601	-0.186	241.79	-
ONAPING_VALLEY_PUMP	grid	60	-60	15242.335	15242.199	-0.136	242.34	-
ONAPING_VALLEY_PUMP	grid	60	-40	15242.617	15242.133	-0.483	242.62	-
ONAPING_VALLEY_PUMP	grid	60	-20	15242.613	15242.123	-0.491	242.61	-
ONAPING_VALLEY_PUMP	grid	60	0	15242.311	15242.230	-0.082	242.31	-
ONAPING_VALLEY_PUMP	grid	60	20	15241.730	15241.596	-0.134	241.73	-
ONAPING_VALLEY_PUMP	grid	60	40	15240.918	15240.707	-0.211	240.92	-
ONAPING_VALLEY_PUMP	grid	60	60	15239.943	15239.846	-0.097	239.94	-
ONAPING_VALLEY_PUMP	grid	60	80	15238.885	15238.923	0.038	238.88	-
ONAPING_VALLEY_PUMP	grid	60	100	15237.815	15237.830	0.015	237.82	-
ONAPING_VALLEY_PUMP	grid	60	120	15236.787	15236.863	0.075	236.79	-
ONAPING_VALLEY_PUMP	grid	60	140	15235.825	15235.940	0.115	235.82	-
ONAPING_VALLEY_PUMP	grid	60	160	15234.912	15234.883	-0.028	234.91	-
ONAPING_VALLEY_PUMP	grid	60	180	15233.994	15233.809	-0.185	233.99	-
ONAPING_VALLEY_PUMP	grid	60	200	15232.973	15232.784	-0.189	232.97	-
ONAPING_VALLEY_PUMP	grid	60	220	15231.688	15231.488	-0.200	231.69	-
ONAPING_VALLEY_PUMP	grid	60	240	15230.019	15229.141	-0.877	230.02	-
ONAPING_VALLEY_PUMP	grid	60	260	15227.787	15226.822	-0.965	227.79	-
ONAPING_VALLEY_PUMP	grid	60	280	15224.874	15224.532	-0.342	224.87	-
ONAPING_VALLEY_PUMP	grid	60	300	15221.238	15220.592	-0.646	221.24	-
ONAPING_VALLEY_PUMP	grid	60	320	15216.844	15215.850	-0.994	216.84	-
ONAPING_VALLEY_PUMP	grid	60	340	15211.823	15211.138	-0.685	211.82	-
ONAPING_VALLEY_PUMP	grid	60	360	15206.357	15206.387	0.030	206.36	-
ONAPING_VALLEY_PUMP	grid	60	380	15200.712	15201.356	0.644	200.71	-
ONAPING_VALLEY_PUMP	grid	60	400	15195.151	15195.838	0.687	195.15	-
ONAPING_VALLEY_PUMP	grid	60	420	15190.088	15190.350	0.262	190.09	-
ONAPING_VALLEY_PUMP	grid	60	440	15185.696	15186.623	0.927	185.70	-
ONAPING_VALLEY_PUMP	grid	60	460	15182.259	15183.885	1.626	182.26	-
ONAPING_VALLEY_PUMP	grid	60	480	15179.968	15181.204	1.236	179.97	-
ONAPING_VALLEY_PUMP	grid	60	500	15178.791	15178.998	0.207	178.79	-
ONAPING_VALLEY_PUMP	grid	80	-500	15281.625	15280.925	-0.699	281.62	-
ONAPING_VALLEY_PUMP	grid	80	-480	15279.181	15278.988	-0.193	279.18	-
ONAPING_VALLEY_PUMP	grid	80	-460	15276.167	15275.784	-0.382	276.17	-
ONAPING_VALLEY_PUMP	grid	80	-440	15272.585	15271.918	-0.666	272.58	-
ONAPING_VALLEY_PUMP	grid	80	-420	15268.521	15268.081	-0.440	268.52	-
ONAPING_VALLEY_PUMP	grid	80	-400	15264.104	15264.166	0.062	264.10	-
ONAPING_VALLEY_PUMP	grid	80	-380	15259.533	15260.000	0.467	259.53	-
ONAPING_VALLEY_PUMP	grid	80	-360	15255.038	15255.545	0.506	255.04	-
ONAPING_VALLEY_PUMP	grid	80	-340	15250.866	15251.074	0.208	250.87	-
ONAPING_VALLEY_PUMP	grid	80	-320	15247.138	15247.853	0.715	247.14	-
ONAPING_VALLEY_PUMP	grid	80	-300	15244.074	15245.042	0.968	244.07	-
ONAPING_VALLEY_PUMP	grid	80	-280	15241.689	15242.379	0.690	241.69	-
ONAPING_VALLEY_PUMP	grid	80	-260	15239.996	15240.420	0.424	240.00	-
ONAPING_VALLEY_PUMP	grid	80	-240	15239.027	15239.928	0.901	239.03	-
ONAPING_VALLEY_PUMP	grid	80	-220	15238.666	15239.463	0.796	238.67	-
ONAPING_VALLEY_PUMP	grid	80	-200	15238.847	15239.024	0.178	238.85	-
ONAPING_VALLEY_PUMP	grid	80	-180	15239.458	15239.756	0.298	239.46	-
ONAPING_VALLEY_PUMP	grid	80	-160	15240.384	15240.754	0.370	240.38	-
ONAPING_VALLEY_PUMP	grid	80	-140	15241.488	15241.780	0.292	241.49	-
ONAPING_VALLEY_PUMP	grid	80	-120	15242.664	15242.741	0.077	242.66	-
ONAPING_VALLEY_PUMP	grid	80	-100	15243.793	15243.482	-0.311	243.79	-
ONAPING_VALLEY_PUMP	grid	80	-80	15244.750	15244.448	-0.302	244.75	-
ONAPING_VALLEY_PUMP	grid	80	-60	15245.473	15245.441	-0.032	245.47	-
ONAPING_VALLEY_PUMP	grid	80	-40	15245.868	15245.709	-0.159	245.87	-
ONAPING_VALLEY_PUMP	grid	80	-20	15245.913	15245.671	-0.242	245.91	-
ONAPING_VALLEY_PUMP	grid	80	0	15245.614	15245.406	-0.208	245.61	-
ONAPING_VALLEY_PUMP	grid	80	20	15244.997	15244.967	-0.030	245.00	-
ONAPING_VALLEY_PUMP	grid	80	40	15244.135	15243.980	-0.155	244.13	-
ONAPING_VALLEY_PUMP	grid	80	60	15243.106	15243.019	-0.087	243.11	-
ONAPING_VALLEY_PUMP	grid	80	80	15242.011	15242.047	0.037	242.01	-
ONAPING_VALLEY_PUMP	grid	80	100	15240.928	15241.018	0.090	240.93	-
ONAPING_VALLEY_PUMP	grid	80	120	15239.928	15240.070	0.143	239.93	-
ONAPING_VALLEY_PUMP	grid	80	140	15239.027	15239.148	0.120	239.03	-
ONAPING_VALLEY_PUMP	grid	80	160	15238.218	15238.229	0.011	238.22	-
ONAPING_VALLEY_PUMP	grid	80	180	15237.431	15237.206	-0.225	237.43	-
ONAPING_VALLEY_PUMP	grid	80	200	15236.572	15236.248	-0.324	236.57	-
ONAPING_VALLEY_PUMP	grid	80	220	15235.451	15235.317	-0.135	235.45	-
ONAPING_VALLEY_PUMP	grid	80	240	15233.953	15233.570	-0.383	233.95	-
ONAPING_VALLEY_PUMP	grid	80	260	15231.872	15231.249	-0.623	231.87	-
ONAPING_VALLEY_PUMP	grid	80	280	15229.063	15228.347	-0.716	229.06	-
ONAPING_VALLEY_PUMP	grid	80	300	15225.480	15225.351	-0.129	225.48	-
ONAPING_VALLEY_PUMP	grid	80	320	15221.051	15220.351	-0.699	221.05	-
ONAPING_VALLEY_PUMP	grid	80	340	15215.905	15215.382	-0.523	215.91	-
ONAPING_VALLEY_PUMP	grid	80	360	15210.210	15210.117	-0.093	210.21	-
ONAPING_VALLEY_PUMP	grid	80	380	15204.221	15204.352	0.131	204.22	-
ONAPING_VALLEY_PUMP	grid	80	400	15198.217	15198.709	0.492	198.22	-
ONAPING_VALLEY_PUMP	grid	80	420	15192.601	15193.098	0.497	192.60	-
ONAPING_VALLEY_PUMP	grid	80	440	15187.601	15187.622	0.021	187.60	-
ONAPING_VALLEY_PUMP	grid	80	460	15183.492	15184.864	1.372	183.49	-
ONAPING_VALLEY_PUMP	grid	80	480	15180.516	15182.237	1.721	180.52	-
ONAPING_VALLEY_PUMP	grid	80	500	15178.642	15179.637	0.996	178.64	-
ONAPING_VALLEY_PUMP	grid	100	-500	15284.908	15284.208	-0.699	284.91	-
ONAPING_VALLEY_PUMP	grid	100	-480	15282.651	15282.026	-0.625	282.65	-
ONAPING_VALLEY_PUMP	grid	100	-460	15279.782	15279.555	-0.227	279.78	-
ONAPING_VALLEY_PUMP	grid	100	-440	15276.266	15275.552	-0.714	276.27	-
ONAPING_VALLEY_PUMP	grid	100	-420	15272.186	15271.577	-0.608	272.19	-
ONAPING_VALLEY_PUMP	grid	100	-400	15267.651	15267.527	-0.123	267.65	-
ONAPING_VALLEY_PUMP	grid	100	-380	15262.871	15262.968	0.097	262.87	-
ONAPING_VALLEY_PUMP	grid	100	-360	15258.077	15258.384	0.307	258.08	-
ONAPING_VALLEY_PUMP	grid	100	-340	15253.546	15253.875	0.328	253.55	-
ONAPING_VALLEY_PUMP	grid	100	-320	15249.444	15249.590	0.146	249.44	-
ONAPING_VALLEY_PUMP	grid	100	-300	15246.003	15247.000	0.998	246.00	-
ONAPING_VALLEY_PUMP	grid	100	-280	15243.325	15244.540	1.215	243.32	-
ONAPING_VALLEY_PUMP	grid	100	-260	15241.406	15242.107	0.700	241.41	-
ONAPING_VALLEY_PUMP	grid	100	-240	15240.345	15240.818	0.474	240.34	-
ONAPING_VALLEY_PUMP	grid	100	-220	15239.982	15240.499	0.516	239.98	-
ONAPING_VALLEY_PUMP	grid	100	-200	15240.267	15240.916	0.649	240.27	-
ONAPING_VALLEY_PUMP	grid	100	-180	15241.078	15241.400	0.322	241.08	-
ONAPING_VALLEY_PUMP	grid	100	-160	15242.272	15242.478	0.206	242.27	-
ONAPING_VALLEY_PUMP	grid	100	-140	15243.699	15243.583	-0.116	243.70	-
ONAPING_VALLEY_PUMP	grid	100	-120	15245.206	15245.164	-0.041	245.21	-
ONAPING_VALLEY_PUMP	grid	100	-100	15246.648	15246.500	-0.148	246.65	-
ONAPING_VALLEY_PUMP	grid	100	-80	15247.866	15247.423	-0.443	247.87	-
ONAPING_VALLEY_PUMP	grid	100	-60	15248.796	15248.373	-0.424	248.80	-
ONAPING_VALLEY_PUMP	grid	100	-40	15249.328	15249.307	-0.021	249.33	-
ONAPING_VALLEY_PUMP	grid	100	-20	15249.450	15248.911	-0.539	249.45	-
ONAPING_VALLEY_PUMP	grid	100	0	15249.166	15248.563	-0.603	249.17	-
ONAPING_VALLEY_PUMP	grid	100	20	15248.516	15248.241	-0.275	248.52	-
ONAPING_VALLEY_PUMP	grid	100	40	15247.591	15247.599	0.008	247.59	-
ONAPING_VALLEY_PUMP	grid	100	60	15246.488	15246.525	0.037	246.49	-
ONAPING_VALLEY_PUMP	grid	100	80	15245.323	15245.370	0.047	245.32	-
ONAPING_VALLEY_PUMP	grid	100	100	15244.187	15244.243	0.056	244.19	-
ONAPING_VALLEY_PUMP	grid	100	120	15243.174	15243.291	0.117	243.17	-
ONAPING_VALLEY_PUMP	grid	100	140	15242.300	15242.370	0.070	242.30	-
ONAPING_VALLEY_PUMP	grid	100	160	15241.563	15241.632	0.069	241.56	-
ONAPING_VALLEY_PUMP	grid	100	180	15240.901	15240.796	-0.105	240.90	-
ONAPING_VALLEY_PUMP	grid	100	200	15240.200	15239.815	-0.385	240.20	-
ONAPING_VALLEY_PUMP	grid	100	220	15239.272	15238.862	-0.410	239.27	-
ONAPING_VALLEY_PUMP	grid	100	240	15237.966	15237.900	-0.066	237.97	-
ONAPING_VALLEY_PUMP	grid	100	260	15236.082	15234.952	-1.130	236.08	-
ONAPING_VALLEY_PUMP	grid	100	280	15233.433	15231.961	-1.472	233.43	-
ONAPING_VALLEY_PUMP	grid	100	300	15229.964	15229.068	-0.896	229.96	-
ONAPING_VALLEY_PUMP	grid	100	320	15225.567	15225.394	-0.173	225.57	-
ONAPING_VALLEY_PUMP	grid	100	340	15220.357	15219.764	-0.593	220.36	-
ONAPING_VALLEY_PUMP	grid	100	360	15214.477	15213.868	-0.609	214.48	-
ONAPING_VALLEY_PUMP	grid	100	380	15208.183	15208.005	-0.179	208.18	-
ONAPING_VALLEY_PUMP	grid	100	400	15201.760	15202.330	0.570	201.76	-
ONAPING_VALLEY_PUMP	grid	100	420	15195.611	15196.698	1.087	195.61	-
ONAPING_VALLEY_PUMP	grid	100	440	15189.999	15190.712	0.713	190.00	-
ONAPING_VALLEY_PUMP	grid	100	460	15185.201	15185.754	0.553	185.20	-
ONAPING_VALLEY_PUMP	grid	100	480	15181.521	15183.159	1.639	181.52	-
ONAPING_VALLEY_PUMP	grid	100	500	15178.925	15180.592	1.667	178.92	-
ONAPING_VALLEY_PUMP	grid	120	-500	15288.015	15287.242	-0.773	288.01	-
ONAPING_VALLEY_PUMP	grid	120	-480	15285.989	15284.961	-1.028	285.99	-
ONAPING_VALLEY_PUMP	grid	120	-460	15283.332	15282.708	-0.624	283.33	-
ONAPING_VALLEY_PUMP	grid	120	-440	15279.961	15279.662	-0.299	279.96	-
ONAPING_VALLEY_PUMP	grid	120	-420	15275.964	15275.406	-0.557	275.96	-
ONAPING_VALLEY_PUMP	grid	120	-400	15271.411	15270.904	-0.507	271.41	-
ONAPING_VALLEY_PUMP	grid	120	-380	15266.511	15266.430	-0.081	266.51	-
ONAPING_VALLEY_PUMP	grid	120	-360	15261.486	15261.851	0.365	261.49	-
ONAPING_VALLEY_PUMP	grid	120	-340	15256.650	15257.293	0.643	256.65	-
ONAPING_VALLEY_PUMP	grid	120	-320	15252.192	15252.668	0.476	252.19	-
ONAPING_VALLEY_PUMP	grid	120	-300	15248.373	15249.006	0.633	248.37	-
ONAPING_VALLEY_PUMP	grid	120	-280	15245.350	15246.581	1.231	245.35	-
ONAPING_VALLEY_PUMP	grid	120	-260	15243.144	15244.183	1.039	243.14	-
ONAPING_VALLEY_PUMP	grid	120	-240	15241.891	15242.089	0.199	241.89	-
ONAPING_VALLEY_PUMP	grid	120	-220	15241.466	15242.417	0.952	241.47	-
ONAPING_VALLEY_PUMP	grid	120	-200	15241.799	15242.956	1.157	241.80	-
ONAPING_VALLEY_PUMP	grid	120	-180	15242.772	15243.409	0.637	242.77	-
ONAPING_VALLEY_PUMP	grid	120	-160	15244.206	15244.124	-0.082	244.21	-
ONAPING_VALLEY_PUMP	grid	120	-140	15245.924	15245.910	-0.014	245.92	-
ONAPING_VALLEY_PUMP	grid	120	-120	15247.752	15247.751	-0.001	247.75	-
ONAPING_VALLEY_PUMP	grid	120	-100	15249.517	15249.620	0.103	249.52	-
ONAPING_VALLEY_PUMP	grid	120	-80	15251.031	15250.658	-0.373	251.03	-
ONAPING_VALLEY_PUMP	grid	120	-60	15252.210	15251.585	-0.625	252.21	-
ONAPING_VALLEY_PUMP	grid	120	-40	15252.931	15252.506	-0.425	252.93	-
ONAPING_VALLEY_PUMP	grid	120	-20	15253.161	15252.932	-0.228	253.16	-
ONAPING_VALLEY_PUMP	grid	120	0	15252.929	15252.456	-0.473	252.93	-
ONAPING_VALLEY_PUMP	grid	120	20	15252.256	15252.008	-0.249	252.26	-
ONAPING_VALLEY_PUMP	grid	120	40	15251.269	15251.190	-0.080	251.27	-
ONAPING_VALLEY_PUMP	grid	120	60	15250.077	15250.015	-0.063	250.08	-
ONAPING_VALLEY_PUMP	grid	120	80	15248.814	15248.805	-0.009	248.81	-
ONAPING_VALLEY_PUMP	grid	120	100	15247.591	15247.623	0.032	247.59	-
ONAPING_VALLEY_PUMP	grid	120	120	15246.520	15246.584	0.064	246.52	-
ONAPING_VALLEY_PUMP	grid	120	140	15245.632	15245.832	0.200	245.63	-
ONAPING_VALLEY_PUMP	grid	120	160	15244.931	15245.108	0.176	244.93	-
ONAPING_VALLEY_PUMP	grid	120	180	15244.357	15244.410	0.053	244.36	-
ONAPING_VALLEY_PUMP	grid	120	200	15243.794	15243.498	-0.296	243.79	-
ONAPING_VALLEY_PUMP	grid	120	220	15243.055	15242.470	-0.584	243.05	-
ONAPING_VALLEY_PUMP	grid	120	240	15241.965	15241.432	-0.532	241.96	-
ONAPING_VALLEY_PUMP	grid	120	260	15240.315	15239.903	-0.412	240.31	-
ONAPING_VALLEY_PUMP	grid	120	280	15237.874	15236.799	-1.075	237.87	-
ONAPING_VALLEY_PUMP	grid	120	300	15234.576	15233.693	-0.882	234.58	-
ONAPING_VALLEY_PUMP	grid	120	320	15230.282	15229.809	-0.473	230.28	-
ONAPING_VALLEY_PUMP	grid	120	340	15225.073	15224.327	-0.746	225.07	-
ONAPING_VALLEY_PUMP	grid	120	360	15219.088	15218.209	-0.879	219.09	-
ONAPING_VALLEY_PUMP	grid	120	380	15212.545	15212.122	-0.423	212.55	-
ONAPING_VALLEY_PUMP	grid	120	400	15205.751	15205.851	0.099	205.75	-
ONAPING_VALLEY_PUMP	grid	120	420	15199.095	15199.798	0.703	199.09	-
ONAPING_VALLEY_PUMP	grid	120	440	15192.885	15193.809	0.924	192.89	-
ONAPING_VALLEY_PUMP	grid	120	460	15187.398	15187.852	0.454	187.40	-
ONAPING_VALLEY_PUMP	grid	120	480	15183.001	15184.016	1.015	183.00	-
ONAPING_VALLEY_PUMP	grid	120	500	15179.669	15181.486	1.816	179.67	-
ONAPING_VALLEY_PUMP	grid	140	-500	15290.797	15290.308	-0.489	290.80	-
ONAPING_VALLEY_PUMP	grid	140	-480	15289.049	15288.011	-1.038	289.05	-
ONAPING_VALLEY_PUMP	grid	140	-460	15286.671	15285.743	-0.929	286.67	-
ONAPING_VALLEY_PUMP	grid	140	-440	15283.522	15283.182	-0.340	283.52	-
ONAPING_VALLEY_PUMP	grid	140	-420	15279.694	15278.986	-0.709	279.69	-
ONAPING_VALLEY_PUMP	grid	140	-400	15275.230	15274.420	-0.810	275.23	-
ONAPING_VALLEY_PUMP	grid	140	-380	15270.311	15269.884	-0.426	270.31	-
ONAPING_VALLEY_PUMP	grid	140	-360	15265.171	15265.315	0.144	265.17	-
ONAPING_VALLEY_PUMP	grid	140	-340	15260.094	15260.658	0.564	260.09	-
ONAPING_VALLEY_PUMP	grid	140	-320	15255.326	15256.031	0.706	255.33	-
ONAPING_VALLEY_PUMP	grid	140	-300	15251.133	15251.434	0.301	251.13	-
ONAPING_VALLEY_PUMP	grid	140	-280	15247.756	15248.521	0.765	247.76	-
ONAPING_VALLEY_PUMP	grid	140	-260	15245.236	15246.579	1.343	245.24	-
ONAPING_VALLEY_PUMP	grid	140	-240	15243.730	15244.769	1.039	243.73	-
ONAPING_VALLEY_PUMP	grid	140	-220	15243.159	15243.574	0.415	243.16	-
ONAPING_VALLEY_PUMP	grid	140	-200	15243.440	15244.113	0.673	243.44	-
ONAPING_VALLEY_PUMP	grid	140	-180	15244.491	15244.919	0.429	244.49	-
ONAPING_VALLEY_PUMP	grid	140	-160	15246.097	15246.351	0.255	246.10	-
ONAPING_VALLEY_PUMP	grid	140	-140	15248.076	15248.135	0.059	248.08	-
ONAPING_VALLEY_PUMP	grid	140	-120	15250.209	15250.062	-0.147	250.21	-
ONAPING_VALLEY_PUMP	grid	140	-100	15252.311	15252.016	-0.295	252.31	-
ONAPING_VALLEY_PUMP	grid	140	-80	15254.136	15253.933	-0.203	254.14	-
ONAPING_VALLEY_PUMP	grid	140	-60	15255.595	15254.793	-0.802	255.60	-
ONAPING_VALLEY_PUMP	grid	140	-40	15256.550	15255.696	-0.854	256.55	-
ONAPING_VALLEY_PUMP	grid	140	-20	15256.938	15256.644	-0.293	256.94	-
ONAPING_VALLEY_PUMP	grid	140	0	15256.800	15256.529	-0.271	256.80	-
ONAPING_VALLEY_PUMP	grid	140	20	15256.143	15255.611	-0.532	256.14	-
ONAPING_VALLEY_PUMP	grid	140	40	15255.112	15254.720	-0.392	255.11	-
ONAPING_VALLEY_PUMP	grid	140	60	15253.832	15253.794	-0.039	253.83	-
ONAPING_VALLEY_PUMP	grid	140	80	15252.457	15252.583	0.127	252.46	-
ONAPING_VALLEY_PUMP	grid	140	100	15251.115	15251.309	0.194	251.12	-
ONAPING_VALLEY_PUMP	grid	140	120	15249.939	15250.000	0.061	249.94	-
ONAPING_VALLEY_PUMP	grid	140	140	15248.985	15249.085	0.100	248.98	-
ONAPING_VALLEY_PUMP	grid	140	160	15248.262	15248.403	0.140	248.26	-
ONAPING_VALLEY_PUMP	grid	140	180	15247.730	15247.748	0.018	247.73	-
ONAPING_VALLEY_PUMP	grid	140	200	15247.265	15247.118	-0.147	247.27	-
ONAPING_VALLEY_PUMP	grid	140	220	15246.695	15246.045	-0.650	246.69	-
ONAPING_VALLEY_PUMP	grid	140	240	15245.816	15244.999	-0.817	245.82	-
ONAPING_VALLEY_PUMP	grid	140	260	15244.421	15243.982	-0.439	244.42	-
ONAPING_VALLEY_PUMP	grid	140	280	15242.231	15241.458	-0.773	242.23	-
ONAPING_VALLEY_PUMP	grid	140	300	15239.169	15237.542	-1.626	239.17	-
ONAPING_VALLEY_PUMP	grid	140	320	15235.058	15233.656	-1.402	235.06	-
ONAPING_VALLEY_PUMP	grid	140	340	15229.933	15229.711	-0.222	229.93	-
ONAPING_VALLEY_PUMP	grid	140	360	15223.917	15223.587	-0.330	223.92	-
ONAPING_VALLEY_PUMP	grid	140	380	15217.194	15216.809	-0.385	217.19	-
ONAPING_VALLEY_PUMP	grid	140	400	15210.093	15209.828	-0.265	210.09	-
ONAPING_VALLEY_PUMP	grid	140	420	15202.978	15203.312	0.334	202.98	-
ONAPING_VALLEY_PUMP	grid	140	440	15196.204	15197.262	1.058	196.20	-
ONAPING_VALLEY_PUMP	grid	140	460	15190.056	15191.222	1.166	190.06	-
ONAPING_VALLEY_PUMP	grid	140	480	15184.945	15184.985	0.040	184.95	-
ONAPING_VALLEY_PUMP	grid	140	500	15180.874	15182.340	1.466	180.87	-
ONAPING_VALLEY_PUMP	grid	160	-500	15293.141	15292.823	-0.318	293.14	-
ONAPING_VALLEY_PUMP	grid	160	-480	15291.691	15291.067	-0.624	291.69	-
ONAPING_VALLEY_PUMP	grid	160	-460	15289.628	15288.406	-1.222	289.63	-
ONAPING_VALLEY_PUMP	grid	160	-440	15286.765	15285.773	-0.992	286.76	-
ONAPING_VALLEY_PUMP	grid	160	-420	15283.201	15282.892	-0.309	283.20	-
ONAPING_VALLEY_PUMP	grid	160	-400	15278.942	15278.324	-0.617	278.94	-
ONAPING_VALLEY_PUMP	grid	160	-380	15274.120	15273.582	-0.539	274.12	-
ONAPING_VALLEY_PUMP	grid	160	-360	15268.975	15268.755	-0.220	268.97	-
ONAPING_VALLEY_PUMP	grid	160	-340	15263.763	15264.045	0.281	263.76	-
ONAPING_VALLEY_PUMP	grid	160	-320	15258.768	15259.417	0.649	258.77	-
ONAPING_VALLEY_PUMP	grid	160	-300	15254.257	15254.847	0.590	254.26	-
ONAPING_VALLEY_PUMP	grid	160	-280	15250.522	15250.769	0.247	250.52	-
ONAPING_VALLEY_PUMP	grid	160	-260	15247.651	15249.034	1.383	247.65	-
ONAPING_VALLEY_PUMP	grid	160	-240	15245.821	15247.325	1.504	245.82	-
ONAPING_VALLEY_PUMP	grid	160	-220	15245.028	15245.644	0.616	245.03	-
ONAPING_VALLEY_PUMP	grid	160	-200	15245.176	15245.811	0.635	245.18	-
ONAPING_VALLEY_PUMP	grid	160	-180	15246.226	15247.216	0.990	246.23	-
ONAPING_VALLEY_PUMP	grid	160	-160	15247.924	15248.648	0.724	247.92	-
ONAPING_VALLEY_PUMP	grid	160	-140	15250.089	15250.140	0.051	250.09	-
ONAPING_VALLEY_PUMP	grid	160	-120	15252.475	15252.093	-0.382	252.48	-
ONAPING_VALLEY_PUMP	grid	160	-100	15254.881	15254.398	-0.483	254.88	-
ONAPING_VALLEY_PUMP	grid	160	-80	15257.032	15256.731	-0.301	257.03	-
ONAPING_VALLEY_PUMP	grid	160	-60	15258.798	15258.265	-0.533	258.80	-
ONAPING_VALLEY_PUMP	grid	160	-40	15260.032	15259.153	-0.879	260.03	-
ONAPING_VALLEY_PUMP	grid	160	-20	15260.629	15259.893	-0.736	260.63	-
ONAPING_VALLEY_PUMP	grid	160	0	15260.644	15260.450	-0.193	260.64	-
ONAPING_VALLEY_PUMP	grid	160	20	15260.061	15259.459	-0.602	260.06	-
ONAPING_VALLEY_PUMP	grid	160	40	15259.033	15258.494	-0.538	259.03	-
ONAPING_VALLEY_PUMP	grid	160	60	15257.694	15257.557	-0.137	257.69	-
ONAPING_VALLEY_PUMP	grid	160	80	15256.207	15256.238	0.031	256.21	-
ONAPING_VALLEY_PUMP	grid	160	100	15254.726	15254.910	0.184	254.73	-
ONAPING_VALLEY_PUMP	grid	160	120	15253.408	15253.600	0.192	253.41	-
ONAPING_VALLEY_PUMP	grid	160	140	15252.332	15252.318	-0.013	252.33	-
ONAPING_VALLEY_PUMP	grid	160	160	15251.520	15251.638	0.119	251.52	-
ONAPING_VALLEY_PUMP	grid	160	180	15250.965	15251.038	0.072	250.97	-
ONAPING_VALLEY_PUMP	grid	160	200	15250.545	15250.465	-0.080	250.54	-
ONAPING_VALLEY_PUMP	grid	160	220	15250.095	15249.686	-0.409	250.10	-
ONAPING_VALLEY_PUMP	grid	160	240	15249.404	15248.640	-0.764	249.40	-
ONAPING_VALLEY_PUMP	grid	160	260	15248.259	15247.324	-0.935	248.26	-
ONAPING_VALLEY_PUMP	grid	160	280	15246.337	15245.924	-0.413	246.34	-
ONAPING_VALLEY_PUMP	grid	160	300	15243.544	15242.119	-1.425	243.54	-
ONAPING_VALLEY_PUMP	grid	160	320	15239.678	15238.090	-1.589	239.68	-
ONAPING_VALLEY_PUMP	grid	160	340	15234.717	15233.996	-0.721	234.72	-
ONAPING_VALLEY_PUMP	grid	160	360	15228.784	15228.228	-0.556	228.78	-
ONAPING_VALLEY_PUMP	grid	160	380	15221.980	15221.084	-0.895	221.98	-
ONAPING_VALLEY_PUMP	grid	160	400	15214.661	15213.981	-0.680	214.66	-
ONAPING_VALLEY_PUMP	grid	160	420	15207.171	15207.030	-0.140	207.17	-
ONAPING_VALLEY_PUMP	grid	160	440	15199.891	15200.716	0.825	199.89	-
ONAPING_VALLEY_PUMP	grid	160	460	15193.127	15194.444	1.317	193.13	-
ONAPING_VALLEY_PUMP	grid	160	480	15187.328	15188.205	0.877	187.33	-
ONAPING_VALLEY_PUMP	grid	160	500	15182.538	15183.053	0.516	182.54	-
ONAPING_VALLEY_PUMP	grid	180	-500	15294.941	15294.163	-0.778	294.94	-
ONAPING_VALLEY_PUMP	grid	180	-480	15293.799	15293.509	-0.290	293.80	-
ONAPING_VALLEY_PUMP	grid	180	-460	15292.078	15290.898	-1.180	292.08	-
ONAPING_VALLEY_PUMP	grid	180	-440	15289.562	15288.294	-1.267	289.56	-
ONAPING_VALLEY_PUMP	grid	180	-420	15286.322	15285.718	-0.604	286.32	-
ONAPING_VALLEY_PUMP	grid	180	-400	15282.360	15281.914	-0.447	282.36	-
ONAPING_VALLEY_PUMP	grid	180	-380	15277.746	15277.085	-0.661	277.75	-
ONAPING_VALLEY_PUMP	grid	180	-360	15272.726	15272.263	-0.463	272.73	-
ONAPING_VALLEY_PUMP	grid	180	-340	15267.504	15267.464	-0.040	267.50	-
ONAPING_VALLEY_PUMP	grid	180	-320	15262.382	15262.923	0.542	262.38	-
ONAPING_VALLEY_PUMP	grid	180	-300	15257.626	15258.529	0.903	257.63	-
ONAPING_VALLEY_PUMP	grid	180	-280	15253.579	15254.165	0.586	253.58	-
ONAPING_VALLEY_PUMP	grid	180	-260	15250.363	15250.990	0.628	250.36	-
ONAPING_VALLEY_PUMP	grid	180	-240	15248.181	15249.281	1.100	248.18	-
ONAPING_VALLEY_PUMP	grid	180	-220	15247.092	15248.222	1.129	247.09	-
ONAPING_VALLEY_PUMP	grid	180	-200	15247.008	15247.230	0.221	247.01	-
ONAPING_VALLEY_PUMP	grid	180	-180	15247.941	15248.609	0.669	247.94	-
ONAPING_VALLEY_PUMP	grid	180	-160	15249.629	15250.197	0.568	249.63	-
ONAPING_VALLEY_PUMP	grid	180	-140	15251.882	15252.029	0.147	251.88	-
ONAPING_VALLEY_PUMP	grid	180	-120	15254.458	15254.293	-0.165	254.46	-
ONAPING_VALLEY_PUMP	grid	180	-100	15257.115	15256.699	-0.415	257.11	-
ONAPING_VALLEY_PUMP	grid	180	-80	15259.567	15259.133	-0.433	259.57	-
ONAPING_VALLEY_PUMP	grid	180	-60	15261.650	15261.594	-0.056	261.65	-
ONAPING_VALLEY_PUMP	grid	180	-40	15263.209	15262.365	-0.844	263.21	-
ONAPING_VALLEY_PUMP	grid	180	-20	15264.079	15262.939	-1.139	264.08	-
ONAPING_VALLEY_PUMP	grid	180	0	15264.307	15263.541	-0.766	264.31	-
ONAPING_VALLEY_PUMP	grid	180	20	15263.870	15263.585	-0.285	263.87	-
ONAPING_VALLEY_PUMP	grid	180	40	15262.902	15262.502	-0.400	262.90	-
ONAPING_VALLEY_PUMP	grid	180	60	15261.558	15261.135	-0.423	261.56	-
ONAPING_VALLEY_PUMP	grid	180	80	15259.986	15259.796	-0.190	259.99	-
ONAPING_VALLEY_PUMP	grid	180	100	15258.376	15258.470	0.094	258.38	-
ONAPING_VALLEY_PUMP	grid	180	120	15256.898	15257.170	0.272	256.90	-
ONAPING_VALLEY_PUMP	grid	180	140	15255.657	15255.803	0.146	255.66	-
ONAPING_VALLEY_PUMP	grid	180	160	15254.694	15254.671	-0.023	254.69	-
ONAPING_VALLEY_PUMP	grid	180	180	15254.039	15254.138	0.099	254.04	-
ONAPING_VALLEY_PUMP	grid	180	200	15253.580	15253.632	0.052	253.58	-
ONAPING_VALLEY_PUMP	grid	180	220	15253.171	15253.139	-0.032	253.17	-
ONAPING_VALLEY_PUMP	grid	180	240	15252.605	15251.870	-0.735	252.60	-
ONAPING_VALLEY_PUMP	grid	180	260	15251.672	15250.443	-1.229	251.67	-
ONAPING_VALLEY_PUMP	grid	180	280	15250.023	15249.042	-0.981	250.02	-
ONAPING_VALLEY_PUMP	grid	180	300	15247.536	15247.035	-0.500	247.54	-
ONAPING_VALLEY_PUMP	grid	180	320	15243.982	15242.566	-1.416	243.98	-
ONAPING_VALLEY_PUMP	grid	180	340	15239.268	15237.584	-1.684	239.27	-
ONAPING_VALLEY_PUMP	grid	180	360	15233.497	15232.633	-0.864	233.50	-
ONAPING_VALLEY_PUMP	grid	180	380	15226.716	15226.159	-0.557	226.72	-
ONAPING_VALLEY_PUMP	grid	180	400	15219.286	15219.045	-0.241	219.29	-
ONAPING_VALLEY_PUMP	grid	180	420	15211.523	15211.393	-0.130	211.52	-
ONAPING_VALLEY_PUMP	grid	180	440	15203.830	15203.861	0.032	203.83	-
ONAPING_VALLEY_PUMP	grid	180	460	15196.534	15197.608	1.074	196.53	-
ONAPING_VALLEY_PUMP	grid	180	480	15190.095	15191.387	1.293	190.09	-
ONAPING_VALLEY_PUMP	grid	180	500	15184.620	15185.204	0.584	184.62	-
ONAPING_VALLEY_PUMP	grid	200	-500	15296.148	15295.254	-0.893	296.15	-
ONAPING_VALLEY_PUMP	grid	200	-480	15295.296	15294.600	-0.697	295.30	-
ONAPING_VALLEY_PUMP	grid	200	-460	15293.899	15293.313	-0.586	293.90	-
ONAPING_VALLEY_PUMP	grid	200	-440	15291.766	15290.619	-1.146	291.77	-
ONAPING_VALLEY_PUMP	grid	200	-420	15288.911	15287.723	-1.189	288.91	-
ONAPING_VALLEY_PUMP	grid	200	-400	15285.340	15284.854	-0.486	285.34	-
ONAPING_VALLEY_PUMP	grid	200	-380	15281.038	15280.391	-0.647	281.04	-
ONAPING_VALLEY_PUMP	grid	200	-360	15276.252	15275.590	-0.662	276.25	-
ONAPING_VALLEY_PUMP	grid	200	-340	15271.155	15270.819	-0.336	271.16	-
ONAPING_VALLEY_PUMP	grid	200	-320	15266.023	15266.199	0.175	266.02	-
ONAPING_VALLEY_PUMP	grid	200	-300	15261.139	15261.892	0.753	261.14	-
ONAPING_VALLEY_PUMP	grid	200	-280	15256.838	15257.615	0.777	256.84	-
ONAPING_VALLEY_PUMP	grid	200	-260	15253.298	15253.487	0.188	253.30	-
ONAPING_VALLEY_PUMP	grid	200	-240	15250.746	15251.970	1.224	250.75	-
ONAPING_VALLEY_PUMP	grid	200	-220	15249.313	15251.084	1.770	249.31	-
ONAPING_VALLEY_PUMP	grid	200	-200	15248.935	15250.091	1.157	248.93	-
ONAPING_VALLEY_PUMP	grid	200	-180	15249.639	15249.795	0.156	249.64	-
ONAPING_VALLEY_PUMP	grid	200	-160	15251.200	15251.779	0.578	251.20	-
ONAPING_VALLEY_PUMP	grid	200	-140	15253.427	15253.935	0.508	253.43	-
ONAPING_VALLEY_PUMP	grid	200	-120	15256.093	15256.120	0.026	256.09	-
ONAPING_VALLEY_PUMP	grid	200	-100	15258.920	15258.477	-0.444	258.92	-
ONAPING_VALLEY_PUMP	grid	200	-80	15261.635	15260.902	-0.733	261.63	-
ONAPING_VALLEY_PUMP	grid	200	-60	15264.015	15263.312	-0.703	264.02	-
ONAPING_VALLEY_PUMP	grid	200	-40	15265.904	15265.336	-0.568	265.90	-
ONAPING_VALLEY_PUMP	grid	200	-20	15267.084	15265.927	-1.156	267.08	-
ONAPING_VALLEY_PUMP	grid	200	0	15267.602	15266.545	-1.056	267.60	-
ONAPING_VALLEY_PUMP	grid	200	20	15267.403	15266.947	-0.456	267.40	-
ONAPING_VALLEY_PUMP	grid	200	40	15266.585	15266.066	-0.519	266.59	-
ONAPING_VALLEY_PUMP	grid	200	60	15265.316	15264.705	-0.611	265.32	-
ONAPING_VALLEY_PUMP	grid	200	80	15263.718	15263.372	-0.346	263.72	-
ONAPING_VALLEY_PUMP	grid	200	100	15262.010	15262.055	0.045	262.01	-
ONAPING_VALLEY_PUMP	grid	200	120	15260.374	15260.618	0.244	260.37	-
ONAPING_VALLEY_PUMP	grid	200	140	15258.939	15259.208	0.269	258.94	-
ONAPING_VALLEY_PUMP	grid	200	160	15257.778	15257.825	0.047	257.78	-
ONAPING_VALLEY_PUMP	grid	200	180	15256.955	15256.993	0.038	256.95	-
ONAPING_VALLEY_PUMP	grid	200	200	15256.373	15256.403	0.030	256.37	-
ONAPING_VALLEY_PUMP	grid	200	220	15255.925	15255.726	-0.200	255.93	-
ONAPING_VALLEY_PUMP	grid	200	240	15255.412	15254.993	-0.418	255.41	-
ONAPING_VALLEY_PUMP	grid	200	260	15254.612	15253.568	-1.044	254.61	-
ONAPING_VALLEY_PUMP	grid	200	280	15253.196	15252.170	-1.026	253.20	-
ONAPING_VALLEY_PUMP	grid	200	300	15250.994	15250.247	-0.747	250.99	-
ONAPING_VALLEY_PUMP	grid	200	320	15247.770	15246.476	-1.294	247.77	-
ONAPING_VALLEY_PUMP	grid	200	340	15243.360	15241.405	-1.955	243.36	-
ONAPING_VALLEY_PUMP	grid	200	360	15237.851	15236.366	-1.486	237.85	-
ONAPING_VALLEY_PUMP	grid	200	380	15231.225	15231.163	-0.062	231.23	-
ONAPING_VALLEY_PUMP	grid	200	400	15223.814	15223.317	-0.496	223.81	-
ONAPING_VALLEY_PUMP	grid	200	420	15215.914	15215.516	-0.398	215.91	-
ONAPING_VALLEY_PUMP	grid	200	440	15207.913	15207.751	-0.162	207.91	-
ONAPING_VALLEY_PUMP	grid	200	460	15200.193	15200.735	0.542	200.19	-
ONAPING_VALLEY_PUMP	grid	200	480	15193.185	15194.529	1.344	193.19	-
ONAPING_VALLEY_PUMP	grid	200	500	15187.095	15188.375	1.280	187.09	-
ONAPING_VALLEY_PUMP	grid	220	-500	15296.737	15295.872	-0.865	296.74	-
ONAPING_VALLEY_PUMP	grid	220	-480	15296.158	15295.305	-0.853	296.16	-
ONAPING_VALLEY_PUMP	grid	220	-460	15295.082	15294.608	-0.474	295.08	-
ONAPING_VALLEY_PUMP	grid	220	-440	15293.328	15292.445	-0.883	293.33	-
ONAPING_VALLEY_PUMP	grid	220	-420	15290.870	15289.621	-1.249	290.87	-
ONAPING_VALLEY_PUMP	grid	220	-400	15287.733	15286.825	-0.908	287.73	-
ONAPING_VALLEY_PUMP	grid	220	-380	15283.827	15283.726	-0.101	283.83	-
ONAPING_VALLEY_PUMP	grid	220	-360	15279.391	15278.922	-0.469	279.39	-
ONAPING_VALLEY_PUMP	grid	220	-340	15274.548	15274.148	-0.400	274.55	-
ONAPING_VALLEY_PUMP	grid	220	-320	15269.533	15269.405	-0.129	269.53	-
ONAPING_VALLEY_PUMP	grid	220	-300	15264.643	15264.950	0.307	264.64	-
ONAPING_VALLEY_PUMP	grid	220	-280	15260.179	15260.939	0.759	260.18	-
ONAPING_VALLEY_PUMP	grid	220	-260	15256.389	15257.142	0.753	256.39	-
ONAPING_VALLEY_PUMP	grid	220	-240	15253.491	15253.720	0.229	253.49	-
ONAPING_VALLEY_PUMP	grid	220	-220	15251.686	15252.851	1.165	251.69	-
ONAPING_VALLEY_PUMP	grid	220	-200	15250.939	15252.042	1.103	250.94	-
ONAPING_VALLEY_PUMP	grid	220	-180	15251.318	15251.770	0.453	251.32	-
ONAPING_VALLEY_PUMP	grid	220	-160	15252.641	15253.043	0.402	252.64	-
ONAPING_VALLEY_PUMP	grid	220	-140	15254.717	15255.351	0.635	254.72	-
ONAPING_VALLEY_PUMP	grid	220	-120	15257.348	15257.687	0.339	257.35	-
ONAPING_VALLEY_PUMP	grid	220	-100	15260.244	15260.106	-0.138	260.24	-
ONAPING_VALLEY_PUMP	grid	220	-80	15263.135	15262.594	-0.540	263.13	-
ONAPING_VALLEY_PUMP	grid	220	-60	15265.774	15265.047	-0.727	265.77	-
ONAPING_VALLEY_PUMP	grid	220	-40	15267.990	15267.486	-0.504	267.99	-
ONAPING_VALLEY_PUMP	grid	220	-20	15269.518	15268.911	-0.607	269.52	-
ONAPING_VALLEY_PUMP	grid	220	0	15270.376	15269.151	-1.225	270.38	-
ONAPING_VALLEY_PUMP	grid	220	20	15270.487	15269.400	-1.088	270.49	-
ONAPING_VALLEY_PUMP	grid	220	40	15269.907	15269.628	-0.280	269.91	-
ONAPING_VALLEY_PUMP	grid	220	60	15268.806	15268.266	-0.540	268.81	-
ONAPING_VALLEY_PUMP	grid	220	80	15267.271	15266.833	-0.437	267.27	-
ONAPING_VALLEY_PUMP	grid	220	100	15265.543	15265.260	-0.283	265.54	-
ONAPING_VALLEY_PUMP	grid	220	120	15263.792	15263.791	-0.000	263.79	-
ONAPING_VALLEY_PUMP	grid	220	140	15262.182	15262.427	0.245	262.18	-
ONAPING_VALLEY_PUMP	grid	220	160	15260.804	15261.089	0.286	260.80	-
ONAPING_VALLEY_PUMP	grid	220	180	15259.748	15259.641	-0.107	259.75	-
ONAPING_VALLEY_PUMP	grid	220	200	15258.965	15258.952	-0.013	258.96	-
ONAPING_VALLEY_PUMP	grid	220	220	15258.372	15258.315	-0.057	258.37	-
ONAPING_VALLEY_PUMP	grid	220	240	15257.806	15257.690	-0.115	257.81	-
ONAPING_VALLEY_PUMP	grid	220	260	15257.054	15256.617	-0.436	257.05	-
ONAPING_VALLEY_PUMP	grid	220	280	15255.816	15254.524	-1.292	255.82	-
ONAPING_VALLEY_PUMP	grid	220	300	15253.872	15252.459	-1.413	253.87	-
ONAPING_VALLEY_PUMP	grid	220	320	15250.986	15250.422	-0.564	250.99	-
ONAPING_VALLEY_PUMP	grid	220	340	15246.920	15245.665	-1.255	246.92	-
ONAPING_VALLEY_PUMP	grid	220	360	15241.732	15240.158	-1.574	241.73	-
ONAPING_VALLEY_PUMP	grid	220	380	15235.357	15234.231	-1.125	235.36	-
ONAPING_VALLEY_PUMP	grid	220	400	15228.080	15227.634	-0.446	228.08	-
ONAPING_VALLEY_PUMP	grid	220	420	15220.177	15219.803	-0.374	220.18	-
ONAPING_VALLEY_PUMP	grid	220	440	15212.015	15212.009	-0.007	212.02	-
ONAPING_VALLEY_PUMP	grid	220	460	15203.993	15204.018	0.026	203.99	-
ONAPING_VALLEY_PUMP	grid	220	480	15196.537	15197.552	1.015	196.54	-
ONAPING_VALLEY_PUMP	grid	220	500	15189.905	15191.469	1.564	189.90	-
ONAPING_VALLEY_PUMP	grid	240	-500	15296.763	15296.329	-0.434	296.76	-
ONAPING_VALLEY_PUMP	grid	240	-480	15296.399	15295.521	-0.879	296.40	-
ONAPING_VALLEY_PUMP	grid	240	-460	15295.597	15294.717	-0.880	295.60	-
ONAPING_VALLEY_PUMP	grid	240	-440	15294.211	15293.926	-0.285	294.21	-
ONAPING_VALLEY_PUMP	grid	240	-420	15292.162	15291.101	-1.060	292.16	-
ONAPING_VALLEY_PUMP	grid	240	-400	15289.479	15288.251	-1.228	289.48	-
ONAPING_VALLEY_PUMP	grid	240	-380	15286.030	15285.354	-0.675	286.03	-
ONAPING_VALLEY_PUMP	grid	240	-360	15282.016	15281.586	-0.430	282.02	-
ONAPING_VALLEY_PUMP	grid	240	-340	15277.533	15276.921	-0.612	277.53	-
ONAPING_VALLEY_PUMP	grid	240	-320	15272.758	15272.285	-0.473	272.76	-
ONAPING_VALLEY_PUMP	grid	240	-300	15267.986	15267.951	-0.036	267.99	-
ONAPING_VALLEY_PUMP	grid	240	-280	15263.482	15264.264	0.782	263.48	-
ONAPING_VALLEY_PUMP	grid	240	-260	15259.518	15260.621	1.103	259.52	-
ONAPING_VALLEY_PUMP	grid	240	-240	15256.324	15257.007	0.683	256.32	-
ONAPING_VALLEY_PUMP	grid	240	-220	15254.164	15254.841	0.678	254.16	-
ONAPING_VALLEY_PUMP	grid	240	-200	15253.026	15254.542	1.516	253.03	-
ONAPING_VALLEY_PUMP	grid	240	-180	15253.006	15254.270	1.264	253.01	-
ONAPING_VALLEY_PUMP	grid	240	-160	15253.990	15254.025	0.035	253.99	-
ONAPING_VALLEY_PUMP	grid	240	-140	15255.790	15256.175	0.384	255.79	-
ONAPING_VALLEY_PUMP	grid	240	-120	15258.272	15258.603	0.331	258.27	-
ONAPING_VALLEY_PUMP	grid	240	-100	15261.116	15261.075	-0.040	261.12	-
ONAPING_VALLEY_PUMP	grid	240	-80	15264.076	15263.571	-0.505	264.08	-
ONAPING_VALLEY_PUMP	grid	240	-60	15266.886	15266.087	-0.799	266.89	-
ONAPING_VALLEY_PUMP	grid	240	-40	15269.369	15268.547	-0.822	269.37	-
ONAPING_VALLEY_PUMP	grid	240	-20	15271.236	15270.828	-0.408	271.24	-
ONAPING_VALLEY_PUMP	grid	240	0	15272.467	15271.346	-1.121	272.47	-
ONAPING_VALLEY_PUMP	grid	240	20	15272.971	15271.670	-1.301	272.97	-
ONAPING_VALLEY_PUMP	grid	240	40	15272.726	15272.020	-0.706	272.73	-
ONAPING_VALLEY_PUMP	grid	240	60	15271.900	15271.608	-0.292	271.90	-
ONAPING_VALLEY_PUMP	grid	240	80	15270.535	15270.064	-0.471	270.54	-
ONAPING_VALLEY_PUMP	grid	240	100	15268.873	15268.490	-0.383	268.87	-
ONAPING_VALLEY_PUMP	grid	240	120	15267.086	15266.944	-0.142	267.09	-
ONAPING_VALLEY_PUMP	grid	240	140	15265.336	15265.533	0.196	265.34	-
ONAPING_VALLEY_PUMP	grid	240	160	15263.756	15264.014	0.258	263.76	-
ONAPING_VALLEY_PUMP	grid	240	180	15262.454	15262.523	0.069	262.45	-
ONAPING_VALLEY_PUMP	grid	240	200	15261.424	15261.300	-0.125	261.42	-
ONAPING_VALLEY_PUMP	grid	240	220	15260.615	15260.663	0.048	260.61	-
ONAPING_VALLEY_PUMP	grid	240	240	15259.916	15259.828	-0.088	259.92	-
ONAPING_VALLEY_PUMP	grid	240	260	15259.108	15258.792	-0.316	259.11	-
ONAPING_VALLEY_PUMP	grid	240	280	15257.946	15256.927	-1.019	257.95	-
ONAPING_VALLEY_PUMP	grid	240	300	15256.182	15254.828	-1.354	256.18	-
ONAPING_VALLEY_PUMP	grid	240	320	15253.583	15252.756	-0.826	253.58	-
ONAPING_VALLEY_PUMP	grid	240	340	15249.867	15249.284	-0.583	249.87	-
ONAPING_VALLEY_PUMP	grid	240	360	15245.053	15243.256	-1.797	245.05	-
ONAPING_VALLEY_PUMP	grid	240	380	15239.028	15237.274	-1.754	239.03	-
ONAPING_VALLEY_PUMP	grid	240	400	15232.007	15231.376	-0.631	232.01	-
ONAPING_VALLEY_PUMP	grid	240	420	15224.249	15224.103	-0.146	224.25	-
ONAPING_VALLEY_PUMP	grid	240	440	15216.058	15216.031	-0.026	216.06	-
ONAPING_VALLEY_PUMP	grid	240	460	15207.870	15207.996	0.126	207.87	-
ONAPING_VALLEY_PUMP	grid	240	480	15200.091	15200.264	0.173	200.09	-
ONAPING_VALLEY_PUMP	grid	240	500	15193.032	15194.179	1.147	193.03	-
ONAPING_VALLEY_PUMP	grid	260	-500	15296.300	15296.047	-0.253	296.30	-
ONAPING_VALLEY_PUMP	grid	260	-480	15296.119	15295.430	-0.690	296.12	-
ONAPING_VALLEY_PUMP	grid	260	-460	15295.551	15294.682	-0.869	295.55	-
ONAPING_VALLEY_PUMP	grid	260	-440	15294.478	15293.961	-0.517	294.48	-
ONAPING_VALLEY_PUMP	grid	260	-420	15292.803	15292.418	-0.384	292.80	-
ONAPING_VALLEY_PUMP	grid	260	-400	15290.548	15289.582	-0.967	290.55	-
ONAPING_VALLEY_PUMP	grid	260	-380	15287.593	15286.691	-0.901	287.59	-
ONAPING_VALLEY_PUMP	grid	260	-360	15284.051	15283.823	-0.229	284.05	-
ONAPING_VALLEY_PUMP	grid	260	-340	15280.016	15279.536	-0.480	280.02	-
ONAPING_VALLEY_PUMP	grid	260	-320	15275.583	15275.196	-0.387	275.58	-
ONAPING_VALLEY_PUMP	grid	260	-300	15271.045	15270.885	-0.160	271.05	-
ONAPING_VALLEY_PUMP	grid	260	-280	15266.620	15266.795	0.174	266.62	-
ONAPING_VALLEY_PUMP	grid	260	-260	15262.596	15263.151	0.555	262.60	-
ONAPING_VALLEY_PUMP	grid	260	-240	15259.196	15259.940	0.744	259.20	-
ONAPING_VALLEY_PUMP	grid	260	-220	15256.713	15256.915	0.201	256.71	-
ONAPING_VALLEY_PUMP	grid	260	-200	15255.187	15256.181	0.994	255.19	-
ONAPING_VALLEY_PUMP	grid	260	-180	15254.731	15256.061	1.330	254.73	-
ONAPING_VALLEY_PUMP	grid	260	-160	15255.305	15256.020	0.715	255.31	-
ONAPING_VALLEY_PUMP	grid	260	-140	15256.730	15256.869	0.139	256.73	-
ONAPING_VALLEY_PUMP	grid	260	-120	15258.928	15259.414	0.486	258.93	-
ONAPING_VALLEY_PUMP	grid	260	-100	15261.588	15261.987	0.399	261.59	-
ONAPING_VALLEY_PUMP	grid	260	-80	15264.491	15264.571	0.081	264.49	-
ONAPING_VALLEY_PUMP	grid	260	-60	15267.383	15266.908	-0.475	267.38	-
ONAPING_VALLEY_PUMP	grid	260	-40	15270.054	15269.161	-0.893	270.05	-
ONAPING_VALLEY_PUMP	grid	260	-20	15272.236	15271.442	-0.793	272.24	-
ONAPING_VALLEY_PUMP	grid	260	0	15273.831	15273.300	-0.531	273.83	-
ONAPING_VALLEY_PUMP	grid	260	20	15274.744	15273.610	-1.135	274.74	-
ONAPING_VALLEY_PUMP	grid	260	40	15274.895	15273.705	-1.191	274.90	-
ONAPING_VALLEY_PUMP	grid	260	60	15274.430	15273.826	-0.604	274.43	-
ONAPING_VALLEY_PUMP	grid	260	80	15273.357	15272.807	-0.550	273.36	-
ONAPING_VALLEY_PUMP	grid	260	100	15271.882	15271.306	-0.576	271.88	-
ONAPING_VALLEY_PUMP	grid	260	120	15270.169	15269.792	-0.377	270.17	-
ONAPING_VALLEY_PUMP	grid	260	140	15268.369	15268.265	-0.104	268.37	-
ONAPING_VALLEY_PUMP	grid	260	160	15266.643	15266.790	0.147	266.64	-
ONAPING_VALLEY_PUMP	grid	260	180	15265.112	15265.343	0.231	265.11	-
ONAPING_VALLEY_PUMP	grid	260	200	15263.818	15263.922	0.105	263.82	-
ONAPING_VALLEY_PUMP	grid	260	220	15262.741	15262.656	-0.085	262.74	-
ONAPING_VALLEY_PUMP	grid	260	240	15261.822	15261.590	-0.232	261.82	-
ONAPING_VALLEY_PUMP	grid	260	260	15260.881	15260.554	-0.326	260.88	-
ONAPING_VALLEY_PUMP	grid	260	280	15259.705	15259.438	-0.267	259.71	-
ONAPING_VALLEY_PUMP	grid	260	300	15258.048	15257.161	-0.887	258.05	-
ONAPING_VALLEY_PUMP	grid	260	320	15255.682	15254.276	-1.405	255.68	-
ONAPING_VALLEY_PUMP	grid	260	340	15252.288	15251.419	-0.869	252.29	-
ONAPING_VALLEY_PUMP	grid	260	360	15247.849	15246.805	-1.043	247.85	-
ONAPING_VALLEY_PUMP	grid	260	380	15242.221	15240.807	-1.414	242.22	-
ONAPING_VALLEY_PUMP	grid	260	400	15235.541	15234.507	-1.034	235.54	-
ONAPING_VALLEY_PUMP	grid	260	420	15228.047	15227.961	-0.087	228.05	-
ONAPING_VALLEY_PUMP	grid	260	440	15219.979	15219.917	-0.062	219.98	-
ONAPING_VALLEY_PUMP	grid	260	460	15211.775	15211.910	0.134	211.78	-
ONAPING_VALLEY_PUMP	grid	260	480	15203.813	15203.938	0.126	203.81	-
ONAPING_VALLEY_PUMP	grid	260	500	15196.436	15197.186	0.751	196.44	-
ONAPING_VALLEY_PUMP	grid	280	-500	15295.468	15295.030	-0.438	295.47	-
ONAPING_VALLEY_PUMP	grid	280	-480	15295.424	15295.159	-0.265	295.42	-
ONAPING_VALLEY_PUMP	grid	280	-460	15295.031	15294.395	-0.636	295.03	-
ONAPING_VALLEY_PUMP	grid	280	-440	15294.221	15293.432	-0.789	294.22	-
ONAPING_VALLEY_PUMP	grid	280	-420	15292.883	15292.497	-0.386	292.88	-
ONAPING_VALLEY_PUMP	grid	280	-400	15291.030	15290.265	-0.765	291.03	-
ONAPING_VALLEY_PUMP	grid	280	-380	15288.547	15287.456	-1.091	288.55	-
ONAPING_VALLEY_PUMP	grid	280	-360	15285.493	15284.728	-0.765	285.49	-
ONAPING_VALLEY_PUMP	grid	280	-340	15281.949	15281.801	-0.148	281.95	-
ONAPING_VALLEY_PUMP	grid	280	-320	15277.935	15277.607	-0.328	277.93	-
ONAPING_VALLEY_PUMP	grid	280	-300	15273.728	15273.442	-0.285	273.73	-
ONAPING_VALLEY_PUMP	grid	280	-280	15269.499	15269.333	-0.167	269.50	-
ONAPING_VALLEY_PUMP	grid	280	-260	15265.521	15266.175	0.654	265.52	-
ONAPING_VALLEY_PUMP	grid	280	-240	15262.022	15263.244	1.221	262.02	-
ONAPING_VALLEY_PUMP	grid	280	-220	15259.293	15260.217	0.923	259.29	-
ONAPING_VALLEY_PUMP	grid	280	-200	15257.421	15257.593	0.172	257.42	-
ONAPING_VALLEY_PUMP	grid	280	-180	15256.527	15257.621	1.094	256.53	-
ONAPING_VALLEY_PUMP	grid	280	-160	15256.651	15257.816	1.164	256.65	-
ONAPING_VALLEY_PUMP	grid	280	-140	15257.638	15258.037	0.400	257.64	-
ONAPING_VALLEY_PUMP	grid	280	-120	15259.449	15259.685	0.237	259.45	-
ONAPING_VALLEY_PUMP	grid	280	-100	15261.815	15262.258	0.443	261.82	-
ONAPING_VALLEY_PUMP	grid	280	-80	15264.533	15264.648	0.115	264.53	-
ONAPING_VALLEY_PUMP	grid	280	-60	15267.375	15267.049	-0.327	267.38	-
ONAPING_VALLEY_PUMP	grid	280	-40	15270.118	15269.382	-0.737	270.12	-
ONAPING_VALLEY_PUMP	grid	280	-20	15272.522	15271.743	-0.779	272.52	-
ONAPING_VALLEY_PUMP	grid	280	0	15274.439	15274.003	-0.436	274.44	-
ONAPING_VALLEY_PUMP	grid	280	20	15275.767	15275.021	-0.746	275.77	-
ONAPING_VALLEY_PUMP	grid	280	40	15276.356	15275.218	-1.138	276.36	-
ONAPING_VALLEY_PUMP	grid	280	60	15276.322	15275.441	-0.881	276.32	-
ONAPING_VALLEY_PUMP	grid	280	80	15275.631	15275.564	-0.067	275.63	-
ONAPING_VALLEY_PUMP	grid	280	100	15274.444	15273.993	-0.451	274.44	-
ONAPING_VALLEY_PUMP	grid	280	120	15272.923	15272.433	-0.490	272.92	-
ONAPING_VALLEY_PUMP	grid	280	140	15271.180	15270.900	-0.279	271.18	-
ONAPING_VALLEY_PUMP	grid	280	160	15269.405	15269.410	0.006	269.40	-
ONAPING_VALLEY_PUMP	grid	280	180	15267.716	15267.921	0.205	267.72	-
ONAPING_VALLEY_PUMP	grid	280	200	15266.194	15266.294	0.099	266.19	-
ONAPING_VALLEY_PUMP	grid	280	220	15264.854	15264.694	-0.161	264.85	-
ONAPING_VALLEY_PUMP	grid	280	240	15263.693	15263.581	-0.112	263.69	-
ONAPING_VALLEY_PUMP	grid	280	260	15262.549	15262.513	-0.037	262.55	-
ONAPING_VALLEY_PUMP	grid	280	280	15261.270	15261.159	-0.112	261.27	-
ONAPING_VALLEY_PUMP	grid	280	300	15259.627	15258.970	-0.657	259.63	-
ONAPING_VALLEY_PUMP	grid	280	320	15257.401	15255.969	-1.432	257.40	-
ONAPING_VALLEY_PUMP	grid	280	340	15254.284	15252.996	-1.287	254.28	-
ONAPING_VALLEY_PUMP	grid	280	360	15250.202	15250.052	-0.150	250.20	-
ONAPING_VALLEY_PUMP	grid	280	380	15245.001	15243.837	-1.164	245.00	-
ONAPING_VALLEY_PUMP	grid	280	400	15238.732	15237.281	-1.451	238.73	-
ONAPING_VALLEY_PUMP	grid	280	420	15231.601	15230.757	-0.844	231.60	-
ONAPING_VALLEY_PUMP	grid	280	440	15223.777	15223.729	-0.049	223.78	-
ONAPING_VALLEY_PUMP	grid	280	460	15215.689	15215.785	0.096	215.69	-
ONAPING_VALLEY_PUMP	grid	280	480	15207.684	15208.071	0.387	207.68	-
ONAPING_VALLEY_PUMP	grid	280	500	15200.122	15200.392	0.270	200.12	-
ONAPING_VALLEY_PUMP	grid	300	-500	15294.412	15294.042	-0.370	294.41	-
ONAPING_VALLEY_PUMP	grid	300	-480	15294.468	15294.299	-0.168	294.47	-
ONAPING_VALLEY_PUMP	grid	300	-460	15294.207	15293.825	-0.383	294.21	-
ONAPING_VALLEY_PUMP	grid	300	-440	15293.598	15292.865	-0.733	293.60	-
ONAPING_VALLEY_PUMP	grid	300	-420	15292.532	15291.932	-0.599	292.53	-
ONAPING_VALLEY_PUMP	grid	300	-400	15291.022	15290.976	-0.046	291.02	-
ONAPING_VALLEY_PUMP	grid	300	-380	15288.975	15288.249	-0.726	288.98	-
ONAPING_VALLEY_PUMP	grid	300	-360	15286.391	15285.559	-0.832	286.39	-
ONAPING_VALLEY_PUMP	grid	300	-340	15283.346	15282.898	-0.449	283.35	-
ONAPING_VALLEY_PUMP	grid	300	-320	15279.793	15279.470	-0.323	279.79	-
ONAPING_VALLEY_PUMP	grid	300	-300	15275.984	15275.495	-0.489	275.98	-
ONAPING_VALLEY_PUMP	grid	300	-280	15272.057	15271.855	-0.202	272.06	-
ONAPING_VALLEY_PUMP	grid	300	-260	15268.230	15268.245	0.015	268.23	-
ONAPING_VALLEY_PUMP	grid	300	-240	15264.747	15265.349	0.601	264.75	-
ONAPING_VALLEY_PUMP	grid	300	-220	15261.856	15262.488	0.632	261.86	-
ONAPING_VALLEY_PUMP	grid	300	-200	15259.705	15260.119	0.414	259.71	-
ONAPING_VALLEY_PUMP	grid	300	-180	15258.420	15259.040	0.620	258.42	-
ONAPING_VALLEY_PUMP	grid	300	-160	15258.101	15259.329	1.228	258.10	-
ONAPING_VALLEY_PUMP	grid	300	-140	15258.616	15259.645	1.029	258.62	-
ONAPING_VALLEY_PUMP	grid	300	-120	15259.968	15260.012	0.044	259.97	-
ONAPING_VALLEY_PUMP	grid	300	-100	15261.945	15262.269	0.324	261.95	-
ONAPING_VALLEY_PUMP	grid	300	-80	15264.358	15264.653	0.295	264.36	-
ONAPING_VALLEY_PUMP	grid	300	-60	15267.039	15267.063	0.024	267.04	-
ONAPING_VALLEY_PUMP	grid	300	-40	15269.742	15269.457	-0.285	269.74	-
ONAPING_VALLEY_PUMP	grid	300	-20	15272.264	15271.578	-0.686	272.26	-
ONAPING_VALLEY_PUMP	grid	300	0	15274.416	15273.642	-0.774	274.42	-
ONAPING_VALLEY_PUMP	grid	300	20	15276.091	15275.733	-0.357	276.09	-
ONAPING_VALLEY_PUMP	grid	300	40	15277.098	15276.135	-0.963	277.10	-
ONAPING_VALLEY_PUMP	grid	300	60	15277.508	15276.346	-1.162	277.51	-
ONAPING_VALLEY_PUMP	grid	300	80	15277.268	15276.514	-0.754	277.27	-
ONAPING_VALLEY_PUMP	grid	300	100	15276.467	15276.098	-0.368	276.47	-
ONAPING_VALLEY_PUMP	grid	300	120	15275.256	15274.640	-0.616	275.26	-
ONAPING_VALLEY_PUMP	grid	300	140	15273.690	15273.209	-0.480	273.69	-
ONAPING_VALLEY_PUMP	grid	300	160	15271.980	15271.832	-0.148	271.98	-
ONAPING_VALLEY_PUMP	grid	300	180	15270.234	15270.252	0.018	270.23	-
ONAPING_VALLEY_PUMP	grid	300	200	15268.560	15268.648	0.089	268.56	-
ONAPING_VALLEY_PUMP	grid	300	220	15267.002	15267.060	0.059	267.00	-
ONAPING_VALLEY_PUMP	grid	300	240	15265.599	15265.629	0.030	265.60	-
ONAPING_VALLEY_PUMP	grid	300	260	15264.243	15264.053	-0.190	264.24	-
ONAPING_VALLEY_PUMP	grid	300	280	15262.814	15262.464	-0.350	262.81	-
ONAPING_VALLEY_PUMP	grid	300	300	15261.125	15260.903	-0.222	261.13	-
ONAPING_VALLEY_PUMP	grid	300	320	15258.974	15258.255	-0.719	258.97	-
ONAPING_VALLEY_PUMP	grid	300	340	15256.064	15255.084	-0.980	256.06	-
ONAPING_VALLEY_PUMP	grid	300	360	15252.294	15251.445	-0.849	252.29	-
ONAPING_VALLEY_PUMP	grid	300	380	15247.503	15247.166	-0.337	247.50	-
ONAPING_VALLEY_PUMP	grid	300	400	15241.669	15240.523	-1.146	241.67	-
ONAPING_VALLEY_PUMP	grid	300	420	15234.967	15233.914	-1.054	234.97	-
ONAPING_VALLEY_PUMP	grid	300	440	15227.486	15227.271	-0.216	227.49	-
ONAPING_VALLEY_PUMP	grid	300	460	15219.635	15219.899	0.264	219.63	-
ONAPING_VALLEY_PUMP	grid	300	480	15211.714	15212.215	0.501	211.71	-
ONAPING_VALLEY_PUMP	grid	300	500	15204.079	15204.566	0.488	204.08	-
ONAPING_VALLEY_PUMP	grid	320	-500	15293.274	15292.902	-0.372	293.27	-
ONAPING_VALLEY_PUMP	grid	320	-480	15293.396	15293.005	-0.391	293.40	-
ONAPING_VALLEY_PUMP	grid	320	-460	15293.229	15293.135	-0.094	293.23	-
ONAPING_VALLEY_PUMP	grid	320	-440	15292.763	15292.308	-0.455	292.76	-
ONAPING_VALLEY_PUMP	grid	320	-420	15291.912	15291.348	-0.564	291.91	-
ONAPING_VALLEY_PUMP	grid	320	-400	15290.685	15290.318	-0.367	290.68	-
ONAPING_VALLEY_PUMP	grid	320	-380	15289.013	15288.713	-0.300	289.01	-
ONAPING_VALLEY_PUMP	grid	320	-360	15286.853	15286.087	-0.767	286.85	-
ONAPING_VALLEY_PUMP	grid	320	-340	15284.270	15283.489	-0.782	284.27	-
ONAPING_VALLEY_PUMP	grid	320	-320	15281.202	15281.090	-0.112	281.20	-
ONAPING_VALLEY_PUMP	grid	320	-300	15277.828	15277.747	-0.081	277.83	-
ONAPING_VALLEY_PUMP	grid	320	-280	15274.263	15274.244	-0.019	274.26	-
ONAPING_VALLEY_PUMP	grid	320	-260	15270.676	15270.769	0.093	270.68	-
ONAPING_VALLEY_PUMP	grid	320	-240	15267.307	15267.540	0.232	267.31	-
ONAPING_VALLEY_PUMP	grid	320	-220	15264.368	15265.222	0.855	264.37	-
ONAPING_VALLEY_PUMP	grid	320	-200	15262.035	15262.933	0.898	262.03	-
ONAPING_VALLEY_PUMP	grid	320	-180	15260.430	15260.671	0.241	260.43	-
ONAPING_VALLEY_PUMP	grid	320	-160	15259.705	15260.470	0.765	259.70	-
ONAPING_VALLEY_PUMP	grid	320	-140	15259.762	15260.835	1.073	259.76	-
ONAPING_VALLEY_PUMP	grid	320	-120	15260.632	15261.255	0.624	260.63	-
ONAPING_VALLEY_PUMP	grid	320	-100	15262.165	15262.242	0.077	262.16	-
ONAPING_VALLEY_PUMP	grid	320	-80	15264.185	15264.632	0.447	264.18	-
ONAPING_VALLEY_PUMP	grid	320	-60	15266.593	15267.023	0.430	266.59	-
ONAPING_VALLEY_PUMP	grid	320	-40	15269.131	15269.130	-0.001	269.13	-
ONAPING_VALLEY_PUMP	grid	320	-20	15271.636	15271.199	-0.437	271.64	-
ONAPING_VALLEY_PUMP	grid	320	0	15273.915	15273.275	-0.640	273.91	-
ONAPING_VALLEY_PUMP	grid	320	20	15275.846	15275.379	-0.468	275.85	-
ONAPING_VALLEY_PUMP	grid	320	40	15277.218	15276.988	-0.231	277.22	-
ONAPING_VALLEY_PUMP	grid	320	60	15278.056	15277.180	-0.876	278.06	-
ONAPING_VALLEY_PUMP	grid	320	80	15278.271	15277.347	-0.924	278.27	-
ONAPING_VALLEY_PUMP	grid	320	100	15277.900	15277.543	-0.357	277.90	-
ONAPING_VALLEY_PUMP	grid	320	120	15277.072	15276.593	-0.479	277.07	-
ONAPING_VALLEY_PUMP	grid	320	140	15275.787	15275.204	-0.583	275.79	-
ONAPING_VALLEY_PUMP	grid	320	160	15274.261	15273.848	-0.413	274.26	-
ONAPING_VALLEY_PUMP	grid	320	180	15272.589	15272.469	-0.119	272.59	-
ONAPING_VALLEY_PUMP	grid	320	200	15270.872	15270.866	-0.007	270.87	-
ONAPING_VALLEY_PUMP	grid	320	220	15269.200	15269.255	0.055	269.20	-
ONAPING_VALLEY_PUMP	grid	320	240	15267.613	15267.585	-0.028	267.61	-
ONAPING_VALLEY_PUMP	grid	320	260	15266.070	15265.891	-0.179	266.07	-
ONAPING_VALLEY_PUMP	grid	320	280	15264.484	15264.194	-0.290	264.48	-
ONAPING_VALLEY_PUMP	grid	320	300	15262.711	15262.525	-0.186	262.71	-
ONAPING_VALLEY_PUMP	grid	320	320	15260.569	15260.444	-0.125	260.57	-
ONAPING_VALLEY_PUMP	grid	320	340	15257.816	15256.582	-1.234	257.82	-
ONAPING_VALLEY_PUMP	grid	320	360	15254.306	15252.814	-1.492	254.31	-
ONAPING_VALLEY_PUMP	grid	320	380	15249.890	15249.204	-0.686	249.89	-
ONAPING_VALLEY_PUMP	grid	320	400	15244.487	15243.941	-0.547	244.49	-
ONAPING_VALLEY_PUMP	grid	320	420	15238.231	15237.222	-1.009	238.23	-
ONAPING_VALLEY_PUMP	grid	320	440	15231.168	15230.535	-0.633	231.17	-
ONAPING_VALLEY_PUMP	grid	320	460	15223.648	15223.877	0.229	223.65	-
ONAPING_VALLEY_PUMP	grid	320	480	15215.931	15216.189	0.258	215.93	-
ONAPING_VALLEY_PUMP	grid	320	500	15208.345	15208.710	0.365	208.34	-
ONAPING_VALLEY_PUMP	grid	340	-500	15292.162	15291.895	-0.266	292.16	-
ONAPING_VALLEY_PUMP	grid	340	-480	15292.343	15291.932	-0.411	292.34	-
ONAPING_VALLEY_PUMP	grid	340	-460	15292.250	15291.996	-0.253	292.25	-
ONAPING_VALLEY_PUMP	grid	340	-440	15291.881	15291.752	-0.128	291.88	-
ONAPING_VALLEY_PUMP	grid	340	-420	15291.193	15290.653	-0.540	291.19	-
ONAPING_VALLEY_PUMP	grid	340	-400	15290.183	15289.623	-0.559	290.18	-
ONAPING_VALLEY_PUMP	grid	340	-380	15288.810	15288.621	-0.189	288.81	-
ONAPING_VALLEY_PUMP	grid	340	-360	15287.017	15286.493	-0.523	287.02	-
ONAPING_VALLEY_PUMP	grid	340	-340	15284.842	15284.136	-0.705	284.84	-
ONAPING_VALLEY_PUMP	grid	340	-320	15282.236	15281.807	-0.429	282.24	-
ONAPING_VALLEY_PUMP	grid	340	-300	15279.299	15279.277	-0.022	279.30	-
ONAPING_VALLEY_PUMP	grid	340	-280	15276.140	15275.773	-0.367	276.14	-
ONAPING_VALLEY_PUMP	grid	340	-260	15272.859	15272.592	-0.267	272.86	-
ONAPING_VALLEY_PUMP	grid	340	-240	15269.688	15269.710	0.022	269.69	-
ONAPING_VALLEY_PUMP	grid	340	-220	15266.799	15267.301	0.502	266.80	-
ONAPING_VALLEY_PUMP	grid	340	-200	15264.378	15265.144	0.766	264.38	-
ONAPING_VALLEY_PUMP	grid	340	-180	15262.553	15263.015	0.462	262.55	-
ONAPING_VALLEY_PUMP	grid	340	-160	15261.496	15261.678	0.182	261.50	-
ONAPING_VALLEY_PUMP	grid	340	-140	15261.152	15262.084	0.932	261.15	-
ONAPING_VALLEY_PUMP	grid	340	-120	15261.553	15262.517	0.964	261.55	-
ONAPING_VALLEY_PUMP	grid	340	-100	15262.626	15262.973	0.348	262.63	-
ONAPING_VALLEY_PUMP	grid	340	-80	15264.206	15264.489	0.283	264.21	-
ONAPING_VALLEY_PUMP	grid	340	-60	15266.263	15266.568	0.305	266.26	-
ONAPING_VALLEY_PUMP	grid	340	-40	15268.542	15268.676	0.134	268.54	-
ONAPING_VALLEY_PUMP	grid	340	-20	15270.910	15270.803	-0.107	270.91	-
ONAPING_VALLEY_PUMP	grid	340	0	15273.192	15272.878	-0.313	273.19	-
ONAPING_VALLEY_PUMP	grid	340	20	15275.245	15274.733	-0.512	275.25	-
ONAPING_VALLEY_PUMP	grid	340	40	15276.883	15276.570	-0.313	276.88	-
ONAPING_VALLEY_PUMP	grid	340	60	15278.063	15277.508	-0.555	278.06	-
ONAPING_VALLEY_PUMP	grid	340	80	15278.702	15277.752	-0.951	278.70	-
ONAPING_VALLEY_PUMP	grid	340	100	15278.765	15278.019	-0.746	278.76	-
ONAPING_VALLEY_PUMP	grid	340	120	15278.352	15278.250	-0.102	278.35	-
ONAPING_VALLEY_PUMP	grid	340	140	15277.436	15276.963	-0.473	277.44	-
ONAPING_VALLEY_PUMP	grid	340	160	15276.193	15275.703	-0.491	276.19	-
ONAPING_VALLEY_PUMP	grid	340	180	15274.703	15274.470	-0.233	274.70	-
ONAPING_VALLEY_PUMP	grid	340	200	15273.063	15273.033	-0.030	273.06	-
ONAPING_VALLEY_PUMP	grid	340	220	15271.383	15271.335	-0.048	271.38	-
ONAPING_VALLEY_PUMP	grid	340	240	15269.713	15269.664	-0.049	269.71	-
ONAPING_VALLEY_PUMP	grid	340	260	15268.052	15268.021	-0.032	268.05	-
ONAPING_VALLEY_PUMP	grid	340	280	15266.353	15266.326	-0.028	266.35	-
ONAPING_VALLEY_PUMP	grid	340	300	15264.510	15264.228	-0.282	264.51	-
ONAPING_VALLEY_PUMP	grid	340	320	15262.368	15262.158	-0.210	262.37	-
ONAPING_VALLEY_PUMP	grid	340	340	15259.723	15259.349	-0.374	259.72	-
ONAPING_VALLEY_PUMP	grid	340	360	15256.431	15255.515	-0.916	256.43	-
ONAPING_VALLEY_PUMP	grid	340	380	15252.345	15251.572	-0.773	252.35	-
ONAPING_VALLEY_PUMP	grid	340	400	15247.351	15247.397	0.046	247.35	-
ONAPING_VALLEY_PUMP	grid	340	420	15241.547	15240.895	-0.651	241.55	-
ONAPING_VALLEY_PUMP	grid	340	440	15234.938	15234.105	-0.833	234.94	-
ONAPING_VALLEY_PUMP	grid	340	460	15227.798	15227.347	-0.450	227.80	-
ONAPING_VALLEY_PUMP	grid	340	480	15220.363	15220.570	0.206	220.36	-
ONAPING_VALLEY_PUMP	grid	340	500	15212.910	15213.476	0.567	212.91	-
ONAPING_VALLEY_PUMP	grid	360	-500	15291.160	15291.170	0.011	291.16	-
ONAPING_VALLEY_PUMP	grid	360	-480	15291.414	15291.207	-0.206	291.41	-
ONAPING_VALLEY_PUMP	grid	360	-460	15291.382	15291.097	-0.285	291.38	-
ONAPING_VALLEY_PUMP	grid	360	-440	15291.088	15290.989	-0.099	291.09	-
ONAPING_VALLEY_PUMP	grid	360	-420	15290.513	15290.334	-0.179	290.51	-
ONAPING_VALLEY_PUMP	grid	360	-400	15289.663	15289.259	-0.404	289.66	-
ONAPING_VALLEY_PUMP	grid	360	-380	15288.521	15288.200	-0.320	288.52	-
ONAPING_VALLEY_PUMP	grid	360	-360	15287.027	15287.092	0.065	287.03	-
ONAPING_VALLEY_PUMP	grid	360	-340	15285.205	15284.766	-0.439	285.20	-
ONAPING_VALLEY_PUMP	grid	360	-320	15283.004	15282.468	-0.536	283.00	-
ONAPING_VALLEY_PUMP	grid	360	-300	15280.483	15280.198	-0.285	280.48	-
ONAPING_VALLEY_PUMP	grid	360	-280	15277.724	15277.744	0.020	277.72	-
ONAPING_VALLEY_PUMP	grid	360	-260	15274.783	15274.902	0.119	274.78	-
ONAPING_VALLEY_PUMP	grid	360	-240	15271.870	15272.019	0.149	271.87	-
ONAPING_VALLEY_PUMP	grid	360	-220	15269.124	15269.166	0.042	269.12	-
ONAPING_VALLEY_PUMP	grid	360	-200	15266.722	15267.165	0.443	266.72	-
ONAPING_VALLEY_PUMP	grid	360	-180	15264.786	15265.526	0.741	264.79	-
ONAPING_VALLEY_PUMP	grid	360	-160	15263.483	15263.915	0.432	263.48	-
ONAPING_VALLEY_PUMP	grid	360	-140	15262.810	15263.285	0.476	262.81	-
ONAPING_VALLEY_PUMP	grid	360	-120	15262.805	15263.718	0.914	262.80	-
ONAPING_VALLEY_PUMP	grid	360	-100	15263.446	15264.193	0.746	263.45	-
ONAPING_VALLEY_PUMP	grid	360	-80	15264.597	15264.698	0.101	264.60	-
ONAPING_VALLEY_PUMP	grid	360	-60	15266.251	15266.619	0.368	266.25	-
ONAPING_VALLEY_PUMP	grid	360	-40	15268.200	15268.633	0.433	268.20	-
ONAPING_VALLEY_PUMP	grid	360	-20	15270.326	15270.613	0.287	270.33	-
ONAPING_VALLEY_PUMP	grid	360	0	15272.496	15272.339	-0.158	272.50	-
ONAPING_VALLEY_PUMP	grid	360	20	15274.543	15274.063	-0.481	274.54	-
ONAPING_VALLEY_PUMP	grid	360	40	15276.328	15275.814	-0.513	276.33	-
ONAPING_VALLEY_PUMP	grid	360	60	15277.749	15277.668	-0.082	277.75	-
ONAPING_VALLEY_PUMP	grid	360	80	15278.719	15278.071	-0.648	278.72	-
ONAPING_VALLEY_PUMP	grid	360	100	15279.164	15278.325	-0.839	279.16	-
ONAPING_VALLEY_PUMP	grid	360	120	15279.149	15278.606	-0.544	279.15	-
ONAPING_VALLEY_PUMP	grid	360	140	15278.627	15278.332	-0.295	278.63	-
ONAPING_VALLEY_PUMP	grid	360	160	15277.719	15277.072	-0.648	277.72	-
ONAPING_VALLEY_PUMP	grid	360	180	15276.506	15275.976	-0.530	276.51	-
ONAPING_VALLEY_PUMP	grid	360	200	15275.051	15274.910	-0.141	275.05	-
ONAPING_VALLEY_PUMP	grid	360	220	15273.484	15273.337	-0.147	273.48	-
ONAPING_VALLEY_PUMP	grid	360	240	15271.841	15271.683	-0.158	271.84	-
ONAPING_VALLEY_PUMP	grid	360	260	15270.166	15270.075	-0.091	270.17	-
ONAPING_VALLEY_PUMP	grid	360	280	15268.434	15268.318	-0.116	268.43	-
ONAPING_VALLEY_PUMP	grid	360	300	15266.564	15266.087	-0.476	266.56	-
ONAPING_VALLEY_PUMP	grid	360	320	15264.443	15263.884	-0.559	264.44	-
ONAPING_VALLEY_PUMP	grid	360	340	15261.902	15261.709	-0.193	261.90	-
ONAPING_VALLEY_PUMP	grid	360	360	15258.796	15258.024	-0.773	258.80	-
ONAPING_VALLEY_PUMP	grid	360	380	15254.997	15253.818	-1.179	255.00	-
ONAPING_VALLEY_PUMP	grid	360	400	15250.376	15249.642	-0.733	250.38	-
ONAPING_VALLEY_PUMP	grid	360	420	15244.995	15244.933	-0.062	244.99	-
ONAPING_VALLEY_PUMP	grid	360	440	15238.840	15238.149	-0.692	238.84	-
ONAPING_VALLEY_PUMP	grid	360	460	15232.124	15231.626	-0.498	232.12	-
ONAPING_VALLEY_PUMP	grid	360	480	15225.037	15225.136	0.099	225.04	-
ONAPING_VALLEY_PUMP	grid	360	500	15217.803	15218.254	0.451	217.80	-
ONAPING_VALLEY_PUMP	grid	380	-500	15290.302	15290.106	-0.196	290.30	-
ONAPING_VALLEY_PUMP	grid	380	-480	15290.650	15290.491	-0.160	290.65	-
ONAPING_VALLEY_PUMP	grid	380	-460	15290.694	15290.263	-0.431	290.69	-
ONAPING_VALLEY_PUMP	grid	380	-440	15290.469	15290.062	-0.407	290.47	-
ONAPING_VALLEY_PUMP	grid	380	-420	15289.986	15289.945	-0.041	289.99	-
ONAPING_VALLEY_PUMP	grid	380	-400	15289.253	15288.949	-0.304	289.25	-
ONAPING_VALLEY_PUMP	grid	380	-380	15288.274	15287.871	-0.403	288.27	-
ONAPING_VALLEY_PUMP	grid	380	-360	15287.006	15286.819	-0.187	287.01	-
ONAPING_VALLEY_PUMP	grid	380	-340	15285.464	15285.297	-0.167	285.46	-
ONAPING_VALLEY_PUMP	grid	380	-320	15283.611	15283.054	-0.558	283.61	-
ONAPING_VALLEY_PUMP	grid	380	-300	15281.464	15281.074	-0.390	281.46	-
ONAPING_VALLEY_PUMP	grid	380	-280	15279.090	15279.122	0.032	279.09	-
ONAPING_VALLEY_PUMP	grid	380	-260	15276.505	15276.441	-0.063	276.50	-
ONAPING_VALLEY_PUMP	grid	380	-240	15273.880	15273.668	-0.212	273.88	-
ONAPING_VALLEY_PUMP	grid	380	-220	15271.338	15271.292	-0.046	271.34	-
ONAPING_VALLEY_PUMP	grid	380	-200	15269.027	15269.334	0.307	269.03	-
ONAPING_VALLEY_PUMP	grid	380	-180	15267.075	15267.786	0.711	267.07	-
ONAPING_VALLEY_PUMP	grid	380	-160	15265.639	15266.265	0.627	265.64	-
ONAPING_VALLEY_PUMP	grid	380	-140	15264.736	15264.823	0.087	264.74	-
ONAPING_VALLEY_PUMP	grid	380	-120	15264.415	15264.975	0.560	264.41	-
ONAPING_VALLEY_PUMP	grid	380	-100	15264.689	15265.446	0.757	264.69	-
ONAPING_VALLEY_PUMP	grid	380	-80	15265.447	15265.952	0.505	265.45	-
ONAPING_VALLEY_PUMP	grid	380	-60	15266.700	15266.907	0.207	266.70	-
ONAPING_VALLEY_PUMP	grid	380	-40	15268.289	15268.748	0.458	268.29	-
ONAPING_VALLEY_PUMP	grid	380	-20	15270.111	15270.467	0.356	270.11	-
ONAPING_VALLEY_PUMP	grid	380	0	15272.082	15272.214	0.132	272.08	-
ONAPING_VALLEY_PUMP	grid	380	20	15274.018	15273.950	-0.068	274.02	-
ONAPING_VALLEY_PUMP	grid	380	40	15275.812	15275.701	-0.111	275.81	-
ONAPING_VALLEY_PUMP	grid	380	60	15277.347	15277.192	-0.155	277.35	-
ONAPING_VALLEY_PUMP	grid	380	80	15278.529	15278.400	-0.128	278.53	-
ONAPING_VALLEY_PUMP	grid	380	100	15279.271	15278.655	-0.616	279.27	-
ONAPING_VALLEY_PUMP	grid	380	120	15279.587	15278.936	-0.651	279.59	-
ONAPING_VALLEY_PUMP	grid	380	140	15279.430	15279.223	-0.207	279.43	-
ONAPING_VALLEY_PUMP	grid	380	160	15278.867	15278.566	-0.302	278.87	-
ONAPING_VALLEY_PUMP	grid	380	180	15277.974	15277.535	-0.439	277.97	-
ONAPING_VALLEY_PUMP	grid	380	200	15276.777	15276.494	-0.284	276.78	-
ONAPING_VALLEY_PUMP	grid	380	220	15275.413	15275.350	-0.064	275.41	-
ONAPING_VALLEY_PUMP	grid	380	240	15273.909	15273.732	-0.177	273.91	-
ONAPING_VALLEY_PUMP	grid	380	260	15272.325	15272.155	-0.170	272.32	-
ONAPING_VALLEY_PUMP	grid	380	280	15270.657	15270.606	-0.051	270.66	-
ONAPING_VALLEY_PUMP	grid	380	300	15268.837	15268.641	-0.196	268.84	-
ONAPING_VALLEY_PUMP	grid	380	320	15266.791	15266.422	-0.370	266.79	-
ONAPING_VALLEY_PUMP	grid	380	340	15264.372	15264.038	-0.334	264.37	-
ONAPING_VALLEY_PUMP	grid	380	360	15261.455	15261.507	0.052	261.45	-
ONAPING_VALLEY_PUMP	grid	380	380	15257.927	15257.105	-0.822	257.93	-
ONAPING_VALLEY_PUMP	grid	380	400	15253.655	15252.733	-0.922	253.65	-
ONAPING_VALLEY_PUMP	grid	380	420	15248.678	15248.336	-0.343	248.68	-
ONAPING_VALLEY_PUMP	grid	380	440	15242.970	15242.706	-0.264	242.97	-
ONAPING_VALLEY_PUMP	grid	380	460	15236.673	15236.102	-0.571	236.67	-
ONAPING_VALLEY_PUMP	grid	380	480	15229.952	15229.531	-0.421	229.95	-
ONAPING_VALLEY_PUMP	grid	380	500	15222.981	15223.057	0.076	222.98	-
ONAPING_VALLEY_PUMP	grid	400	-500	15289.598	15289.166	-0.432	289.60	-
ONAPING_VALLEY_PUMP	grid	400	-480	15290.077	15290.012	-0.065	290.08	-
ONAPING_VALLEY_PUMP	grid	400	-460	15290.215	15290.048	-0.167	290.21	-
ONAPING_VALLEY_PUMP	grid	400	-440	15290.067	15289.842	-0.225	290.07	-
ONAPING_VALLEY_PUMP	grid	400	-420	15289.654	15289.521	-0.133	289.65	-
ONAPING_VALLEY_PUMP	grid	400	-400	15289.010	15289.016	0.005	289.01	-
ONAPING_VALLEY_PUMP	grid	400	-380	15288.154	15287.877	-0.277	288.15	-
ONAPING_VALLEY_PUMP	grid	400	-360	15287.057	15286.765	-0.291	287.06	-
ONAPING_VALLEY_PUMP	grid	400	-340	15285.733	15285.684	-0.049	285.73	-
ONAPING_VALLEY_PUMP	grid	400	-320	15284.160	15283.957	-0.204	284.16	-
ONAPING_VALLEY_PUMP	grid	400	-300	15282.322	15281.997	-0.325	282.32	-
ONAPING_VALLEY_PUMP	grid	400	-280	15280.282	15280.066	-0.216	280.28	-
ONAPING_VALLEY_PUMP	grid	400	-260	15278.033	15277.966	-0.067	278.03	-
ONAPING_VALLEY_PUMP	grid	400	-240	15275.717	15275.752	0.035	275.72	-
ONAPING_VALLEY_PUMP	grid	400	-220	15273.423	15273.568	0.145	273.42	-
ONAPING_VALLEY_PUMP	grid	400	-200	15271.274	15271.411	0.137	271.27	-
ONAPING_VALLEY_PUMP	grid	400	-180	15269.400	15269.676	0.277	269.40	-
ONAPING_VALLEY_PUMP	grid	400	-160	15267.917	15268.368	0.451	267.92	-
ONAPING_VALLEY_PUMP	grid	400	-140	15266.887	15267.346	0.459	266.89	-
ONAPING_VALLEY_PUMP	grid	400	-120	15266.347	15266.568	0.221	266.35	-
ONAPING_VALLEY_PUMP	grid	400	-100	15266.340	15267.005	0.665	266.34	-
ONAPING_VALLEY_PUMP	grid	400	-80	15266.782	15267.469	0.687	266.78	-
ONAPING_VALLEY_PUMP	grid	400	-60	15267.682	15268.007	0.325	267.68	-
ONAPING_VALLEY_PUMP	grid	400	-40	15268.932	15269.184	0.252	268.93	-
ONAPING_VALLEY_PUMP	grid	400	-20	15270.433	15270.748	0.315	270.43	-
ONAPING_VALLEY_PUMP	grid	400	0	15272.139	15272.340	0.201	272.14	-
ONAPING_VALLEY_PUMP	grid	400	20	15273.879	15273.867	-0.012	273.88	-
ONAPING_VALLEY_PUMP	grid	400	40	15275.574	15275.221	-0.352	275.57	-
ONAPING_VALLEY_PUMP	grid	400	60	15277.101	15276.697	-0.404	277.10	-
ONAPING_VALLEY_PUMP	grid	400	80	15278.370	15278.201	-0.169	278.37	-
ONAPING_VALLEY_PUMP	grid	400	100	15279.290	15279.009	-0.281	279.29	-
ONAPING_VALLEY_PUMP	grid	400	120	15279.842	15279.245	-0.597	279.84	-
ONAPING_VALLEY_PUMP	grid	400	140	15279.979	15279.489	-0.490	279.98	-
ONAPING_VALLEY_PUMP	grid	400	160	15279.726	15279.717	-0.009	279.73	-
ONAPING_VALLEY_PUMP	grid	400	180	15279.140	15278.686	-0.454	279.14	-
ONAPING_VALLEY_PUMP	grid	400	200	15278.228	15277.696	-0.532	278.23	-
ONAPING_VALLEY_PUMP	grid	400	220	15277.119	15276.885	-0.234	277.12	-
ONAPING_VALLEY_PUMP	grid	400	240	15275.833	15275.708	-0.125	275.83	-
ONAPING_VALLEY_PUMP	grid	400	260	15274.425	15274.160	-0.264	274.42	-
ONAPING_VALLEY_PUMP	grid	400	280	15272.917	15272.640	-0.277	272.92	-
ONAPING_VALLEY_PUMP	grid	400	300	15271.231	15271.226	-0.005	271.23	-
ONAPING_VALLEY_PUMP	grid	400	320	15269.334	15268.772	-0.562	269.33	-
ONAPING_VALLEY_PUMP	grid	400	340	15267.088	15266.334	-0.754	267.09	-
ONAPING_VALLEY_PUMP	grid	400	360	15264.382	15263.978	-0.404	264.38	-
ONAPING_VALLEY_PUMP	grid	400	380	15261.125	15260.787	-0.338	261.13	-
ONAPING_VALLEY_PUMP	grid	400	400	15257.177	15256.309	-0.868	257.18	-
ONAPING_VALLEY_PUMP	grid	400	420	15252.577	15251.832	-0.745	252.58	-
ONAPING_VALLEY_PUMP	grid	400	440	15247.286	15247.385	0.099	247.29	-
ONAPING_VALLEY_PUMP	grid	400	460	15241.410	15241.059	-0.350	241.41	-
ONAPING_VALLEY_PUMP	grid	400	480	15235.083	15234.514	-0.568	235.08	-
ONAPING_VALLEY_PUMP	grid	400	500	15228.423	15228.282	-0.141	228.42	-
ONAPING_VALLEY_PUMP	grid	420	-500	15289.014	15288.455	-0.559	289.01	-
ONAPING_VALLEY_PUMP	grid	420	-480	15289.656	15289.229	-0.426	289.66	-
ONAPING_VALLEY_PUMP	grid	420	-460	15289.912	15289.870	-0.042	289.91	-
ONAPING_VALLEY_PUMP	grid	420	-440	15289.865	15289.458	-0.407	289.87	-
ONAPING_VALLEY_PUMP	grid	420	-420	15289.536	15289.137	-0.399	289.54	-
ONAPING_VALLEY_PUMP	grid	420	-400	15288.967	15288.843	-0.124	288.97	-
ONAPING_VALLEY_PUMP	grid	420	-380	15288.200	15288.068	-0.132	288.20	-
ONAPING_VALLEY_PUMP	grid	420	-360	15287.223	15286.961	-0.261	287.22	-
ONAPING_VALLEY_PUMP	grid	420	-340	15286.058	15285.883	-0.175	286.06	-
ONAPING_VALLEY_PUMP	grid	420	-320	15284.698	15284.773	0.075	284.70	-
ONAPING_VALLEY_PUMP	grid	420	-300	15283.121	15282.814	-0.308	283.12	-
ONAPING_VALLEY_PUMP	grid	420	-280	15281.364	15280.975	-0.389	281.36	-
ONAPING_VALLEY_PUMP	grid	420	-260	15279.431	15279.350	-0.080	279.43	-
ONAPING_VALLEY_PUMP	grid	420	-240	15277.403	15277.477	0.073	277.40	-
ONAPING_VALLEY_PUMP	grid	420	-220	15275.371	15275.395	0.023	275.37	-
ONAPING_VALLEY_PUMP	grid	420	-200	15273.420	15273.340	-0.080	273.42	-
ONAPING_VALLEY_PUMP	grid	420	-180	15271.680	15271.746	0.066	271.68	-
ONAPING_VALLEY_PUMP	grid	420	-160	15270.246	15270.782	0.536	270.25	-
ONAPING_VALLEY_PUMP	grid	420	-140	15269.185	15269.845	0.660	269.19	-
ONAPING_VALLEY_PUMP	grid	420	-120	15268.534	15268.904	0.369	268.53	-
ONAPING_VALLEY_PUMP	grid	420	-100	15268.348	15268.638	0.290	268.35	-
ONAPING_VALLEY_PUMP	grid	420	-80	15268.561	15269.155	0.594	268.56	-
ONAPING_VALLEY_PUMP	grid	420	-60	15269.178	15269.700	0.522	269.18	-
ONAPING_VALLEY_PUMP	grid	420	-40	15270.133	15270.273	0.140	270.13	-
ONAPING_VALLEY_PUMP	grid	420	-20	15271.335	15271.801	0.466	271.33	-
ONAPING_VALLEY_PUMP	grid	420	0	15272.773	15273.211	0.438	272.77	-
ONAPING_VALLEY_PUMP	grid	420	20	15274.281	15274.550	0.269	274.28	-
ONAPING_VALLEY_PUMP	grid	420	40	15275.803	15275.882	0.078	275.80	-
ONAPING_VALLEY_PUMP	grid	420	60	15277.230	15277.194	-0.036	277.23	-
ONAPING_VALLEY_PUMP	grid	420	80	15278.467	15278.515	0.048	278.47	-
ONAPING_VALLEY_PUMP	grid	420	100	15279.448	15279.527	0.080	279.45	-
ONAPING_VALLEY_PUMP	grid	420	120	15280.123	15279.757	-0.365	280.12	-
ONAPING_VALLEY_PUMP	grid	420	140	15280.446	15279.924	-0.522	280.45	-
ONAPING_VALLEY_PUMP	grid	420	160	15280.424	15280.119	-0.305	280.42	-
ONAPING_VALLEY_PUMP	grid	420	180	15280.094	15279.936	-0.157	280.09	-
ONAPING_VALLEY_PUMP	grid	420	200	15279.448	15279.098	-0.351	279.45	-
ONAPING_VALLEY_PUMP	grid	420	220	15278.595	15278.286	-0.309	278.60	-
ONAPING_VALLEY_PUMP	grid	420	240	15277.561	15277.502	-0.058	277.56	-
ONAPING_VALLEY_PUMP	grid	420	260	15276.385	15276.090	-0.296	276.39	-
ONAPING_VALLEY_PUMP	grid	420	280	15275.094	15274.713	-0.382	275.09	-
ONAPING_VALLEY_PUMP	grid	420	300	15273.618	15273.399	-0.219	273.62	-
ONAPING_VALLEY_PUMP	grid	420	320	15271.934	15271.760	-0.174	271.93	-
ONAPING_VALLEY_PUMP	grid	420	340	15269.919	15269.281	-0.638	269.92	-
ONAPING_VALLEY_PUMP	grid	420	360	15267.465	15266.820	-0.645	267.47	-
ONAPING_VALLEY_PUMP	grid	420	380	15264.504	15264.326	-0.178	264.50	-
ONAPING_VALLEY_PUMP	grid	420	400	15260.887	15260.249	-0.638	260.89	-
ONAPING_VALLEY_PUMP	grid	420	420	15256.657	15255.656	-1.001	256.66	-
ONAPING_VALLEY_PUMP	grid	420	440	15251.770	15251.094	-0.676	251.77	-
ONAPING_VALLEY_PUMP	grid	420	460	15246.296	15246.200	-0.096	246.30	-
ONAPING_VALLEY_PUMP	grid	420	480	15240.357	15239.924	-0.433	240.36	-
ONAPING_VALLEY_PUMP	grid	420	500	15234.017	15233.687	-0.330	234.02	-
ONAPING_VALLEY_PUMP	grid	440	-500	15288.500	15288.125	-0.375	288.50	-
ONAPING_VALLEY_PUMP	grid	440	-480	15289.325	15288.808	-0.517	289.32	-
ONAPING_VALLEY_PUMP	grid	440	-460	15289.738	15289.477	-0.261	289.74	-
ONAPING_VALLEY_PUMP	grid	440	-440	15289.813	15289.678	-0.135	289.81	-
ONAPING_VALLEY_PUMP	grid	440	-420	15289.580	15289.281	-0.299	289.58	-
ONAPING_VALLEY_PUMP	grid	440	-400	15289.088	15288.885	-0.203	289.09	-
ONAPING_VALLEY_PUMP	grid	440	-380	15288.397	15288.408	0.011	288.40	-
ONAPING_VALLEY_PUMP	grid	440	-360	15287.516	15287.319	-0.198	287.52	-
ONAPING_VALLEY_PUMP	grid	440	-340	15286.473	15286.203	-0.270	286.47	-
ONAPING_VALLEY_PUMP	grid	440	-320	15285.269	15285.114	-0.155	285.27	-
ONAPING_VALLEY_PUMP	grid	440	-300	15283.890	15283.823	-0.067	283.89	-
ONAPING_VALLEY_PUMP	grid	440	-280	15282.365	15282.193	-0.172	282.36	-
ONAPING_VALLEY_PUMP	grid	440	-260	15280.693	15280.568	-0.125	280.69	-
ONAPING_VALLEY_PUMP	grid	440	-240	15278.937	15278.971	0.034	278.94	-
ONAPING_VALLEY_PUMP	grid	440	-220	15277.165	15277.022	-0.143	277.17	-
ONAPING_VALLEY_PUMP	grid	440	-200	15275.439	15275.503	0.064	275.44	-
ONAPING_VALLEY_PUMP	grid	440	-180	15273.874	15274.012	0.138	273.87	-
ONAPING_VALLEY_PUMP	grid	440	-160	15272.549	15272.725	0.176	272.55	-
ONAPING_VALLEY_PUMP	grid	440	-140	15271.533	15271.788	0.255	271.53	-
ONAPING_VALLEY_PUMP	grid	440	-120	15270.862	15271.145	0.282	270.86	-
ONAPING_VALLEY_PUMP	grid	440	-100	15270.588	15270.723	0.135	270.59	-
ONAPING_VALLEY_PUMP	grid	440	-80	15270.671	15271.054	0.383	270.67	-
ONAPING_VALLEY_PUMP	grid	440	-60	15271.104	15271.564	0.460	271.10	-
ONAPING_VALLEY_PUMP	grid	440	-40	15271.844	15272.101	0.257	271.84	-
ONAPING_VALLEY_PUMP	grid	440	-20	15272.807	15272.908	0.101	272.81	-
ONAPING_VALLEY_PUMP	grid	440	0	15273.995	15274.070	0.074	274.00	-
ONAPING_VALLEY_PUMP	grid	440	20	15275.269	15275.258	-0.011	275.27	-
ONAPING_VALLEY_PUMP	grid	440	40	15276.583	15276.619	0.036	276.58	-
ONAPING_VALLEY_PUMP	grid	440	60	15277.851	15277.805	-0.046	277.85	-
ONAPING_VALLEY_PUMP	grid	440	80	15278.981	15278.791	-0.191	278.98	-
ONAPING_VALLEY_PUMP	grid	440	100	15279.929	15279.803	-0.126	279.93	-
ONAPING_VALLEY_PUMP	grid	440	120	15280.621	15280.631	0.010	280.62	-
ONAPING_VALLEY_PUMP	grid	440	140	15281.028	15280.799	-0.229	281.03	-
ONAPING_VALLEY_PUMP	grid	440	160	15281.138	15280.854	-0.284	281.14	-
ONAPING_VALLEY_PUMP	grid	440	180	15280.972	15280.901	-0.071	280.97	-
ONAPING_VALLEY_PUMP	grid	440	200	15280.528	15280.356	-0.172	280.53	-
ONAPING_VALLEY_PUMP	grid	440	220	15279.894	15279.573	-0.321	279.89	-
ONAPING_VALLEY_PUMP	grid	440	240	15279.087	15278.835	-0.252	279.09	-
ONAPING_VALLEY_PUMP	grid	440	260	15278.147	15278.102	-0.046	278.15	-
ONAPING_VALLEY_PUMP	grid	440	280	15277.104	15276.811	-0.294	277.10	-
ONAPING_VALLEY_PUMP	grid	440	300	15275.877	15275.548	-0.330	275.88	-
ONAPING_VALLEY_PUMP	grid	440	320	15274.453	15274.312	-0.141	274.45	-
ONAPING_VALLEY_PUMP	grid	440	340	15272.716	15272.259	-0.457	272.72	-
ONAPING_VALLEY_PUMP	grid	440	360	15270.554	15269.736	-0.818	270.55	-
ONAPING_VALLEY_PUMP	grid	440	380	15267.920	15267.241	-0.679	267.92	-
ONAPING_VALLEY_PUMP	grid	440	400	15264.641	15264.605	-0.035	264.64	-
ONAPING_VALLEY_PUMP	grid	440	420	15260.777	15260.010	-0.767	260.78	-
ONAPING_VALLEY_PUMP	grid	440	440	15256.288	15255.436	-0.852	256.29	-
ONAPING_VALLEY_PUMP	grid	440	460	15251.210	15250.890	-0.319	251.21	-
ONAPING_VALLEY_PUMP	grid	440	480	15245.664	15245.434	-0.230	245.66	-
ONAPING_VALLEY_PUMP	grid	440	500	15239.672	15239.183	-0.490	239.67	-
ONAPING_VALLEY_PUMP	grid	460	-500	15287.995	15287.786	-0.209	287.99	-
ONAPING_VALLEY_PUMP	grid	460	-480	15289.014	15288.385	-0.629	289.01	-
ONAPING_VALLEY_PUMP	grid	460	-460	15289.609	15289.011	-0.597	289.61	-
ONAPING_VALLEY_PUMP	grid	460	-440	15289.832	15289.695	-0.136	289.83	-
ONAPING_VALLEY_PUMP	grid	460	-420	15289.721	15289.471	-0.250	289.72	-
ONAPING_VALLEY_PUMP	grid	460	-400	15289.323	15288.966	-0.357	289.32	-
ONAPING_VALLEY_PUMP	grid	460	-380	15288.706	15288.489	-0.217	288.71	-
ONAPING_VALLEY_PUMP	grid	460	-360	15287.904	15287.857	-0.047	287.90	-
ONAPING_VALLEY_PUMP	grid	460	-340	15286.947	15286.741	-0.206	286.95	-
ONAPING_VALLEY_PUMP	grid	460	-320	15285.862	15285.659	-0.203	285.86	-
ONAPING_VALLEY_PUMP	grid	460	-300	15284.634	15284.604	-0.030	284.63	-
ONAPING_VALLEY_PUMP	grid	460	-280	15283.293	15283.144	-0.149	283.29	-
ONAPING_VALLEY_PUMP	grid	460	-260	15281.841	15281.560	-0.281	281.84	-
ONAPING_VALLEY_PUMP	grid	460	-240	15280.316	15280.128	-0.188	280.32	-
ONAPING_VALLEY_PUMP	grid	460	-220	15278.782	15278.827	0.045	278.78	-
ONAPING_VALLEY_PUMP	grid	460	-200	15277.275	15277.429	0.154	277.27	-
ONAPING_VALLEY_PUMP	grid	460	-180	15275.904	15276.059	0.154	275.90	-
ONAPING_VALLEY_PUMP	grid	460	-160	15274.731	15274.716	-0.015	274.73	-
ONAPING_VALLEY_PUMP	grid	460	-140	15273.820	15274.173	0.353	273.82	-
ONAPING_VALLEY_PUMP	grid	460	-120	15273.211	15273.736	0.525	273.21	-
ONAPING_VALLEY_PUMP	grid	460	-100	15272.933	15273.314	0.381	272.93	-
ONAPING_VALLEY_PUMP	grid	460	-80	15272.968	15273.063	0.096	272.97	-
ONAPING_VALLEY_PUMP	grid	460	-60	15273.309	15273.610	0.301	273.31	-
ONAPING_VALLEY_PUMP	grid	460	-40	15273.913	15274.250	0.337	273.91	-
ONAPING_VALLEY_PUMP	grid	460	-20	15274.722	15274.917	0.195	274.72	-
ONAPING_VALLEY_PUMP	grid	460	0	15275.722	15275.908	0.186	275.72	-
ONAPING_VALLEY_PUMP	grid	460	20	15276.805	15277.097	0.292	276.80	-
ONAPING_VALLEY_PUMP	grid	460	40	15277.926	15278.123	0.197	277.93	-
ONAPING_VALLEY_PUMP	grid	460	60	15279.021	15279.094	0.073	279.02	-
ONAPING_VALLEY_PUMP	grid	460	80	15280.007	15279.895	-0.112	280.01	-
ONAPING_VALLEY_PUMP	grid	460	100	15280.847	15280.723	-0.123	280.85	-
ONAPING_VALLEY_PUMP	grid	460	120	15281.473	15281.517	0.044	281.47	-
ONAPING_VALLEY_PUMP	grid	460	140	15281.867	15281.654	-0.213	281.87	-
ONAPING_VALLEY_PUMP	grid	460	160	15282.014	15281.557	-0.457	282.01	-
ONAPING_VALLEY_PUMP	grid	460	180	15281.921	15281.565	-0.356	281.92	-
ONAPING_VALLEY_PUMP	grid	460	200	15281.598	15281.610	0.012	281.60	-
ONAPING_VALLEY_PUMP	grid	460	220	15281.101	15280.883	-0.218	281.10	-
ONAPING_VALLEY_PUMP	grid	460	240	15280.467	15280.236	-0.231	280.47	-
ONAPING_VALLEY_PUMP	grid	460	260	15279.721	15279.615	-0.105	279.72	-
ONAPING_VALLEY_PUMP	grid	460	280	15278.895	15278.677	-0.218	278.90	-
ONAPING_VALLEY_PUMP	grid	460	300	15277.914	15277.414	-0.501	277.91	-
ONAPING_VALLEY_PUMP	grid	460	320	15276.762	15276.295	-0.467	276.76	-
ONAPING_VALLEY_PUMP	grid	460	340	15275.324	15275.220	-0.104	275.32	-
ONAPING_VALLEY_PUMP	grid	460	360	15273.483	15272.751	-0.732	273.48	-
ONAPING_VALLEY_PUMP	grid	460	380	15271.193	15270.241	-0.951	271.19	-
ONAPING_VALLEY_PUMP	grid	460	400	15268.277	15267.743	-0.534	268.28	-
ONAPING_VALLEY_PUMP	grid	460	420	15264.796	15264.364	-0.432	264.80	-
ONAPING_VALLEY_PUMP	grid	460	440	15260.701	15259.793	-0.907	260.70	-
ONAPING_VALLEY_PUMP	grid	460	460	15256.015	15255.253	-0.762	256.02	-
ONAPING_VALLEY_PUMP	grid	460	480	15250.863	15250.736	-0.127	250.86	-
ONAPING_VALLEY_PUMP	grid	460	500	15245.221	15244.833	-0.388	245.22	-
ONAPING_VALLEY_PUMP	grid	480	-500	15287.440	15285.122	-2.318	287.44	-
ONAPING_VALLEY_PUMP	grid	480	-480	15288.650	15288.272	-0.378	288.65	-
ONAPING_VALLEY_PUMP	grid	480	-460	15289.439	15288.898	-0.541	289.44	-
ONAPING_VALLEY_PUMP	grid	480	-440	15289.830	15289.395	-0.435	289.83	-
ONAPING_VALLEY_PUMP	grid	480	-420	15289.871	15289.762	-0.109	289.87	-
ONAPING_VALLEY_PUMP	grid	480	-400	15289.578	15289.227	-0.351	289.58	-
ONAPING_VALLEY_PUMP	grid	480	-380	15289.051	15288.720	-0.331	289.05	-
ONAPING_VALLEY_PUMP	grid	480	-360	15288.323	15288.195	-0.128	288.32	-
ONAPING_VALLEY_PUMP	grid	480	-340	15287.442	15287.300	-0.142	287.44	-
ONAPING_VALLEY_PUMP	grid	480	-320	15286.447	15286.225	-0.222	286.45	-
ONAPING_VALLEY_PUMP	grid	480	-300	15285.329	15285.177	-0.152	285.33	-
ONAPING_VALLEY_PUMP	grid	480	-280	15284.128	15284.103	-0.025	284.13	-
ONAPING_VALLEY_PUMP	grid	480	-260	15282.850	15282.733	-0.117	282.85	-
ONAPING_VALLEY_PUMP	grid	480	-240	15281.519	15281.439	-0.080	281.52	-
ONAPING_VALLEY_PUMP	grid	480	-220	15280.193	15280.171	-0.022	280.19	-
ONAPING_VALLEY_PUMP	grid	480	-200	15278.894	15278.844	-0.050	278.89	-
ONAPING_VALLEY_PUMP	grid	480	-180	15277.716	15277.605	-0.111	277.72	-
ONAPING_VALLEY_PUMP	grid	480	-160	15276.713	15276.749	0.037	276.71	-
ONAPING_VALLEY_PUMP	grid	480	-140	15275.939	15275.935	-0.004	275.94	-
ONAPING_VALLEY_PUMP	grid	480	-120	15275.432	15275.600	0.168	275.43	-
ONAPING_VALLEY_PUMP	grid	480	-100	15275.215	15275.294	0.079	275.21	-
ONAPING_VALLEY_PUMP	grid	480	-80	15275.281	15275.303	0.022	275.28	-
ONAPING_VALLEY_PUMP	grid	480	-60	15275.607	15275.701	0.094	275.61	-
ONAPING_VALLEY_PUMP	grid	480	-40	15276.167	15276.365	0.198	276.17	-
ONAPING_VALLEY_PUMP	grid	480	-20	15276.907	15277.056	0.149	276.91	-
ONAPING_VALLEY_PUMP	grid	480	0	15277.790	15277.787	-0.003	277.79	-
ONAPING_VALLEY_PUMP	grid	480	20	15278.742	15278.684	-0.058	278.74	-
ONAPING_VALLEY_PUMP	grid	480	40	15279.718	15279.651	-0.067	279.72	-
ONAPING_VALLEY_PUMP	grid	480	60	15280.666	15280.646	-0.021	280.67	-
ONAPING_VALLEY_PUMP	grid	480	80	15281.509	15281.570	0.061	281.51	-
ONAPING_VALLEY_PUMP	grid	480	100	15282.225	15282.194	-0.031	282.22	-
ONAPING_VALLEY_PUMP	grid	480	120	15282.755	15282.650	-0.105	282.76	-
ONAPING_VALLEY_PUMP	grid	480	140	15283.076	15283.134	0.058	283.08	-
ONAPING_VALLEY_PUMP	grid	480	160	15283.180	15283.095	-0.085	283.18	-
ONAPING_VALLEY_PUMP	grid	480	180	15283.072	15283.025	-0.047	283.07	-
ONAPING_VALLEY_PUMP	grid	480	200	15282.774	15282.732	-0.042	282.77	-
ONAPING_VALLEY_PUMP	grid	480	220	15282.330	15282.298	-0.032	282.33	-
ONAPING_VALLEY_PUMP	grid	480	240	15281.781	15281.654	-0.127	281.78	-
ONAPING_VALLEY_PUMP	grid	480	260	15281.154	15281.036	-0.118	281.15	-
ONAPING_VALLEY_PUMP	grid	480	280	15280.478	15280.434	-0.045	280.48	-
ONAPING_VALLEY_PUMP	grid	480	300	15279.698	15279.443	-0.255	279.70	-
ONAPING_VALLEY_PUMP	grid	480	320	15278.783	15278.371	-0.411	278.78	-
ONAPING_VALLEY_PUMP	grid	480	340	15277.629	15277.296	-0.333	277.63	-
ONAPING_VALLEY_PUMP	grid	480	360	15276.105	15275.822	-0.283	276.11	-
ONAPING_VALLEY_PUMP	grid	480	380	15274.164	15273.265	-0.899	274.16	-
ONAPING_VALLEY_PUMP	grid	480	400	15271.624	15270.703	-0.921	271.62	-
ONAPING_VALLEY_PUMP	grid	480	420	15268.531	15268.169	-0.362	268.53	-
ONAPING_VALLEY_PUMP	grid	480	440	15264.835	15264.133	-0.702	264.83	-
ONAPING_VALLEY_PUMP	grid	480	460	15260.546	15259.590	-0.956	260.55	-
ONAPING_VALLEY_PUMP	grid	480	480	15255.787	15255.094	-0.692	255.79	-
ONAPING_VALLEY_PUMP	grid	480	500	15250.523	15250.338	-0.185	250.52	-
ONAPING_VALLEY_PUMP	grid	500	-500	15282.229	15280.236	-1.993	282.23	-
ONAPING_VALLEY_PUMP	grid	500	-480	15288.166	15288.051	-0.114	288.17	-
ONAPING_VALLEY_PUMP	grid	500	-460	15289.147	15288.595	-0.552	289.15	-
ONAPING_VALLEY_PUMP	grid	500	-440	15289.724	15289.067	-0.657	289.72	-
ONAPING_VALLEY_PUMP	grid	500	-420	15289.932	15289.565	-0.367	289.93	-
ONAPING_VALLEY_PUMP	grid	500	-400	15289.769	15289.598	-0.172	289.77	-
ONAPING_VALLEY_PUMP	grid	500	-380	15289.346	15289.003	-0.343	289.35	-
ONAPING_VALLEY_PUMP	grid	500	-360	15288.706	15288.396	-0.309	288.71	-
ONAPING_VALLEY_PUMP	grid	500	-340	15287.895	15287.817	-0.078	287.89	-
ONAPING_VALLEY_PUMP	grid	500	-320	15286.968	15286.771	-0.197	286.97	-
ONAPING_VALLEY_PUMP	grid	500	-300	15285.938	15285.724	-0.214	285.94	-
ONAPING_VALLEY_PUMP	grid	500	-280	15284.848	15284.708	-0.140	284.85	-
ONAPING_VALLEY_PUMP	grid	500	-260	15283.702	15283.614	-0.088	283.70	-
ONAPING_VALLEY_PUMP	grid	500	-240	15282.526	15282.401	-0.125	282.53	-
ONAPING_VALLEY_PUMP	grid	500	-220	15281.368	15281.215	-0.153	281.37	-
ONAPING_VALLEY_PUMP	grid	500	-200	15280.254	15280.200	-0.054	280.25	-
ONAPING_VALLEY_PUMP	grid	500	-180	15279.252	15279.456	0.203	279.25	-
ONAPING_VALLEY_PUMP	grid	500	-160	15278.415	15278.758	0.342	278.42	-
ONAPING_VALLEY_PUMP	grid	500	-140	15277.787	15278.019	0.232	277.79	-
ONAPING_VALLEY_PUMP	grid	500	-120	15277.410	15277.411	0.002	277.41	-
ONAPING_VALLEY_PUMP	grid	500	-100	15277.291	15277.515	0.224	277.29	-
ONAPING_VALLEY_PUMP	grid	500	-80	15277.433	15277.646	0.213	277.43	-
ONAPING_VALLEY_PUMP	grid	500	-60	15277.814	15277.804	-0.010	277.81	-
ONAPING_VALLEY_PUMP	grid	500	-40	15278.395	15278.391	-0.004	278.40	-
ONAPING_VALLEY_PUMP	grid	500	-20	15279.135	15279.131	-0.004	279.13	-
ONAPING_VALLEY_PUMP	grid	500	0	15279.987	15279.953	-0.035	279.99	-
ONAPING_VALLEY_PUMP	grid	500	20	15280.889	15280.804	-0.085	280.89	-
ONAPING_VALLEY_PUMP	grid	500	40	15281.792	15281.689	-0.103	281.79	-
ONAPING_VALLEY_PUMP	grid	500	60	15282.642	15282.601	-0.041	282.64	-
ONAPING_VALLEY_PUMP	grid	500	80	15283.389	15283.346	-0.043	283.39	-
ONAPING_VALLEY_PUMP	grid	500	100	15283.993	15283.740	-0.253	283.99	-
ONAPING_VALLEY_PUMP	grid	500	120	15284.419	15284.060	-0.359	284.42	-
ONAPING_VALLEY_PUMP	grid	500	140	15284.648	15284.406	-0.242	284.65	-
ONAPING_VALLEY_PUMP	grid	500	160	15284.670	15284.590	-0.080	284.67	-
ONAPING_VALLEY_PUMP	grid	500	180	15284.496	15284.239	-0.256	284.50	-
ONAPING_VALLEY_PUMP	grid	500	200	15284.151	15283.916	-0.235	284.15	-
ONAPING_VALLEY_PUMP	grid	500	220	15283.678	15283.620	-0.058	283.68	-
ONAPING_VALLEY_PUMP	grid	500	240	15283.121	15283.088	-0.034	283.12	-
ONAPING_VALLEY_PUMP	grid	500	260	15282.527	15282.439	-0.088	282.53	-
ONAPING_VALLEY_PUMP	grid	500	280	15281.910	15281.799	-0.111	281.91	-
ONAPING_VALLEY_PUMP	grid	500	300	15281.251	15281.112	-0.139	281.25	-
ONAPING_VALLEY_PUMP	grid	500	320	15280.501	15280.070	-0.431	280.50	-
ONAPING_VALLEY_PUMP	grid	500	340	15279.573	15279.056	-0.517	279.57	-
ONAPING_VALLEY_PUMP	grid	500	360	15278.327	15277.995	-0.331	278.33	-
ONAPING_VALLEY_PUMP	grid	500	380	15276.706	15276.036	-0.670	276.71	-
ONAPING_VALLEY_PUMP	grid	500	400	15274.533	15273.535	-0.999	274.53	-
ONAPING_VALLEY_PUMP	grid	500	420	15271.822	15271.061	-0.761	271.82	-
ONAPING_VALLEY_PUMP	grid	500	440	15268.532	15268.442	-0.090	268.53	-
ONAPING_VALLEY_PUMP	grid	500	460	15264.646	15263.980	-0.666	264.65	-
ONAPING_VALLEY_PUMP	grid	500	480	15260.290	15259.484	-0.806	260.29	-
ONAPING_VALLEY_PUMP	grid	500	500	15255.413	15255.017	-0.396	255.41	-
ONAPING_VALLEY_PUMP	summary	90	480	15180.895	15182.741	1.846	180.89	n=251001 p50=-0.029 p99=1.307 p999=1.692 max=1.846 min=-4.386 gt0.5=30338 gt2=0 gt5=0 clip=280 susp=0
CTRL_SUDBURY_PUMP	grid	-500	-500	15078.878	15078.305	-0.573	78.88	-
CTRL_SUDBURY_PUMP	grid	-500	-480	15075.409	15074.773	-0.636	75.41	-
CTRL_SUDBURY_PUMP	grid	-500	-460	15071.657	15071.209	-0.447	71.66	-
CTRL_SUDBURY_PUMP	grid	-500	-440	15067.724	15067.674	-0.051	67.72	-
CTRL_SUDBURY_PUMP	grid	-500	-420	15063.679	15063.496	-0.183	63.68	-
CTRL_SUDBURY_PUMP	grid	-500	-400	15059.598	15059.264	-0.335	59.60	-
CTRL_SUDBURY_PUMP	grid	-500	-380	15055.553	15055.348	-0.205	55.55	-
CTRL_SUDBURY_PUMP	grid	-500	-360	15051.626	15051.642	0.016	51.63	-
CTRL_SUDBURY_PUMP	grid	-500	-340	15047.913	15045.373	-2.541	47.91	-
CTRL_SUDBURY_PUMP	grid	-500	-320	15044.483	15038.745	-5.738	44.48	-
CTRL_SUDBURY_PUMP	grid	-500	-300	15032.771	15033.142	0.371	32.77	-
CTRL_SUDBURY_PUMP	grid	-500	-280	15029.826	15030.315	0.489	29.83	-
CTRL_SUDBURY_PUMP	grid	-500	-260	15028.708	15028.608	-0.100	28.71	-
CTRL_SUDBURY_PUMP	grid	-500	-240	15027.610	15027.567	-0.043	27.61	-
CTRL_SUDBURY_PUMP	grid	-500	-220	15026.533	15026.550	0.017	26.53	-
CTRL_SUDBURY_PUMP	grid	-500	-200	15025.544	15025.653	0.109	25.54	-
CTRL_SUDBURY_PUMP	grid	-500	-180	15024.843	15024.931	0.087	24.84	-
CTRL_SUDBURY_PUMP	grid	-500	-160	15024.733	15024.764	0.031	24.73	-
CTRL_SUDBURY_PUMP	grid	-500	-140	15024.733	15024.706	-0.027	24.73	-
CTRL_SUDBURY_PUMP	grid	-500	-120	15024.854	15024.804	-0.049	24.85	-
CTRL_SUDBURY_PUMP	grid	-500	-100	15024.927	15025.138	0.211	24.93	-
CTRL_SUDBURY_PUMP	grid	-500	-80	15024.968	15025.300	0.332	24.97	-
CTRL_SUDBURY_PUMP	grid	-500	-60	15025.974	15025.807	-0.167	25.97	-
CTRL_SUDBURY_PUMP	grid	-500	-40	15026.942	15026.743	-0.199	26.94	-
CTRL_SUDBURY_PUMP	grid	-500	-20	15027.830	15027.740	-0.089	27.83	-
CTRL_SUDBURY_PUMP	grid	-500	0	15028.631	15028.390	-0.241	28.63	-
CTRL_SUDBURY_PUMP	grid	-500	20	15029.394	15028.775	-0.619	29.39	-
CTRL_SUDBURY_PUMP	grid	-500	40	15029.602	15029.189	-0.413	29.60	-
CTRL_SUDBURY_PUMP	grid	-500	60	15029.649	15029.631	-0.018	29.65	-
CTRL_SUDBURY_PUMP	grid	-500	80	15029.863	15030.707	0.844	29.86	-
CTRL_SUDBURY_PUMP	grid	-500	100	15030.301	15037.616	7.315	30.30	-
CTRL_SUDBURY_PUMP	grid	-500	120	15030.944	15043.718	12.774	30.94	-
CTRL_SUDBURY_PUMP	grid	-500	140	15054.795	15049.484	-5.310	54.79	-
CTRL_SUDBURY_PUMP	grid	-500	160	15059.243	15055.495	-3.748	59.24	-
CTRL_SUDBURY_PUMP	grid	-500	180	15060.218	15060.626	0.408	60.22	-
CTRL_SUDBURY_PUMP	grid	-500	200	15061.416	15061.405	-0.012	61.42	-
CTRL_SUDBURY_PUMP	grid	-500	220	15062.858	15062.969	0.110	62.86	-
CTRL_SUDBURY_PUMP	grid	-500	240	15064.406	15064.663	0.257	64.41	-
CTRL_SUDBURY_PUMP	grid	-500	260	15066.000	15066.036	0.036	66.00	-
CTRL_SUDBURY_PUMP	grid	-500	280	15067.488	15067.472	-0.016	67.49	-
CTRL_SUDBURY_PUMP	grid	-500	300	15068.795	15068.555	-0.240	68.79	-
CTRL_SUDBURY_PUMP	grid	-500	320	15069.833	15069.633	-0.199	69.83	-
CTRL_SUDBURY_PUMP	grid	-500	340	15070.555	15070.181	-0.374	70.56	-
CTRL_SUDBURY_PUMP	grid	-500	360	15070.974	15070.615	-0.358	70.97	-
CTRL_SUDBURY_PUMP	grid	-500	380	15071.115	15070.934	-0.180	71.11	-
CTRL_SUDBURY_PUMP	grid	-500	400	15071.058	15070.738	-0.320	71.06	-
CTRL_SUDBURY_PUMP	grid	-500	420	15070.898	15070.640	-0.257	70.90	-
CTRL_SUDBURY_PUMP	grid	-500	440	15070.757	15070.303	-0.455	70.76	-
CTRL_SUDBURY_PUMP	grid	-500	460	15070.731	15070.558	-0.173	70.73	-
CTRL_SUDBURY_PUMP	grid	-500	480	15070.903	15070.939	0.036	70.90	-
CTRL_SUDBURY_PUMP	grid	-500	500	15071.323	15071.200	-0.123	71.32	-
CTRL_SUDBURY_PUMP	grid	-480	-500	15077.729	15077.344	-0.385	77.73	-
CTRL_SUDBURY_PUMP	grid	-480	-480	15074.365	15073.813	-0.552	74.36	-
CTRL_SUDBURY_PUMP	grid	-480	-460	15070.707	15070.266	-0.441	70.71	-
CTRL_SUDBURY_PUMP	grid	-480	-440	15066.865	15066.613	-0.253	66.87	-
CTRL_SUDBURY_PUMP	grid	-480	-420	15062.912	15062.815	-0.097	62.91	-
CTRL_SUDBURY_PUMP	grid	-480	-400	15058.924	15058.924	0.001	58.92	-
CTRL_SUDBURY_PUMP	grid	-480	-380	15054.995	15054.916	-0.079	54.99	-
CTRL_SUDBURY_PUMP	grid	-480	-360	15051.196	15051.388	0.192	51.20	-
CTRL_SUDBURY_PUMP	grid	-480	-340	15047.646	15046.318	-1.327	47.65	-
CTRL_SUDBURY_PUMP	grid	-480	-320	15044.182	15038.684	-5.498	44.18	-
CTRL_SUDBURY_PUMP	grid	-480	-300	15030.828	15032.619	1.791	30.83	-
CTRL_SUDBURY_PUMP	grid	-480	-280	15029.529	15030.418	0.889	29.53	-
CTRL_SUDBURY_PUMP	grid	-480	-260	15028.372	15028.384	0.012	28.37	-
CTRL_SUDBURY_PUMP	grid	-480	-240	15027.211	15027.343	0.132	27.21	-
CTRL_SUDBURY_PUMP	grid	-480	-220	15026.057	15026.252	0.195	26.06	-
CTRL_SUDBURY_PUMP	grid	-480	-200	15024.923	15025.666	0.743	24.92	-
CTRL_SUDBURY_PUMP	grid	-480	-180	15024.733	15024.871	0.139	24.73	-
CTRL_SUDBURY_PUMP	grid	-480	-160	15024.733	15024.702	-0.030	24.73	-
CTRL_SUDBURY_PUMP	grid	-480	-140	15024.733	15024.686	-0.047	24.73	-
CTRL_SUDBURY_PUMP	grid	-480	-120	15024.733	15024.691	-0.041	24.73	-
CTRL_SUDBURY_PUMP	grid	-480	-100	15024.733	15024.723	-0.010	24.73	-
CTRL_SUDBURY_PUMP	grid	-480	-80	15024.838	15025.078	0.239	24.84	-
CTRL_SUDBURY_PUMP	grid	-480	-60	15025.713	15025.585	-0.128	25.71	-
CTRL_SUDBURY_PUMP	grid	-480	-40	15026.570	15026.392	-0.178	26.57	-
CTRL_SUDBURY_PUMP	grid	-480	-20	15027.362	15027.280	-0.082	27.36	-
CTRL_SUDBURY_PUMP	grid	-480	0	15028.146	15027.699	-0.447	28.15	-
CTRL_SUDBURY_PUMP	grid	-480	20	15028.656	15028.072	-0.584	28.66	-
CTRL_SUDBURY_PUMP	grid	-480	40	15028.613	15028.485	-0.128	28.61	-
CTRL_SUDBURY_PUMP	grid	-480	60	15028.740	15028.880	0.140	28.74	-
CTRL_SUDBURY_PUMP	grid	-480	80	15029.063	15029.288	0.225	29.06	-
CTRL_SUDBURY_PUMP	grid	-480	100	15029.609	15029.752	0.143	29.61	-
CTRL_SUDBURY_PUMP	grid	-480	120	15030.249	15032.677	2.428	30.25	-
CTRL_SUDBURY_PUMP	grid	-480	140	15030.962	15039.140	8.178	30.96	-
CTRL_SUDBURY_PUMP	grid	-480	160	15056.033	15045.487	-10.546	56.03	-
CTRL_SUDBURY_PUMP	grid	-480	180	15057.776	15050.824	-6.952	57.78	-
CTRL_SUDBURY_PUMP	grid	-480	200	15059.294	15057.328	-1.966	59.29	-
CTRL_SUDBURY_PUMP	grid	-480	220	15061.055	15061.347	0.292	61.06	-
CTRL_SUDBURY_PUMP	grid	-480	240	15062.926	15063.146	0.220	62.93	-
CTRL_SUDBURY_PUMP	grid	-480	260	15064.819	15064.545	-0.274	64.82	-
CTRL_SUDBURY_PUMP	grid	-480	280	15066.593	15066.367	-0.226	66.59	-
CTRL_SUDBURY_PUMP	grid	-480	300	15068.146	15067.907	-0.238	68.15	-
CTRL_SUDBURY_PUMP	grid	-480	320	15069.404	15069.273	-0.132	69.40	-
CTRL_SUDBURY_PUMP	grid	-480	340	15070.304	15069.885	-0.418	70.30	-
CTRL_SUDBURY_PUMP	grid	-480	360	15070.865	15070.241	-0.624	70.87	-
CTRL_SUDBURY_PUMP	grid	-480	380	15071.119	15070.592	-0.527	71.12	-
CTRL_SUDBURY_PUMP	grid	-480	400	15071.157	15070.955	-0.202	71.16	-
CTRL_SUDBURY_PUMP	grid	-480	420	15071.080	15070.973	-0.107	71.08	-
CTRL_SUDBURY_PUMP	grid	-480	440	15071.011	15070.635	-0.376	71.01	-
CTRL_SUDBURY_PUMP	grid	-480	460	15071.058	15070.685	-0.373	71.06	-
CTRL_SUDBURY_PUMP	grid	-480	480	15071.294	15071.051	-0.244	71.29	-
CTRL_SUDBURY_PUMP	grid	-480	500	15071.765	15071.561	-0.204	71.76	-
CTRL_SUDBURY_PUMP	grid	-460	-500	15076.183	15075.780	-0.402	76.18	-
CTRL_SUDBURY_PUMP	grid	-460	-480	15072.944	15072.723	-0.221	72.94	-
CTRL_SUDBURY_PUMP	grid	-460	-460	15069.427	15069.293	-0.134	69.43	-
CTRL_SUDBURY_PUMP	grid	-460	-440	15065.725	15065.564	-0.161	65.72	-
CTRL_SUDBURY_PUMP	grid	-460	-420	15061.927	15061.811	-0.115	61.93	-
CTRL_SUDBURY_PUMP	grid	-460	-400	15058.107	15057.981	-0.127	58.11	-
CTRL_SUDBURY_PUMP	grid	-460	-380	15054.369	15054.638	0.269	54.37	-
CTRL_SUDBURY_PUMP	grid	-460	-360	15050.775	15051.160	0.385	50.78	-
CTRL_SUDBURY_PUMP	grid	-460	-340	15047.438	15047.291	-0.147	47.44	-
CTRL_SUDBURY_PUMP	grid	-460	-320	15043.603	15039.657	-3.946	43.60	-
CTRL_SUDBURY_PUMP	grid	-460	-300	15030.429	15032.064	1.636	30.43	-
CTRL_SUDBURY_PUMP	grid	-460	-280	15029.288	15030.170	0.882	29.29	-
CTRL_SUDBURY_PUMP	grid	-460	-260	15028.162	15028.344	0.182	28.16	-
CTRL_SUDBURY_PUMP	grid	-460	-240	15027.064	15027.082	0.018	27.06	-
CTRL_SUDBURY_PUMP	grid	-460	-220	15026.044	15025.963	-0.080	26.04	-
CTRL_SUDBURY_PUMP	grid	-460	-200	15025.054	15025.251	0.197	25.05	-
CTRL_SUDBURY_PUMP	grid	-460	-180	15024.733	15024.718	-0.015	24.73	-
CTRL_SUDBURY_PUMP	grid	-460	-160	15024.733	15024.708	-0.025	24.73	-
CTRL_SUDBURY_PUMP	grid	-460	-140	15024.733	15024.691	-0.041	24.73	-
CTRL_SUDBURY_PUMP	grid	-460	-120	15024.733	15024.699	-0.034	24.73	-
CTRL_SUDBURY_PUMP	grid	-460	-100	15024.733	15024.700	-0.033	24.73	-
CTRL_SUDBURY_PUMP	grid	-460	-80	15024.747	15024.898	0.150	24.75	-
CTRL_SUDBURY_PUMP	grid	-460	-60	15025.328	15025.390	0.062	25.33	-
CTRL_SUDBURY_PUMP	grid	-460	-40	15026.111	15026.068	-0.044	26.11	-
CTRL_SUDBURY_PUMP	grid	-460	-20	15026.870	15026.594	-0.276	26.87	-
CTRL_SUDBURY_PUMP	grid	-460	0	15027.530	15027.064	-0.467	27.53	-
CTRL_SUDBURY_PUMP	grid	-460	20	15027.781	15027.425	-0.356	27.78	-
CTRL_SUDBURY_PUMP	grid	-460	40	15027.664	15027.775	0.111	27.66	-
CTRL_SUDBURY_PUMP	grid	-460	60	15027.883	15028.152	0.270	27.88	-
CTRL_SUDBURY_PUMP	grid	-460	80	15028.353	15028.549	0.196	28.35	-
CTRL_SUDBURY_PUMP	grid	-460	100	15028.982	15029.013	0.031	28.98	-
CTRL_SUDBURY_PUMP	grid	-460	120	15029.693	15029.636	-0.057	29.69	-
CTRL_SUDBURY_PUMP	grid	-460	140	15030.437	15030.338	-0.099	30.44	-
CTRL_SUDBURY_PUMP	grid	-460	160	15036.607	15035.322	-1.285	36.61	-
CTRL_SUDBURY_PUMP	grid	-460	180	15055.475	15041.321	-14.154	55.48	-
CTRL_SUDBURY_PUMP	grid	-460	200	15057.281	15049.104	-8.177	57.28	-
CTRL_SUDBURY_PUMP	grid	-460	220	15059.303	15055.093	-4.210	59.30	-
CTRL_SUDBURY_PUMP	grid	-460	240	15061.430	15060.474	-0.956	61.43	-
CTRL_SUDBURY_PUMP	grid	-460	260	15063.547	15063.365	-0.183	63.55	-
CTRL_SUDBURY_PUMP	grid	-460	280	15065.530	15065.222	-0.308	65.53	-
CTRL_SUDBURY_PUMP	grid	-460	300	15067.266	15066.880	-0.386	67.27	-
CTRL_SUDBURY_PUMP	grid	-460	320	15068.673	15068.371	-0.302	68.67	-
CTRL_SUDBURY_PUMP	grid	-460	340	15069.709	15069.361	-0.348	69.71	-
CTRL_SUDBURY_PUMP	grid	-460	360	15070.378	15069.894	-0.485	70.38	-
CTRL_SUDBURY_PUMP	grid	-460	380	15070.729	15070.258	-0.470	70.73	-
CTRL_SUDBURY_PUMP	grid	-460	400	15070.852	15070.382	-0.470	70.85	-
CTRL_SUDBURY_PUMP	grid	-460	420	15070.860	15070.393	-0.467	70.86	-
CTRL_SUDBURY_PUMP	grid	-460	440	15070.873	15070.786	-0.087	70.87	-
CTRL_SUDBURY_PUMP	grid	-460	460	15070.998	15070.838	-0.160	71.00	-
CTRL_SUDBURY_PUMP	grid	-460	480	15071.305	15070.965	-0.340	71.31	-
CTRL_SUDBURY_PUMP	grid	-460	500	15071.820	15071.200	-0.620	71.82	-
CTRL_SUDBURY_PUMP	grid	-440	-500	15074.377	15074.057	-0.320	74.38	-
CTRL_SUDBURY_PUMP	grid	-440	-480	15071.287	15071.000	-0.287	71.29	-
CTRL_SUDBURY_PUMP	grid	-440	-460	15067.948	15068.065	0.118	67.95	-
CTRL_SUDBURY_PUMP	grid	-440	-440	15064.439	15064.530	0.091	64.44	-
CTRL_SUDBURY_PUMP	grid	-440	-420	15060.850	15060.835	-0.016	60.85	-
CTRL_SUDBURY_PUMP	grid	-440	-400	15057.264	15057.316	0.051	57.26	-
CTRL_SUDBURY_PUMP	grid	-440	-380	15053.772	15054.253	0.480	53.77	-
CTRL_SUDBURY_PUMP	grid	-440	-360	15050.450	15050.846	0.396	50.45	-
CTRL_SUDBURY_PUMP	grid	-440	-340	15047.368	15047.434	0.066	47.37	-
CTRL_SUDBURY_PUMP	grid	-440	-320	15041.250	15040.661	-0.589	41.25	-
CTRL_SUDBURY_PUMP	grid	-440	-300	15030.330	15033.067	2.737	30.33	-
CTRL_SUDBURY_PUMP	grid	-440	-280	15029.234	15029.491	0.257	29.23	-
CTRL_SUDBURY_PUMP	grid	-440	-260	15028.137	15027.996	-0.140	28.14	-
CTRL_SUDBURY_PUMP	grid	-440	-240	15027.016	15026.882	-0.134	27.02	-
CTRL_SUDBURY_PUMP	grid	-440	-220	15025.880	15025.721	-0.159	25.88	-
CTRL_SUDBURY_PUMP	grid	-440	-200	15024.870	15024.863	-0.007	24.87	-
CTRL_SUDBURY_PUMP	grid	-440	-180	15024.733	15024.693	-0.039	24.73	-
CTRL_SUDBURY_PUMP	grid	-440	-160	15024.733	15024.686	-0.046	24.73	-
CTRL_SUDBURY_PUMP	grid	-440	-140	15024.733	15024.702	-0.030	24.73	-
CTRL_SUDBURY_PUMP	grid	-440	-120	15024.733	15024.722	-0.011	24.73	-
CTRL_SUDBURY_PUMP	grid	-440	-100	15024.733	15024.692	-0.041	24.73	-
CTRL_SUDBURY_PUMP	grid	-440	-80	15024.733	15024.753	0.021	24.73	-
CTRL_SUDBURY_PUMP	grid	-440	-60	15024.901	15025.246	0.345	24.90	-
CTRL_SUDBURY_PUMP	grid	-440	-40	15025.606	15025.562	-0.043	25.61	-
CTRL_SUDBURY_PUMP	grid	-440	-20	15026.276	15025.934	-0.342	26.28	-
CTRL_SUDBURY_PUMP	grid	-440	0	15026.898	15026.443	-0.455	26.90	-
CTRL_SUDBURY_PUMP	grid	-440	20	15026.761	15026.809	0.048	26.76	-
CTRL_SUDBURY_PUMP	grid	-440	40	15026.748	15027.027	0.279	26.75	-
CTRL_SUDBURY_PUMP	grid	-440	60	15027.116	15027.412	0.296	27.12	-
CTRL_SUDBURY_PUMP	grid	-440	80	15027.720	15027.848	0.128	27.72	-
CTRL_SUDBURY_PUMP	grid	-440	100	15028.418	15028.380	-0.038	28.42	-
CTRL_SUDBURY_PUMP	grid	-440	120	15029.169	15029.043	-0.126	29.17	-
CTRL_SUDBURY_PUMP	grid	-440	140	15029.926	15029.741	-0.185	29.93	-
CTRL_SUDBURY_PUMP	grid	-440	160	15030.517	15030.471	-0.046	30.52	-
CTRL_SUDBURY_PUMP	grid	-440	180	15030.924	15033.061	2.137	30.92	-
CTRL_SUDBURY_PUMP	grid	-440	200	15045.533	15040.835	-4.698	45.53	-
CTRL_SUDBURY_PUMP	grid	-440	220	15057.589	15047.535	-10.055	57.59	-
CTRL_SUDBURY_PUMP	grid	-440	240	15059.896	15054.487	-5.409	59.90	-
CTRL_SUDBURY_PUMP	grid	-440	260	15062.164	15061.966	-0.198	62.16	-
CTRL_SUDBURY_PUMP	grid	-440	280	15064.275	15064.104	-0.171	64.27	-
CTRL_SUDBURY_PUMP	grid	-440	300	15066.124	15065.879	-0.245	66.12	-
CTRL_SUDBURY_PUMP	grid	-440	320	15067.618	15067.046	-0.572	67.62	-
CTRL_SUDBURY_PUMP	grid	-440	340	15068.740	15068.083	-0.657	68.74	-
CTRL_SUDBURY_PUMP	grid	-440	360	15069.479	15069.013	-0.466	69.48	-
CTRL_SUDBURY_PUMP	grid	-440	380	15069.909	15069.874	-0.035	69.91	-
CTRL_SUDBURY_PUMP	grid	-440	400	15070.110	15069.705	-0.405	70.11	-
CTRL_SUDBURY_PUMP	grid	-440	420	15070.207	15069.567	-0.639	70.21	-
CTRL_SUDBURY_PUMP	grid	-440	440	15070.312	15069.960	-0.352	70.31	-
CTRL_SUDBURY_PUMP	grid	-440	460	15070.519	15070.202	-0.316	70.52	-
CTRL_SUDBURY_PUMP	grid	-440	480	15070.895	15070.906	0.010	70.90	-
CTRL_SUDBURY_PUMP	grid	-440	500	15071.452	15071.012	-0.440	71.45	-
CTRL_SUDBURY_PUMP	grid	-420	-500	15072.431	15072.354	-0.076	72.43	-
CTRL_SUDBURY_PUMP	grid	-420	-480	15069.525	15069.447	-0.077	69.52	-
CTRL_SUDBURY_PUMP	grid	-420	-460	15066.397	15066.635	0.238	66.40	-
CTRL_SUDBURY_PUMP	grid	-420	-440	15063.135	15063.200	0.065	63.14	-
CTRL_SUDBURY_PUMP	grid	-420	-420	15059.804	15059.819	0.015	59.80	-
CTRL_SUDBURY_PUMP	grid	-420	-400	15056.512	15056.873	0.361	56.51	-
CTRL_SUDBURY_PUMP	grid	-420	-380	15053.316	15053.810	0.495	53.32	-
CTRL_SUDBURY_PUMP	grid	-420	-360	15050.311	15050.521	0.210	50.31	-
CTRL_SUDBURY_PUMP	grid	-420	-340	15047.517	15045.299	-2.217	47.52	-
CTRL_SUDBURY_PUMP	grid	-420	-320	15036.253	15039.333	3.081	36.25	-
CTRL_SUDBURY_PUMP	grid	-420	-300	15030.032	15034.075	4.043	30.03	-
CTRL_SUDBURY_PUMP	grid	-420	-280	15028.876	15028.839	-0.037	28.88	-
CTRL_SUDBURY_PUMP	grid	-420	-260	15027.717	15027.849	0.132	27.72	-
CTRL_SUDBURY_PUMP	grid	-420	-240	15026.568	15026.815	0.247	26.57	-
CTRL_SUDBURY_PUMP	grid	-420	-220	15025.423	15025.610	0.186	25.42	-
CTRL_SUDBURY_PUMP	grid	-420	-200	15024.737	15024.723	-0.014	24.74	-
CTRL_SUDBURY_PUMP	grid	-420	-180	15024.733	15024.695	-0.037	24.73	-
CTRL_SUDBURY_PUMP	grid	-420	-160	15024.733	15024.690	-0.043	24.73	-
CTRL_SUDBURY_PUMP	grid	-420	-140	15024.733	15024.706	-0.027	24.73	-
CTRL_SUDBURY_PUMP	grid	-420	-120	15024.733	15024.696	-0.036	24.73	-
CTRL_SUDBURY_PUMP	grid	-420	-100	15024.733	15024.698	-0.034	24.73	-
CTRL_SUDBURY_PUMP	grid	-420	-80	15024.733	15024.706	-0.026	24.73	-
CTRL_SUDBURY_PUMP	grid	-420	-60	15024.733	15025.026	0.294	24.73	-
CTRL_SUDBURY_PUMP	grid	-420	-40	15025.047	15025.204	0.156	25.05	-
CTRL_SUDBURY_PUMP	grid	-420	-20	15025.638	15025.510	-0.128	25.64	-
CTRL_SUDBURY_PUMP	grid	-420	0	15026.012	15025.877	-0.135	26.01	-
CTRL_SUDBURY_PUMP	grid	-420	20	15025.747	15026.109	0.363	25.75	-
CTRL_SUDBURY_PUMP	grid	-420	40	15025.927	15026.326	0.400	25.93	-
CTRL_SUDBURY_PUMP	grid	-420	60	15026.453	15026.663	0.210	26.45	-
CTRL_SUDBURY_PUMP	grid	-420	80	15027.166	15027.132	-0.035	27.17	-
CTRL_SUDBURY_PUMP	grid	-420	100	15027.890	15027.792	-0.099	27.89	-
CTRL_SUDBURY_PUMP	grid	-420	120	15028.675	15028.477	-0.198	28.68	-
CTRL_SUDBURY_PUMP	grid	-420	140	15029.306	15029.171	-0.135	29.31	-
CTRL_SUDBURY_PUMP	grid	-420	160	15029.728	15029.738	0.010	29.73	-
CTRL_SUDBURY_PUMP	grid	-420	180	15030.161	15031.076	0.915	30.16	-
CTRL_SUDBURY_PUMP	grid	-420	200	15030.660	15035.000	4.340	30.66	-
CTRL_SUDBURY_PUMP	grid	-420	220	15044.236	15040.038	-4.198	44.24	-
CTRL_SUDBURY_PUMP	grid	-420	240	15058.305	15050.475	-7.830	58.30	-
CTRL_SUDBURY_PUMP	grid	-420	260	15060.646	15060.393	-0.253	60.65	-
CTRL_SUDBURY_PUMP	grid	-420	280	15062.806	15062.538	-0.268	62.81	-
CTRL_SUDBURY_PUMP	grid	-420	300	15064.704	15064.479	-0.225	64.70	-
CTRL_SUDBURY_PUMP	grid	-420	320	15066.223	15065.747	-0.476	66.22	-
CTRL_SUDBURY_PUMP	grid	-420	340	15067.388	15066.815	-0.573	67.39	-
CTRL_SUDBURY_PUMP	grid	-420	360	15068.163	15067.763	-0.400	68.16	-
CTRL_SUDBURY_PUMP	grid	-420	380	15068.658	15068.203	-0.455	68.66	-
CTRL_SUDBURY_PUMP	grid	-420	400	15068.925	15068.648	-0.277	68.93	-
CTRL_SUDBURY_PUMP	grid	-420	420	15069.112	15068.912	-0.201	69.11	-
CTRL_SUDBURY_PUMP	grid	-420	440	15069.312	15069.080	-0.232	69.31	-
CTRL_SUDBURY_PUMP	grid	-420	460	15069.610	15069.183	-0.426	69.61	-
CTRL_SUDBURY_PUMP	grid	-420	480	15070.051	15069.732	-0.319	70.05	-
CTRL_SUDBURY_PUMP	grid	-420	500	15070.639	15070.550	-0.089	70.64	-
CTRL_SUDBURY_PUMP	grid	-400	-500	15070.464	15070.580	0.116	70.46	-
CTRL_SUDBURY_PUMP	grid	-400	-480	15067.785	15067.961	0.176	67.78	-
CTRL_SUDBURY_PUMP	grid	-400	-460	15064.906	15065.115	0.209	64.91	-
CTRL_SUDBURY_PUMP	grid	-400	-440	15061.937	15061.897	-0.040	61.94	-
CTRL_SUDBURY_PUMP	grid	-400	-420	15058.911	15059.321	0.409	58.91	-
CTRL_SUDBURY_PUMP	grid	-400	-400	15055.961	15056.609	0.648	55.96	-
CTRL_SUDBURY_PUMP	grid	-400	-380	15053.093	15053.446	0.353	53.09	-
CTRL_SUDBURY_PUMP	grid	-400	-360	15050.440	15049.442	-0.997	50.44	-
CTRL_SUDBURY_PUMP	grid	-400	-340	15047.940	15042.739	-5.201	47.94	-
CTRL_SUDBURY_PUMP	grid	-400	-320	15030.896	15036.374	5.478	30.90	-
CTRL_SUDBURY_PUMP	grid	-400	-300	15029.743	15031.117	1.374	29.74	-
CTRL_SUDBURY_PUMP	grid	-400	-280	15028.608	15028.834	0.226	28.61	-
CTRL_SUDBURY_PUMP	grid	-400	-260	15027.475	15027.728	0.253	27.47	-
CTRL_SUDBURY_PUMP	grid	-400	-240	15026.415	15026.772	0.357	26.42	-
CTRL_SUDBURY_PUMP	grid	-400	-220	15025.434	15025.613	0.179	25.43	-
CTRL_SUDBURY_PUMP	grid	-400	-200	15024.785	15024.809	0.024	24.79	-
CTRL_SUDBURY_PUMP	grid	-400	-180	15024.733	15024.706	-0.026	24.73	-
CTRL_SUDBURY_PUMP	grid	-400	-160	15024.733	15024.719	-0.014	24.73	-
CTRL_SUDBURY_PUMP	grid	-400	-140	15024.733	15024.703	-0.030	24.73	-
CTRL_SUDBURY_PUMP	grid	-400	-120	15024.733	15024.685	-0.048	24.73	-
CTRL_SUDBURY_PUMP	grid	-400	-100	15024.733	15024.689	-0.044	24.73	-
CTRL_SUDBURY_PUMP	grid	-400	-80	15024.733	15024.717	-0.015	24.73	-
CTRL_SUDBURY_PUMP	grid	-400	-60	15024.733	15024.709	-0.024	24.73	-
CTRL_SUDBURY_PUMP	grid	-400	-40	15024.734	15024.876	0.143	24.73	-
CTRL_SUDBURY_PUMP	grid	-400	-20	15025.121	15025.143	0.021	25.12	-
CTRL_SUDBURY_PUMP	grid	-400	0	15025.056	15025.449	0.393	25.06	-
CTRL_SUDBURY_PUMP	grid	-400	20	15024.755	15025.622	0.867	24.75	-
CTRL_SUDBURY_PUMP	grid	-400	40	15025.229	15025.680	0.451	25.23	-
CTRL_SUDBURY_PUMP	grid	-400	60	15025.884	15025.940	0.055	25.88	-
CTRL_SUDBURY_PUMP	grid	-400	80	15026.642	15026.533	-0.108	26.64	-
CTRL_SUDBURY_PUMP	grid	-400	100	15027.409	15027.186	-0.223	27.41	-
CTRL_SUDBURY_PUMP	grid	-400	120	15028.079	15027.888	-0.191	28.08	-
CTRL_SUDBURY_PUMP	grid	-400	140	15028.545	15028.546	0.000	28.55	-
CTRL_SUDBURY_PUMP	grid	-400	160	15028.946	15029.000	0.054	28.95	-
CTRL_SUDBURY_PUMP	grid	-400	180	15029.425	15029.476	0.051	29.42	-
CTRL_SUDBURY_PUMP	grid	-400	200	15029.963	15033.263	3.301	29.96	-
CTRL_SUDBURY_PUMP	grid	-400	220	15030.599	15036.096	5.497	30.60	-
CTRL_SUDBURY_PUMP	grid	-400	240	15045.831	15046.222	0.391	45.83	-
CTRL_SUDBURY_PUMP	grid	-400	260	15058.983	15056.965	-2.018	58.98	-
CTRL_SUDBURY_PUMP	grid	-400	280	15061.124	15060.925	-0.198	61.12	-
CTRL_SUDBURY_PUMP	grid	-400	300	15062.997	15062.554	-0.444	63.00	-
CTRL_SUDBURY_PUMP	grid	-400	320	15064.503	15064.023	-0.480	64.50	-
CTRL_SUDBURY_PUMP	grid	-400	340	15065.665	15065.433	-0.233	65.67	-
CTRL_SUDBURY_PUMP	grid	-400	360	15066.467	15066.208	-0.258	66.47	-
CTRL_SUDBURY_PUMP	grid	-400	380	15067.006	15066.552	-0.455	67.01	-
CTRL_SUDBURY_PUMP	grid	-400	400	15067.361	15066.970	-0.391	67.36	-
CTRL_SUDBURY_PUMP	grid	-400	420	15067.641	15067.460	-0.181	67.64	-
CTRL_SUDBURY_PUMP	grid	-400	440	15067.946	15067.946	-0.000	67.95	-
CTRL_SUDBURY_PUMP	grid	-400	460	15068.335	15068.191	-0.145	68.34	-
CTRL_SUDBURY_PUMP	grid	-400	480	15068.845	15068.546	-0.299	68.85	-
CTRL_SUDBURY_PUMP	grid	-400	500	15069.461	15069.249	-0.212	69.46	-
CTRL_SUDBURY_PUMP	grid	-380	-500	15068.650	15068.975	0.325	68.65	-
CTRL_SUDBURY_PUMP	grid	-380	-480	15066.221	15066.698	0.477	66.22	-
CTRL_SUDBURY_PUMP	grid	-380	-460	15063.633	15063.754	0.121	63.63	-
CTRL_SUDBURY_PUMP	grid	-380	-440	15060.979	15061.184	0.206	60.98	-
CTRL_SUDBURY_PUMP	grid	-380	-420	15058.301	15058.849	0.548	58.30	-
CTRL_SUDBURY_PUMP	grid	-380	-400	15055.705	15056.394	0.689	55.70	-
CTRL_SUDBURY_PUMP	grid	-380	-380	15053.210	15053.231	0.020	53.21	-
CTRL_SUDBURY_PUMP	grid	-380	-360	15050.904	15051.223	0.320	50.90	-
CTRL_SUDBURY_PUMP	grid	-380	-340	15048.753	15041.038	-7.715	48.75	-
CTRL_SUDBURY_PUMP	grid	-380	-320	15030.769	15033.538	2.769	30.77	-
CTRL_SUDBURY_PUMP	grid	-380	-300	15029.666	15029.798	0.132	29.67	-
CTRL_SUDBURY_PUMP	grid	-380	-280	15028.610	15028.967	0.357	28.61	-
CTRL_SUDBURY_PUMP	grid	-380	-260	15027.610	15027.879	0.269	27.61	-
CTRL_SUDBURY_PUMP	grid	-380	-240	15026.704	15026.754	0.050	26.70	-
CTRL_SUDBURY_PUMP	grid	-380	-220	15025.893	15025.857	-0.036	25.89	-
CTRL_SUDBURY_PUMP	grid	-380	-200	15025.100	15025.054	-0.047	25.10	-
CTRL_SUDBURY_PUMP	grid	-380	-180	15024.733	15024.728	-0.004	24.73	-
CTRL_SUDBURY_PUMP	grid	-380	-160	15024.733	15024.724	-0.009	24.73	-
CTRL_SUDBURY_PUMP	grid	-380	-140	15024.733	15024.698	-0.035	24.73	-
CTRL_SUDBURY_PUMP	grid	-380	-120	15024.733	15024.700	-0.032	24.73	-
CTRL_SUDBURY_PUMP	grid	-380	-100	15024.733	15024.706	-0.026	24.73	-
CTRL_SUDBURY_PUMP	grid	-380	-80	15024.733	15024.694	-0.039	24.73	-
CTRL_SUDBURY_PUMP	grid	-380	-60	15024.733	15024.686	-0.046	24.73	-
CTRL_SUDBURY_PUMP	grid	-380	-40	15024.733	15024.700	-0.032	24.73	-
CTRL_SUDBURY_PUMP	grid	-380	-20	15024.733	15024.786	0.053	24.73	-
CTRL_SUDBURY_PUMP	grid	-380	0	15024.733	15025.008	0.275	24.73	-
CTRL_SUDBURY_PUMP	grid	-380	20	15024.733	15025.243	0.511	24.73	-
CTRL_SUDBURY_PUMP	grid	-380	40	15024.812	15025.302	0.490	24.81	-
CTRL_SUDBURY_PUMP	grid	-380	60	15025.369	15025.422	0.053	25.37	-
CTRL_SUDBURY_PUMP	grid	-380	80	15026.135	15025.962	-0.173	26.13	-
CTRL_SUDBURY_PUMP	grid	-380	100	15026.868	15026.610	-0.258	26.87	-
CTRL_SUDBURY_PUMP	grid	-380	120	15027.336	15027.308	-0.028	27.34	-
CTRL_SUDBURY_PUMP	grid	-380	140	15027.743	15027.795	0.052	27.74	-
CTRL_SUDBURY_PUMP	grid	-380	160	15028.197	15028.271	0.074	28.20	-
CTRL_SUDBURY_PUMP	grid	-380	180	15028.712	15028.765	0.053	28.71	-
CTRL_SUDBURY_PUMP	grid	-380	200	15029.342	15030.924	1.582	29.34	-
CTRL_SUDBURY_PUMP	grid	-380	220	15030.136	15033.276	3.140	30.14	-
CTRL_SUDBURY_PUMP	grid	-380	240	15035.111	15040.782	5.671	35.11	-
CTRL_SUDBURY_PUMP	grid	-380	260	15057.216	15052.133	-5.084	57.22	-
CTRL_SUDBURY_PUMP	grid	-380	280	15059.286	15059.028	-0.258	59.29	-
CTRL_SUDBURY_PUMP	grid	-380	300	15061.086	15060.656	-0.430	61.09	-
CTRL_SUDBURY_PUMP	grid	-380	320	15062.548	15062.204	-0.344	62.55	-
CTRL_SUDBURY_PUMP	grid	-380	340	15063.679	15063.497	-0.182	63.68	-
CTRL_SUDBURY_PUMP	grid	-380	360	15064.498	15064.326	-0.172	64.50	-
CTRL_SUDBURY_PUMP	grid	-380	380	15065.081	15064.928	-0.153	65.08	-
CTRL_SUDBURY_PUMP	grid	-380	400	15065.517	15065.318	-0.199	65.52	-
CTRL_SUDBURY_PUMP	grid	-380	420	15065.899	15065.760	-0.138	65.90	-
CTRL_SUDBURY_PUMP	grid	-380	440	15066.310	15066.215	-0.096	66.31	-
CTRL_SUDBURY_PUMP	grid	-380	460	15066.796	15066.777	-0.019	66.80	-
CTRL_SUDBURY_PUMP	grid	-380	480	15067.371	15067.367	-0.004	67.37	-
CTRL_SUDBURY_PUMP	grid	-380	500	15068.018	15067.870	-0.148	68.02	-
CTRL_SUDBURY_PUMP	grid	-360	-500	15067.118	15067.397	0.280	67.12	-
CTRL_SUDBURY_PUMP	grid	-360	-480	15064.955	15065.462	0.506	64.96	-
CTRL_SUDBURY_PUMP	grid	-360	-460	15062.686	15062.757	0.070	62.69	-
CTRL_SUDBURY_PUMP	grid	-360	-440	15060.365	15061.273	0.909	60.36	-
CTRL_SUDBURY_PUMP	grid	-360	-420	15058.060	15058.630	0.571	58.06	-
CTRL_SUDBURY_PUMP	grid	-360	-400	15055.825	15056.096	0.271	55.83	-
CTRL_SUDBURY_PUMP	grid	-360	-380	15053.719	15054.068	0.349	53.72	-
CTRL_SUDBURY_PUMP	grid	-360	-360	15051.754	15052.609	0.855	51.75	-
CTRL_SUDBURY_PUMP	grid	-360	-340	15049.938	15044.543	-5.395	49.94	-
CTRL_SUDBURY_PUMP	grid	-360	-320	15030.823	15034.362	3.539	30.82	-
CTRL_SUDBURY_PUMP	grid	-360	-300	15029.797	15029.921	0.123	29.80	-
CTRL_SUDBURY_PUMP	grid	-360	-280	15028.842	15029.090	0.248	28.84	-
CTRL_SUDBURY_PUMP	grid	-360	-260	15027.959	15028.103	0.144	27.96	-
CTRL_SUDBURY_PUMP	grid	-360	-240	15027.152	15026.993	-0.160	27.15	-
CTRL_SUDBURY_PUMP	grid	-360	-220	15026.349	15026.050	-0.299	26.35	-
CTRL_SUDBURY_PUMP	grid	-360	-200	15025.459	15025.313	-0.146	25.46	-
CTRL_SUDBURY_PUMP	grid	-360	-180	15024.764	15024.777	0.013	24.76	-
CTRL_SUDBURY_PUMP	grid	-360	-160	15024.733	15024.718	-0.015	24.73	-
CTRL_SUDBURY_PUMP	grid	-360	-140	15024.733	15024.685	-0.048	24.73	-
CTRL_SUDBURY_PUMP	grid	-360	-120	15024.733	15024.699	-0.033	24.73	-
CTRL_SUDBURY_PUMP	grid	-360	-100	15024.733	15024.717	-0.015	24.73	-
CTRL_SUDBURY_PUMP	grid	-360	-80	15024.733	15024.696	-0.037	24.73	-
CTRL_SUDBURY_PUMP	grid	-360	-60	15024.733	15024.690	-0.042	24.73	-
CTRL_SUDBURY_PUMP	grid	-360	-40	15024.733	15024.705	-0.028	24.73	-
CTRL_SUDBURY_PUMP	grid	-360	-20	15024.733	15024.697	-0.036	24.73	-
CTRL_SUDBURY_PUMP	grid	-360	0	15024.733	15024.697	-0.036	24.73	-
CTRL_SUDBURY_PUMP	grid	-360	20	15024.733	15024.842	0.109	24.73	-
CTRL_SUDBURY_PUMP	grid	-360	40	15024.733	15024.966	0.233	24.73	-
CTRL_SUDBURY_PUMP	grid	-360	60	15024.948	15025.114	0.166	24.95	-
CTRL_SUDBURY_PUMP	grid	-360	80	15025.630	15025.536	-0.094	25.63	-
CTRL_SUDBURY_PUMP	grid	-360	100	15026.133	15026.108	-0.025	26.13	-
CTRL_SUDBURY_PUMP	grid	-360	120	15026.563	15026.589	0.026	26.56	-
CTRL_SUDBURY_PUMP	grid	-360	140	15026.972	15027.068	0.096	26.97	-
CTRL_SUDBURY_PUMP	grid	-360	160	15027.477	15027.556	0.079	27.48	-
CTRL_SUDBURY_PUMP	grid	-360	180	15028.074	15028.099	0.025	28.07	-
CTRL_SUDBURY_PUMP	grid	-360	200	15028.885	15029.076	0.191	28.89	-
CTRL_SUDBURY_PUMP	grid	-360	220	15029.805	15030.484	0.678	29.81	-
CTRL_SUDBURY_PUMP	grid	-360	240	15031.229	15035.371	4.143	31.23	-
CTRL_SUDBURY_PUMP	grid	-360	260	15054.172	15047.098	-7.073	54.17	-
CTRL_SUDBURY_PUMP	grid	-360	280	15057.373	15057.239	-0.134	57.37	-
CTRL_SUDBURY_PUMP	grid	-360	300	15059.069	15058.818	-0.251	59.07	-
CTRL_SUDBURY_PUMP	grid	-360	320	15060.464	15060.413	-0.051	60.46	-
CTRL_SUDBURY_PUMP	grid	-360	340	15061.551	15061.359	-0.192	61.55	-
CTRL_SUDBURY_PUMP	grid	-360	360	15062.377	15062.295	-0.082	62.38	-
CTRL_SUDBURY_PUMP	grid	-360	380	15063.006	15062.898	-0.108	63.01	-
CTRL_SUDBURY_PUMP	grid	-360	400	15063.523	15063.622	0.099	63.52	-
CTRL_SUDBURY_PUMP	grid	-360	420	15064.013	15064.083	0.070	64.01	-
CTRL_SUDBURY_PUMP	grid	-360	440	15064.533	15064.526	-0.007	64.53	-
CTRL_SUDBURY_PUMP	grid	-360	460	15065.120	15065.073	-0.047	65.12	-
CTRL_SUDBURY_PUMP	grid	-360	480	15065.760	15065.860	0.100	65.76	-
CTRL_SUDBURY_PUMP	grid	-360	500	15066.441	15066.489	0.048	66.44	-
CTRL_SUDBURY_PUMP	grid	-340	-500	15065.972	15066.377	0.404	65.97	-
CTRL_SUDBURY_PUMP	grid	-340	-480	15064.090	15064.142	0.052	64.09	-
CTRL_SUDBURY_PUMP	grid	-340	-460	15062.152	15062.531	0.380	62.15	-
CTRL_SUDBURY_PUMP	grid	-340	-440	15060.172	15061.048	0.876	60.17	-
CTRL_SUDBURY_PUMP	grid	-340	-420	15058.245	15058.750	0.506	58.24	-
CTRL_SUDBURY_PUMP	grid	-340	-400	15056.374	15056.660	0.286	56.37	-
CTRL_SUDBURY_PUMP	grid	-340	-380	15054.651	15055.231	0.580	54.65	-
CTRL_SUDBURY_PUMP	grid	-340	-360	15053.025	15053.600	0.574	53.03	-
CTRL_SUDBURY_PUMP	grid	-340	-340	15051.523	15048.077	-3.446	51.52	-
CTRL_SUDBURY_PUMP	grid	-340	-320	15031.491	15037.514	6.023	31.49	-
CTRL_SUDBURY_PUMP	grid	-340	-300	15030.081	15030.238	0.157	30.08	-
CTRL_SUDBURY_PUMP	grid	-340	-280	15029.214	15029.308	0.094	29.21	-
CTRL_SUDBURY_PUMP	grid	-340	-260	15028.419	15028.359	-0.061	28.42	-
CTRL_SUDBURY_PUMP	grid	-340	-240	15027.598	15027.263	-0.335	27.60	-
CTRL_SUDBURY_PUMP	grid	-340	-220	15026.609	15026.231	-0.378	26.61	-
CTRL_SUDBURY_PUMP	grid	-340	-200	15025.519	15025.495	-0.024	25.52	-
CTRL_SUDBURY_PUMP	grid	-340	-180	15024.743	15024.763	0.019	24.74	-
CTRL_SUDBURY_PUMP	grid	-340	-160	15024.733	15024.739	0.006	24.73	-
CTRL_SUDBURY_PUMP	grid	-340	-140	15024.733	15024.701	-0.032	24.73	-
CTRL_SUDBURY_PUMP	grid	-340	-120	15024.733	15024.709	-0.024	24.73	-
CTRL_SUDBURY_PUMP	grid	-340	-100	15024.733	15024.690	-0.043	24.73	-
CTRL_SUDBURY_PUMP	grid	-340	-80	15024.733	15024.691	-0.041	24.73	-
CTRL_SUDBURY_PUMP	grid	-340	-60	15024.733	15024.718	-0.015	24.73	-
CTRL_SUDBURY_PUMP	grid	-340	-40	15024.733	15024.706	-0.027	24.73	-
CTRL_SUDBURY_PUMP	grid	-340	-20	15024.733	15024.686	-0.047	24.73	-
CTRL_SUDBURY_PUMP	grid	-340	0	15024.733	15024.688	-0.044	24.73	-
CTRL_SUDBURY_PUMP	grid	-340	20	15024.733	15024.715	-0.018	24.73	-
CTRL_SUDBURY_PUMP	grid	-340	40	15024.733	15024.708	-0.025	24.73	-
CTRL_SUDBURY_PUMP	grid	-340	60	15024.733	15024.833	0.100	24.73	-
CTRL_SUDBURY_PUMP	grid	-340	80	15024.996	15025.147	0.151	25.00	-
CTRL_SUDBURY_PUMP	grid	-340	100	15025.395	15025.620	0.225	25.39	-
CTRL_SUDBURY_PUMP	grid	-340	120	15025.765	15025.962	0.198	25.76	-
CTRL_SUDBURY_PUMP	grid	-340	140	15026.243	15026.383	0.140	26.24	-
CTRL_SUDBURY_PUMP	grid	-340	160	15026.806	15026.867	0.061	26.81	-
CTRL_SUDBURY_PUMP	grid	-340	180	15027.642	15027.787	0.145	27.64	-
CTRL_SUDBURY_PUMP	grid	-340	200	15028.576	15028.833	0.257	28.58	-
CTRL_SUDBURY_PUMP	grid	-340	220	15029.569	15029.692	0.123	29.57	-
CTRL_SUDBURY_PUMP	grid	-340	240	15030.665	15031.275	0.609	30.67	-
CTRL_SUDBURY_PUMP	grid	-340	260	15051.260	15042.231	-9.029	51.26	-
CTRL_SUDBURY_PUMP	grid	-340	280	15055.490	15054.362	-1.128	55.49	-
CTRL_SUDBURY_PUMP	grid	-340	300	15057.062	15057.057	-0.005	57.06	-
CTRL_SUDBURY_PUMP	grid	-340	320	15058.375	15058.504	0.129	58.37	-
CTRL_SUDBURY_PUMP	grid	-340	340	15059.413	15059.327	-0.086	59.41	-
CTRL_SUDBURY_PUMP	grid	-340	360	15060.246	15060.187	-0.059	60.25	-
CTRL_SUDBURY_PUMP	grid	-340	380	15060.927	15060.906	-0.022	60.93	-
CTRL_SUDBURY_PUMP	grid	-340	400	15061.533	15061.806	0.273	61.53	-
CTRL_SUDBURY_PUMP	grid	-340	420	15062.139	15062.419	0.280	62.14	-
CTRL_SUDBURY_PUMP	grid	-340	440	15062.771	15062.872	0.101	62.77	-
CTRL_SUDBURY_PUMP	grid	-340	460	15063.463	15063.515	0.052	63.46	-
CTRL_SUDBURY_PUMP	grid	-340	480	15064.175	15064.363	0.188	64.17	-
CTRL_SUDBURY_PUMP	grid	-340	500	15064.899	15065.089	0.190	64.90	-
CTRL_SUDBURY_PUMP	grid	-320	-500	15065.294	15065.622	0.328	65.29	-
CTRL_SUDBURY_PUMP	grid	-320	-480	15063.702	15064.175	0.473	63.70	-
CTRL_SUDBURY_PUMP	grid	-320	-460	15062.089	15062.767	0.678	62.09	-
CTRL_SUDBURY_PUMP	grid	-320	-440	15060.451	15060.849	0.398	60.45	-
CTRL_SUDBURY_PUMP	grid	-320	-420	15058.896	15058.897	0.001	58.90	-
CTRL_SUDBURY_PUMP	grid	-320	-400	15057.389	15058.021	0.632	57.39	-
CTRL_SUDBURY_PUMP	grid	-320	-380	15056.025	15056.892	0.867	56.03	-
CTRL_SUDBURY_PUMP	grid	-320	-360	15054.727	15055.062	0.335	54.73	-
CTRL_SUDBURY_PUMP	grid	-320	-340	15053.517	15051.739	-1.779	53.52	-
CTRL_SUDBURY_PUMP	grid	-320	-320	15046.905	15040.693	-6.212	46.91	-
CTRL_SUDBURY_PUMP	grid	-320	-300	15030.484	15030.585	0.101	30.48	-
CTRL_SUDBURY_PUMP	grid	-320	-280	15029.688	15029.655	-0.033	29.69	-
CTRL_SUDBURY_PUMP	grid	-320	-260	15028.764	15028.471	-0.293	28.76	-
CTRL_SUDBURY_PUMP	grid	-320	-240	15027.686	15027.502	-0.184	27.69	-
CTRL_SUDBURY_PUMP	grid	-320	-220	15026.588	15026.492	-0.095	26.59	-
CTRL_SUDBURY_PUMP	grid	-320	-200	15025.526	15025.689	0.163	25.53	-
CTRL_SUDBURY_PUMP	grid	-320	-180	15024.804	15024.934	0.129	24.80	-
CTRL_SUDBURY_PUMP	grid	-320	-160	15024.733	15024.713	-0.020	24.73	-
CTRL_SUDBURY_PUMP	grid	-320	-140	15024.733	15024.721	-0.012	24.73	-
CTRL_SUDBURY_PUMP	grid	-320	-120	15024.733	15024.707	-0.025	24.73	-
CTRL_SUDBURY_PUMP	grid	-320	-100	15024.733	15024.688	-0.045	24.73	-
CTRL_SUDBURY_PUMP	grid	-320	-80	15024.733	15024.692	-0.041	24.73	-
CTRL_SUDBURY_PUMP	grid	-320	-60	15024.733	15024.707	-0.026	24.73	-
CTRL_SUDBURY_PUMP	grid	-320	-40	15024.733	15024.697	-0.035	24.73	-
CTRL_SUDBURY_PUMP	grid	-320	-20	15024.733	15024.702	-0.031	24.73	-
CTRL_SUDBURY_PUMP	grid	-320	0	15024.733	15024.706	-0.026	24.73	-
CTRL_SUDBURY_PUMP	grid	-320	20	15024.733	15024.695	-0.038	24.73	-
CTRL_SUDBURY_PUMP	grid	-320	40	15024.733	15024.686	-0.046	24.73	-
CTRL_SUDBURY_PUMP	grid	-320	60	15024.733	15024.698	-0.035	24.73	-
CTRL_SUDBURY_PUMP	grid	-320	80	15024.733	15024.770	0.037	24.73	-
CTRL_SUDBURY_PUMP	grid	-320	100	15024.783	15025.066	0.283	24.78	-
CTRL_SUDBURY_PUMP	grid	-320	120	15025.040	15025.388	0.349	25.04	-
CTRL_SUDBURY_PUMP	grid	-320	140	15025.590	15025.808	0.218	25.59	-
CTRL_SUDBURY_PUMP	grid	-320	160	15026.399	15026.507	0.109	26.40	-
CTRL_SUDBURY_PUMP	grid	-320	180	15027.372	15027.503	0.131	27.37	-
CTRL_SUDBURY_PUMP	grid	-320	200	15028.402	15028.567	0.165	28.40	-
CTRL_SUDBURY_PUMP	grid	-320	220	15029.462	15029.475	0.014	29.46	-
CTRL_SUDBURY_PUMP	grid	-320	240	15030.550	15033.399	2.848	30.55	-
CTRL_SUDBURY_PUMP	grid	-320	260	15046.257	15040.771	-5.485	46.26	-
CTRL_SUDBURY_PUMP	grid	-320	280	15053.758	15049.551	-4.207	53.76	-
CTRL_SUDBURY_PUMP	grid	-320	300	15055.201	15055.241	0.040	55.20	-
CTRL_SUDBURY_PUMP	grid	-320	320	15056.423	15056.594	0.172	56.42	-
CTRL_SUDBURY_PUMP	grid	-320	340	15057.422	15057.622	0.200	57.42	-
CTRL_SUDBURY_PUMP	grid	-320	360	15058.263	15058.335	0.072	58.26	-
CTRL_SUDBURY_PUMP	grid	-320	380	15059.009	15059.130	0.121	59.01	-
CTRL_SUDBURY_PUMP	grid	-320	400	15059.711	15060.018	0.307	59.71	-
CTRL_SUDBURY_PUMP	grid	-320	420	15060.444	15060.779	0.335	60.44	-
CTRL_SUDBURY_PUMP	grid	-320	440	15061.197	15061.356	0.159	61.20	-
CTRL_SUDBURY_PUMP	grid	-320	460	15061.993	15062.424	0.430	61.99	-
CTRL_SUDBURY_PUMP	grid	-320	480	15062.785	15062.900	0.115	62.78	-
CTRL_SUDBURY_PUMP	grid	-320	500	15063.556	15063.716	0.160	63.56	-
CTRL_SUDBURY_PUMP	grid	-300	-500	15065.115	15065.224	0.109	65.11	-
CTRL_SUDBURY_PUMP	grid	-300	-480	15063.822	15064.449	0.627	63.82	-
CTRL_SUDBURY_PUMP	grid	-300	-460	15062.518	15063.397	0.879	62.52	-
CTRL_SUDBURY_PUMP	grid	-300	-440	15061.231	15061.453	0.222	61.23	-
CTRL_SUDBURY_PUMP	grid	-300	-420	15060.012	15060.518	0.506	60.01	-
CTRL_SUDBURY_PUMP	grid	-300	-400	15058.871	15059.409	0.538	58.87	-
CTRL_SUDBURY_PUMP	grid	-300	-380	15057.836	15058.580	0.744	57.84	-
CTRL_SUDBURY_PUMP	grid	-300	-360	15056.860	15056.913	0.053	56.86	-
CTRL_SUDBURY_PUMP	grid	-300	-340	15055.905	15056.477	0.571	55.91	-
CTRL_SUDBURY_PUMP	grid	-300	-320	15054.871	15045.472	-9.399	54.87	-
CTRL_SUDBURY_PUMP	grid	-300	-300	15035.237	15033.229	-2.008	35.24	-
CTRL_SUDBURY_PUMP	grid	-300	-280	15029.861	15029.849	-0.012	29.86	-
CTRL_SUDBURY_PUMP	grid	-300	-260	15028.776	15028.624	-0.151	28.78	-
CTRL_SUDBURY_PUMP	grid	-300	-240	15027.718	15027.584	-0.133	27.72	-
CTRL_SUDBURY_PUMP	grid	-300	-220	15026.758	15026.656	-0.102	26.76	-
CTRL_SUDBURY_PUMP	grid	-300	-200	15025.891	15025.881	-0.010	25.89	-
CTRL_SUDBURY_PUMP	grid	-300	-180	15024.971	15025.137	0.167	24.97	-
CTRL_SUDBURY_PUMP	grid	-300	-160	15024.733	15024.709	-0.024	24.73	-
CTRL_SUDBURY_PUMP	grid	-300	-140	15024.733	15024.699	-0.034	24.73	-
CTRL_SUDBURY_PUMP	grid	-300	-120	15024.733	15024.690	-0.043	24.73	-
CTRL_SUDBURY_PUMP	grid	-300	-100	15024.733	15024.703	-0.030	24.73	-
CTRL_SUDBURY_PUMP	grid	-300	-80	15024.733	15024.719	-0.014	24.73	-
CTRL_SUDBURY_PUMP	grid	-300	-60	15024.733	15024.693	-0.040	24.73	-
CTRL_SUDBURY_PUMP	grid	-300	-40	15024.733	15024.685	-0.048	24.73	-
CTRL_SUDBURY_PUMP	grid	-300	-20	15024.733	15024.697	-0.035	24.73	-
CTRL_SUDBURY_PUMP	grid	-300	0	15024.733	15024.717	-0.015	24.73	-
CTRL_SUDBURY_PUMP	grid	-300	20	15024.733	15024.698	-0.035	24.73	-
CTRL_SUDBURY_PUMP	grid	-300	40	15024.733	15024.690	-0.042	24.73	-
CTRL_SUDBURY_PUMP	grid	-300	60	15024.733	15024.703	-0.029	24.73	-
CTRL_SUDBURY_PUMP	grid	-300	80	15024.733	15024.697	-0.036	24.73	-
CTRL_SUDBURY_PUMP	grid	-300	100	15024.733	15024.704	-0.028	24.73	-
CTRL_SUDBURY_PUMP	grid	-300	120	15024.733	15024.861	0.128	24.73	-
CTRL_SUDBURY_PUMP	grid	-300	140	15025.199	15025.350	0.152	25.20	-
CTRL_SUDBURY_PUMP	grid	-300	160	15026.200	15026.324	0.124	26.20	-
CTRL_SUDBURY_PUMP	grid	-300	180	15027.261	15027.320	0.059	27.26	-
CTRL_SUDBURY_PUMP	grid	-300	200	15028.338	15028.339	0.001	28.34	-
CTRL_SUDBURY_PUMP	grid	-300	220	15029.393	15031.298	1.905	29.39	-
CTRL_SUDBURY_PUMP	grid	-300	240	15030.425	15035.550	5.126	30.42	-
CTRL_SUDBURY_PUMP	grid	-300	260	15046.095	15041.608	-4.486	46.09	-
CTRL_SUDBURY_PUMP	grid	-300	280	15052.281	15050.305	-1.976	52.28	-
CTRL_SUDBURY_PUMP	grid	-300	300	15053.605	15053.792	0.187	53.60	-
CTRL_SUDBURY_PUMP	grid	-300	320	15054.738	15054.712	-0.026	54.74	-
CTRL_SUDBURY_PUMP	grid	-300	340	15055.711	15055.943	0.232	55.71	-
CTRL_SUDBURY_PUMP	grid	-300	360	15056.578	15056.899	0.321	56.58	-
CTRL_SUDBURY_PUMP	grid	-300	380	15057.397	15058.084	0.687	57.40	-
CTRL_SUDBURY_PUMP	grid	-300	400	15058.214	15058.559	0.346	58.21	-
CTRL_SUDBURY_PUMP	grid	-300	420	15059.069	15059.165	0.097	59.07	-
CTRL_SUDBURY_PUMP	grid	-300	440	15059.950	15060.294	0.344	59.95	-
CTRL_SUDBURY_PUMP	grid	-300	460	15060.850	15061.563	0.713	60.85	-
CTRL_SUDBURY_PUMP	grid	-300	480	15061.723	15062.080	0.357	61.72	-
CTRL_SUDBURY_PUMP	grid	-300	500	15062.547	15062.789	0.242	62.55	-
CTRL_SUDBURY_PUMP	grid	-280	-500	15065.443	15066.097	0.654	65.44	-
CTRL_SUDBURY_PUMP	grid	-280	-480	15064.438	15064.826	0.388	64.44	-
CTRL_SUDBURY_PUMP	grid	-280	-460	15063.428	15064.001	0.573	63.43	-
CTRL_SUDBURY_PUMP	grid	-280	-440	15062.477	15062.701	0.225	62.48	-
CTRL_SUDBURY_PUMP	grid	-280	-420	15061.583	15062.424	0.841	61.58	-
CTRL_SUDBURY_PUMP	grid	-280	-400	15060.786	15061.360	0.573	60.79	-
CTRL_SUDBURY_PUMP	grid	-280	-380	15060.062	15060.159	0.097	60.06	-
CTRL_SUDBURY_PUMP	grid	-280	-360	15059.387	15059.569	0.182	59.39	-
CTRL_SUDBURY_PUMP	grid	-280	-340	15058.666	15059.133	0.467	58.67	-
CTRL_SUDBURY_PUMP	grid	-280	-320	15057.812	15051.629	-6.183	57.81	-
CTRL_SUDBURY_PUMP	grid	-280	-300	15032.621	15038.530	5.909	32.62	-
CTRL_SUDBURY_PUMP	grid	-280	-280	15029.916	15029.963	0.047	29.92	-
CTRL_SUDBURY_PUMP	grid	-280	-260	15028.898	15028.804	-0.094	28.90	-
CTRL_SUDBURY_PUMP	grid	-280	-240	15027.848	15027.693	-0.155	27.85	-
CTRL_SUDBURY_PUMP	grid	-280	-220	15026.730	15026.793	0.063	26.73	-
CTRL_SUDBURY_PUMP	grid	-280	-200	15025.591	15025.972	0.381	25.59	-
CTRL_SUDBURY_PUMP	grid	-280	-180	15024.770	15025.297	0.527	24.77	-
CTRL_SUDBURY_PUMP	grid	-280	-160	15024.733	15024.726	-0.006	24.73	-
CTRL_SUDBURY_PUMP	grid	-280	-140	15024.733	15024.693	-0.039	24.73	-
CTRL_SUDBURY_PUMP	grid	-280	-120	15024.733	15024.687	-0.046	24.73	-
CTRL_SUDBURY_PUMP	grid	-280	-100	15024.733	15024.700	-0.033	24.73	-
CTRL_SUDBURY_PUMP	grid	-280	-80	15024.733	15024.705	-0.028	24.73	-
CTRL_SUDBURY_PUMP	grid	-280	-60	15024.733	15024.703	-0.029	24.73	-
CTRL_SUDBURY_PUMP	grid	-280	-40	15024.733	15024.698	-0.035	24.73	-
CTRL_SUDBURY_PUMP	grid	-280	-20	15024.733	15024.711	-0.021	24.73	-
CTRL_SUDBURY_PUMP	grid	-280	0	15024.733	15024.690	-0.043	24.73	-
CTRL_SUDBURY_PUMP	grid	-280	20	15024.733	15024.690	-0.043	24.73	-
CTRL_SUDBURY_PUMP	grid	-280	40	15024.733	15024.714	-0.018	24.73	-
CTRL_SUDBURY_PUMP	grid	-280	60	15024.733	15024.708	-0.024	24.73	-
CTRL_SUDBURY_PUMP	grid	-280	80	15024.733	15024.687	-0.046	24.73	-
CTRL_SUDBURY_PUMP	grid	-280	100	15024.733	15024.693	-0.039	24.73	-
CTRL_SUDBURY_PUMP	grid	-280	120	15024.733	15024.729	-0.004	24.73	-
CTRL_SUDBURY_PUMP	grid	-280	140	15025.075	15025.212	0.138	25.07	-
CTRL_SUDBURY_PUMP	grid	-280	160	15026.141	15026.167	0.027	26.14	-
CTRL_SUDBURY_PUMP	grid	-280	180	15027.185	15027.166	-0.019	27.18	-
CTRL_SUDBURY_PUMP	grid	-280	200	15028.229	15028.224	-0.005	28.23	-
CTRL_SUDBURY_PUMP	grid	-280	220	15029.224	15030.448	1.224	29.22	-
CTRL_SUDBURY_PUMP	grid	-280	240	15030.243	15036.942	6.699	30.24	-
CTRL_SUDBURY_PUMP	grid	-280	260	15036.584	15042.472	5.888	36.58	-
CTRL_SUDBURY_PUMP	grid	-280	280	15051.174	15048.312	-2.862	51.17	-
CTRL_SUDBURY_PUMP	grid	-280	300	15052.380	15052.984	0.604	52.38	-
CTRL_SUDBURY_PUMP	grid	-280	320	15053.438	15053.717	0.278	53.44	-
CTRL_SUDBURY_PUMP	grid	-280	340	15054.395	15054.562	0.166	54.40	-
CTRL_SUDBURY_PUMP	grid	-280	360	15055.303	15055.631	0.328	55.30	-
CTRL_SUDBURY_PUMP	grid	-280	380	15056.208	15056.921	0.712	56.21	-
CTRL_SUDBURY_PUMP	grid	-280	400	15057.150	15057.540	0.390	57.15	-
CTRL_SUDBURY_PUMP	grid	-280	420	15058.135	15058.632	0.497	58.13	-
CTRL_SUDBURY_PUMP	grid	-280	440	15059.145	15059.503	0.358	59.14	-
CTRL_SUDBURY_PUMP	grid	-280	460	15060.152	15060.527	0.375	60.15	-
CTRL_SUDBURY_PUMP	grid	-280	480	15061.111	15061.287	0.176	61.11	-
CTRL_SUDBURY_PUMP	grid	-280	500	15061.992	15062.531	0.539	61.99	-
CTRL_SUDBURY_PUMP	grid	-260	-500	15066.256	15067.078	0.822	66.26	-
CTRL_SUDBURY_PUMP	grid	-260	-480	15065.527	15066.022	0.495	65.53	-
CTRL_SUDBURY_PUMP	grid	-260	-460	15064.801	15064.844	0.043	64.80	-
CTRL_SUDBURY_PUMP	grid	-260	-440	15064.168	15064.512	0.344	64.17	-
CTRL_SUDBURY_PUMP	grid	-260	-420	15063.581	15064.234	0.654	63.58	-
CTRL_SUDBURY_PUMP	grid	-260	-400	15063.107	15063.455	0.349	63.11	-
CTRL_SUDBURY_PUMP	grid	-260	-380	15062.672	15062.912	0.240	62.67	-
CTRL_SUDBURY_PUMP	grid	-260	-360	15062.269	15062.661	0.392	62.27	-
CTRL_SUDBURY_PUMP	grid	-260	-340	15061.766	15061.877	0.110	61.77	-
CTRL_SUDBURY_PUMP	grid	-260	-320	15061.065	15057.817	-3.248	61.07	-
CTRL_SUDBURY_PUMP	grid	-260	-300	15031.077	15042.699	11.622	31.08	-
CTRL_SUDBURY_PUMP	grid	-260	-280	15029.964	15030.000	0.036	29.96	-
CTRL_SUDBURY_PUMP	grid	-260	-260	15028.844	15028.873	0.029	28.84	-
CTRL_SUDBURY_PUMP	grid	-260	-240	15027.752	15027.873	0.121	27.75	-
CTRL_SUDBURY_PUMP	grid	-260	-220	15026.715	15026.957	0.242	26.71	-
CTRL_SUDBURY_PUMP	grid	-260	-200	15025.808	15026.097	0.289	25.81	-
CTRL_SUDBURY_PUMP	grid	-260	-180	15025.073	15025.414	0.341	25.07	-
CTRL_SUDBURY_PUMP	grid	-260	-160	15024.733	15024.823	0.091	24.73	-
CTRL_SUDBURY_PUMP	grid	-260	-140	15024.733	15024.711	-0.022	24.73	-
CTRL_SUDBURY_PUMP	grid	-260	-120	15024.733	15024.708	-0.024	24.73	-
CTRL_SUDBURY_PUMP	grid	-260	-100	15024.733	15024.707	-0.025	24.73	-
CTRL_SUDBURY_PUMP	grid	-260	-80	15024.733	15024.686	-0.046	24.73	-
CTRL_SUDBURY_PUMP	grid	-260	-60	15024.733	15024.688	-0.045	24.73	-
CTRL_SUDBURY_PUMP	grid	-260	-40	15024.733	15024.712	-0.020	24.73	-
CTRL_SUDBURY_PUMP	grid	-260	-20	15024.733	15024.711	-0.022	24.73	-
CTRL_SUDBURY_PUMP	grid	-260	0	15024.733	15024.689	-0.043	24.73	-
CTRL_SUDBURY_PUMP	grid	-260	20	15024.733	15024.691	-0.041	24.73	-
CTRL_SUDBURY_PUMP	grid	-260	40	15024.733	15024.715	-0.018	24.73	-
CTRL_SUDBURY_PUMP	grid	-260	60	15024.733	15024.729	-0.004	24.73	-
CTRL_SUDBURY_PUMP	grid	-260	80	15024.733	15024.703	-0.029	24.73	-
CTRL_SUDBURY_PUMP	grid	-260	100	15024.733	15024.709	-0.024	24.73	-
CTRL_SUDBURY_PUMP	grid	-260	120	15024.733	15024.863	0.130	24.73	-
CTRL_SUDBURY_PUMP	grid	-260	140	15025.028	15025.195	0.167	25.03	-
CTRL_SUDBURY_PUMP	grid	-260	160	15026.050	15026.103	0.053	26.05	-
CTRL_SUDBURY_PUMP	grid	-260	180	15027.039	15027.038	-0.001	27.04	-
CTRL_SUDBURY_PUMP	grid	-260	200	15028.039	15028.190	0.151	28.04	-
CTRL_SUDBURY_PUMP	grid	-260	220	15029.111	15029.371	0.260	29.11	-
CTRL_SUDBURY_PUMP	grid	-260	240	15030.229	15035.345	5.116	30.23	-
CTRL_SUDBURY_PUMP	grid	-260	260	15036.327	15042.747	6.420	36.33	-
CTRL_SUDBURY_PUMP	grid	-260	280	15050.541	15046.449	-4.091	50.54	-
CTRL_SUDBURY_PUMP	grid	-260	300	15051.633	15051.055	-0.578	51.63	-
CTRL_SUDBURY_PUMP	grid	-260	320	15052.630	15052.935	0.305	52.63	-
CTRL_SUDBURY_PUMP	grid	-260	340	15053.585	15054.213	0.628	53.58	-
CTRL_SUDBURY_PUMP	grid	-260	360	15054.548	15055.113	0.565	54.55	-
CTRL_SUDBURY_PUMP	grid	-260	380	15055.545	15055.731	0.185	55.55	-
CTRL_SUDBURY_PUMP	grid	-260	400	15056.615	15056.817	0.202	56.62	-
CTRL_SUDBURY_PUMP	grid	-260	420	15057.723	15058.384	0.660	57.72	-
CTRL_SUDBURY_PUMP	grid	-260	440	15058.861	15059.545	0.683	58.86	-
CTRL_SUDBURY_PUMP	grid	-260	460	15059.963	15060.189	0.225	59.96	-
CTRL_SUDBURY_PUMP	grid	-260	480	15061.002	15061.081	0.079	61.00	-
CTRL_SUDBURY_PUMP	grid	-260	500	15061.936	15062.301	0.365	61.94	-
CTRL_SUDBURY_PUMP	grid	-240	-500	15067.521	15068.000	0.479	67.52	-
CTRL_SUDBURY_PUMP	grid	-240	-480	15067.042	15067.246	0.203	67.04	-
CTRL_SUDBURY_PUMP	grid	-240	-460	15066.602	15067.016	0.414	66.60	-
CTRL_SUDBURY_PUMP	grid	-240	-440	15066.251	15066.884	0.633	66.25	-
CTRL_SUDBURY_PUMP	grid	-240	-420	15065.969	15066.284	0.315	65.97	-
CTRL_SUDBURY_PUMP	grid	-240	-400	15065.785	15065.823	0.038	65.78	-
CTRL_SUDBURY_PUMP	grid	-240	-380	15065.631	15065.948	0.318	65.63	-
CTRL_SUDBURY_PUMP	grid	-240	-360	15065.465	15065.980	0.515	65.46	-
CTRL_SUDBURY_PUMP	grid	-240	-340	15065.155	15065.195	0.040	65.16	-
CTRL_SUDBURY_PUMP	grid	-240	-320	15064.584	15064.301	-0.284	64.58	-
CTRL_SUDBURY_PUMP	grid	-240	-300	15032.346	15046.896	14.551	32.35	-
CTRL_SUDBURY_PUMP	grid	-240	-280	15029.948	15031.654	1.705	29.95	-
CTRL_SUDBURY_PUMP	grid	-240	-260	15028.905	15028.958	0.053	28.91	-
CTRL_SUDBURY_PUMP	grid	-240	-240	15027.942	15028.145	0.203	27.94	-
CTRL_SUDBURY_PUMP	grid	-240	-220	15027.039	15027.228	0.188	27.04	-
CTRL_SUDBURY_PUMP	grid	-240	-200	15026.269	15026.297	0.029	26.27	-
CTRL_SUDBURY_PUMP	grid	-240	-180	15025.382	15025.594	0.211	25.38	-
CTRL_SUDBURY_PUMP	grid	-240	-160	15024.792	15025.015	0.223	24.79	-
CTRL_SUDBURY_PUMP	grid	-240	-140	15024.733	15024.747	0.015	24.73	-
CTRL_SUDBURY_PUMP	grid	-240	-120	15024.733	15024.748	0.015	24.73	-
CTRL_SUDBURY_PUMP	grid	-240	-100	15024.733	15024.705	-0.027	24.73	-
CTRL_SUDBURY_PUMP	grid	-240	-80	15024.733	15024.695	-0.038	24.73	-
CTRL_SUDBURY_PUMP	grid	-240	-60	15024.733	15024.698	-0.034	24.73	-
CTRL_SUDBURY_PUMP	grid	-240	-40	15024.733	15024.822	0.090	24.73	-
CTRL_SUDBURY_PUMP	grid	-240	-20	15024.733	15025.012	0.279	24.73	-
CTRL_SUDBURY_PUMP	grid	-240	0	15024.733	15024.805	0.072	24.73	-
CTRL_SUDBURY_PUMP	grid	-240	20	15024.733	15024.720	-0.013	24.73	-
CTRL_SUDBURY_PUMP	grid	-240	40	15024.733	15024.737	0.004	24.73	-
CTRL_SUDBURY_PUMP	grid	-240	60	15024.733	15024.779	0.046	24.73	-
CTRL_SUDBURY_PUMP	grid	-240	80	15024.733	15024.753	0.020	24.73	-
CTRL_SUDBURY_PUMP	grid	-240	100	15024.733	15024.895	0.162	24.73	-
CTRL_SUDBURY_PUMP	grid	-240	120	15024.733	15025.052	0.319	24.73	-
CTRL_SUDBURY_PUMP	grid	-240	140	15024.897	15025.325	0.428	24.90	-
CTRL_SUDBURY_PUMP	grid	-240	160	15025.861	15026.112	0.252	25.86	-
CTRL_SUDBURY_PUMP	grid	-240	180	15026.946	15027.284	0.338	26.95	-
CTRL_SUDBURY_PUMP	grid	-240	200	15028.095	15028.332	0.237	28.10	-
CTRL_SUDBURY_PUMP	grid	-240	220	15029.243	15029.364	0.121	29.24	-
CTRL_SUDBURY_PUMP	grid	-240	240	15030.405	15034.007	3.601	30.41	-
CTRL_SUDBURY_PUMP	grid	-240	260	15049.363	15042.655	-6.708	49.36	-
CTRL_SUDBURY_PUMP	grid	-240	280	15050.443	15048.189	-2.254	50.44	-
CTRL_SUDBURY_PUMP	grid	-240	300	15051.417	15050.728	-0.688	51.42	-
CTRL_SUDBURY_PUMP	grid	-240	320	15052.361	15052.510	0.149	52.36	-
CTRL_SUDBURY_PUMP	grid	-240	340	15053.311	15053.891	0.579	53.31	-
CTRL_SUDBURY_PUMP	grid	-240	360	15054.337	15055.033	0.697	54.34	-
CTRL_SUDBURY_PUMP	grid	-240	380	15055.427	15055.651	0.224	55.43	-
CTRL_SUDBURY_PUMP	grid	-240	400	15056.621	15057.070	0.449	56.62	-
CTRL_SUDBURY_PUMP	grid	-240	420	15057.845	15058.162	0.317	57.84	-
CTRL_SUDBURY_PUMP	grid	-240	440	15059.098	15059.613	0.515	59.10	-
CTRL_SUDBURY_PUMP	grid	-240	460	15060.289	15060.566	0.277	60.29	-
CTRL_SUDBURY_PUMP	grid	-240	480	15061.400	15062.025	0.625	61.40	-
CTRL_SUDBURY_PUMP	grid	-240	500	15062.383	15062.611	0.229	62.38	-
CTRL_SUDBURY_PUMP	grid	-220	-500	15069.172	15069.393	0.221	69.17	-
CTRL_SUDBURY_PUMP	grid	-220	-480	15068.932	15069.105	0.173	68.93	-
CTRL_SUDBURY_PUMP	grid	-220	-460	15068.763	15069.215	0.452	68.76	-
CTRL_SUDBURY_PUMP	grid	-220	-440	15068.684	15069.315	0.631	68.68	-
CTRL_SUDBURY_PUMP	grid	-220	-420	15068.689	15068.714	0.025	68.69	-
CTRL_SUDBURY_PUMP	grid	-220	-400	15068.774	15069.162	0.388	68.77	-
CTRL_SUDBURY_PUMP	grid	-220	-380	15068.880	15069.101	0.221	68.88	-
CTRL_SUDBURY_PUMP	grid	-220	-360	15068.925	15069.165	0.240	68.92	-
CTRL_SUDBURY_PUMP	grid	-220	-340	15068.788	15068.521	-0.268	68.79	-
CTRL_SUDBURY_PUMP	grid	-220	-320	15068.320	15067.697	-0.622	68.32	-
CTRL_SUDBURY_PUMP	grid	-220	-300	15042.849	15054.932	12.083	42.85	-
CTRL_SUDBURY_PUMP	grid	-220	-280	15030.119	15037.379	7.260	30.12	-
CTRL_SUDBURY_PUMP	grid	-220	-260	15029.174	15029.246	0.073	29.17	-
CTRL_SUDBURY_PUMP	grid	-220	-240	15028.321	15028.433	0.113	28.32	-
CTRL_SUDBURY_PUMP	grid	-220	-220	15027.520	15027.566	0.046	27.52	-
CTRL_SUDBURY_PUMP	grid	-220	-200	15026.660	15026.658	-0.002	26.66	-
CTRL_SUDBURY_PUMP	grid	-220	-180	15025.939	15025.897	-0.042	25.94	-
CTRL_SUDBURY_PUMP	grid	-220	-160	15025.306	15025.233	-0.073	25.31	-
CTRL_SUDBURY_PUMP	grid	-220	-140	15024.758	15024.811	0.053	24.76	-
CTRL_SUDBURY_PUMP	grid	-220	-120	15024.733	15024.748	0.016	24.73	-
CTRL_SUDBURY_PUMP	grid	-220	-100	15024.733	15024.686	-0.047	24.73	-
CTRL_SUDBURY_PUMP	grid	-220	-80	15024.733	15024.697	-0.036	24.73	-
CTRL_SUDBURY_PUMP	grid	-220	-60	15024.733	15024.744	0.011	24.73	-
CTRL_SUDBURY_PUMP	grid	-220	-40	15024.849	15025.035	0.186	24.85	-
CTRL_SUDBURY_PUMP	grid	-220	-20	15025.140	15025.340	0.200	25.14	-
CTRL_SUDBURY_PUMP	grid	-220	0	15024.768	15025.177	0.408	24.77	-
CTRL_SUDBURY_PUMP	grid	-220	20	15024.745	15024.979	0.234	24.75	-
CTRL_SUDBURY_PUMP	grid	-220	40	15024.733	15024.819	0.087	24.73	-
CTRL_SUDBURY_PUMP	grid	-220	60	15024.733	15024.828	0.095	24.73	-
CTRL_SUDBURY_PUMP	grid	-220	80	15024.751	15024.829	0.078	24.75	-
CTRL_SUDBURY_PUMP	grid	-220	100	15024.810	15025.354	0.545	24.81	-
CTRL_SUDBURY_PUMP	grid	-220	120	15024.930	15025.585	0.655	24.93	-
CTRL_SUDBURY_PUMP	grid	-220	140	15025.174	15025.617	0.443	25.17	-
CTRL_SUDBURY_PUMP	grid	-220	160	15026.160	15026.280	0.120	26.16	-
CTRL_SUDBURY_PUMP	grid	-220	180	15027.290	15027.562	0.272	27.29	-
CTRL_SUDBURY_PUMP	grid	-220	200	15028.442	15028.720	0.278	28.44	-
CTRL_SUDBURY_PUMP	grid	-220	220	15029.596	15029.685	0.089	29.60	-
CTRL_SUDBURY_PUMP	grid	-220	240	15030.754	15035.190	4.436	30.75	-
CTRL_SUDBURY_PUMP	grid	-220	260	15048.974	15042.589	-6.385	48.97	-
CTRL_SUDBURY_PUMP	grid	-220	280	15050.891	15049.956	-0.934	50.89	-
CTRL_SUDBURY_PUMP	grid	-220	300	15051.749	15052.166	0.418	51.75	-
CTRL_SUDBURY_PUMP	grid	-220	320	15052.638	15053.234	0.596	52.64	-
CTRL_SUDBURY_PUMP	grid	-220	340	15053.591	15053.907	0.316	53.59	-
CTRL_SUDBURY_PUMP	grid	-220	360	15054.665	15054.980	0.315	54.67	-
CTRL_SUDBURY_PUMP	grid	-220	380	15055.846	15056.241	0.395	55.85	-
CTRL_SUDBURY_PUMP	grid	-220	400	15057.142	15057.877	0.735	57.14	-
CTRL_SUDBURY_PUMP	grid	-220	420	15058.477	15058.869	0.393	58.48	-
CTRL_SUDBURY_PUMP	grid	-220	440	15059.821	15059.883	0.062	59.82	-
CTRL_SUDBURY_PUMP	grid	-220	460	15061.093	15061.251	0.158	61.09	-
CTRL_SUDBURY_PUMP	grid	-220	480	15062.262	15062.766	0.504	62.26	-
CTRL_SUDBURY_PUMP	grid	-220	500	15063.292	15063.582	0.290	63.29	-
CTRL_SUDBURY_PUMP	grid	-200	-500	15071.152	15071.189	0.037	71.15	-
CTRL_SUDBURY_PUMP	grid	-200	-480	15071.139	15071.648	0.509	71.14	-
CTRL_SUDBURY_PUMP	grid	-200	-460	15071.238	15071.624	0.387	71.24	-
CTRL_SUDBURY_PUMP	grid	-200	-440	15071.413	15071.604	0.191	71.41	-
CTRL_SUDBURY_PUMP	grid	-200	-420	15071.693	15071.829	0.135	71.69	-
CTRL_SUDBURY_PUMP	grid	-200	-400	15072.026	15072.426	0.400	72.03	-
CTRL_SUDBURY_PUMP	grid	-200	-380	15072.365	15072.576	0.212	72.36	-
CTRL_SUDBURY_PUMP	grid	-200	-360	15072.601	15072.514	-0.087	72.60	-
CTRL_SUDBURY_PUMP	grid	-200	-340	15072.601	15071.938	-0.662	72.60	-
CTRL_SUDBURY_PUMP	grid	-200	-320	15072.222	15071.027	-1.195	72.22	-
CTRL_SUDBURY_PUMP	grid	-200	-300	15043.836	15063.200	19.364	43.84	-
CTRL_SUDBURY_PUMP	grid	-200	-280	15030.420	15044.274	13.854	30.42	-
CTRL_SUDBURY_PUMP	grid	-200	-260	15029.586	15029.639	0.053	29.59	-
CTRL_SUDBURY_PUMP	grid	-200	-240	15028.776	15028.771	-0.005	28.78	-
CTRL_SUDBURY_PUMP	grid	-200	-220	15027.914	15027.931	0.017	27.91	-
CTRL_SUDBURY_PUMP	grid	-200	-200	15027.204	15027.099	-0.105	27.20	-
CTRL_SUDBURY_PUMP	grid	-200	-180	15026.576	15026.311	-0.265	26.58	-
CTRL_SUDBURY_PUMP	grid	-200	-160	15025.762	15025.635	-0.128	25.76	-
CTRL_SUDBURY_PUMP	grid	-200	-140	15024.861	15024.876	0.016	24.86	-
CTRL_SUDBURY_PUMP	grid	-200	-120	15024.733	15024.772	0.039	24.73	-
CTRL_SUDBURY_PUMP	grid	-200	-100	15024.733	15024.702	-0.031	24.73	-
CTRL_SUDBURY_PUMP	grid	-200	-80	15024.733	15024.704	-0.029	24.73	-
CTRL_SUDBURY_PUMP	grid	-200	-60	15024.733	15024.702	-0.031	24.73	-
CTRL_SUDBURY_PUMP	grid	-200	-40	15025.187	15025.085	-0.101	25.19	-
CTRL_SUDBURY_PUMP	grid	-200	-20	15025.660	15025.580	-0.080	25.66	-
CTRL_SUDBURY_PUMP	grid	-200	0	15025.411	15025.568	0.157	25.41	-
CTRL_SUDBURY_PUMP	grid	-200	20	15025.238	15025.354	0.116	25.24	-
CTRL_SUDBURY_PUMP	grid	-200	40	15024.749	15025.184	0.435	24.75	-
CTRL_SUDBURY_PUMP	grid	-200	60	15024.838	15025.058	0.220	24.84	-
CTRL_SUDBURY_PUMP	grid	-200	80	15025.312	15025.289	-0.023	25.31	-
CTRL_SUDBURY_PUMP	grid	-200	100	15025.672	15025.841	0.169	25.67	-
CTRL_SUDBURY_PUMP	grid	-200	120	15025.845	15026.242	0.397	25.85	-
CTRL_SUDBURY_PUMP	grid	-200	140	15026.143	15026.308	0.165	26.14	-
CTRL_SUDBURY_PUMP	grid	-200	160	15026.902	15026.909	0.007	26.90	-
CTRL_SUDBURY_PUMP	grid	-200	180	15027.898	15027.874	-0.024	27.90	-
CTRL_SUDBURY_PUMP	grid	-200	200	15028.982	15029.134	0.152	28.98	-
CTRL_SUDBURY_PUMP	grid	-200	220	15030.101	15033.272	3.171	30.10	-
CTRL_SUDBURY_PUMP	grid	-200	240	15036.977	15040.563	3.586	36.98	-
CTRL_SUDBURY_PUMP	grid	-200	260	15051.174	15046.038	-5.135	51.17	-
CTRL_SUDBURY_PUMP	grid	-200	280	15051.890	15051.544	-0.346	51.89	-
CTRL_SUDBURY_PUMP	grid	-200	300	15052.621	15052.956	0.334	52.62	-
CTRL_SUDBURY_PUMP	grid	-200	320	15053.441	15054.081	0.640	53.44	-
CTRL_SUDBURY_PUMP	grid	-200	340	15054.385	15054.839	0.454	54.39	-
CTRL_SUDBURY_PUMP	grid	-200	360	15055.491	15055.738	0.247	55.49	-
CTRL_SUDBURY_PUMP	grid	-200	380	15056.748	15056.963	0.215	56.75	-
CTRL_SUDBURY_PUMP	grid	-200	400	15058.118	15058.543	0.425	58.12	-
CTRL_SUDBURY_PUMP	grid	-200	420	15059.542	15059.749	0.207	59.54	-
CTRL_SUDBURY_PUMP	grid	-200	440	15060.961	15061.198	0.237	60.96	-
CTRL_SUDBURY_PUMP	grid	-200	460	15062.303	15062.493	0.190	62.30	-
CTRL_SUDBURY_PUMP	grid	-200	480	15063.527	15063.545	0.018	63.53	-
CTRL_SUDBURY_PUMP	grid	-200	500	15064.607	15064.666	0.060	64.61	-
CTRL_SUDBURY_PUMP	grid	-180	-500	15073.400	15073.645	0.245	73.40	-
CTRL_SUDBURY_PUMP	grid	-180	-480	15073.618	15074.104	0.486	73.62	-
CTRL_SUDBURY_PUMP	grid	-180	-460	15073.965	15074.245	0.279	73.97	-
CTRL_SUDBURY_PUMP	grid	-180	-440	15074.391	15074.443	0.052	74.39	-
CTRL_SUDBURY_PUMP	grid	-180	-420	15074.924	15075.173	0.249	74.92	-
CTRL_SUDBURY_PUMP	grid	-180	-400	15075.483	15075.719	0.236	75.48	-
CTRL_SUDBURY_PUMP	grid	-180	-380	15076.026	15076.080	0.053	76.03	-
CTRL_SUDBURY_PUMP	grid	-180	-360	15076.427	15076.321	-0.106	76.43	-
CTRL_SUDBURY_PUMP	grid	-180	-340	15076.539	15076.279	-0.260	76.54	-
CTRL_SUDBURY_PUMP	grid	-180	-320	15076.224	15074.894	-1.330	76.22	-
CTRL_SUDBURY_PUMP	grid	-180	-300	15071.049	15071.073	0.024	71.05	-
CTRL_SUDBURY_PUMP	grid	-180	-280	15030.842	15050.499	19.657	30.84	-
CTRL_SUDBURY_PUMP	grid	-180	-260	15030.016	15030.078	0.062	30.02	-
CTRL_SUDBURY_PUMP	grid	-180	-240	15029.171	15029.210	0.038	29.17	-
CTRL_SUDBURY_PUMP	grid	-180	-220	15028.469	15028.324	-0.145	28.47	-
CTRL_SUDBURY_PUMP	grid	-180	-200	15027.794	15027.557	-0.237	27.79	-
CTRL_SUDBURY_PUMP	grid	-180	-180	15026.993	15026.773	-0.220	26.99	-
CTRL_SUDBURY_PUMP	grid	-180	-160	15026.058	15026.066	0.008	26.06	-
CTRL_SUDBURY_PUMP	grid	-180	-140	15025.203	15025.095	-0.108	25.20	-
CTRL_SUDBURY_PUMP	grid	-180	-120	15024.733	15024.745	0.013	24.73	-
CTRL_SUDBURY_PUMP	grid	-180	-100	15024.733	15024.732	-0.000	24.73	-
CTRL_SUDBURY_PUMP	grid	-180	-80	15024.733	15024.714	-0.019	24.73	-
CTRL_SUDBURY_PUMP	grid	-180	-60	15024.810	15024.700	-0.110	24.81	-
CTRL_SUDBURY_PUMP	grid	-180	-40	15025.633	15024.933	-0.700	25.63	-
CTRL_SUDBURY_PUMP	grid	-180	-20	15025.780	15025.480	-0.300	25.78	-
CTRL_SUDBURY_PUMP	grid	-180	0	15026.126	15025.957	-0.169	26.13	-
CTRL_SUDBURY_PUMP	grid	-180	20	15025.677	15025.756	0.079	25.68	-
CTRL_SUDBURY_PUMP	grid	-180	40	15025.128	15025.576	0.448	25.13	-
CTRL_SUDBURY_PUMP	grid	-180	60	15025.618	15025.700	0.081	25.62	-
CTRL_SUDBURY_PUMP	grid	-180	80	15026.328	15026.289	-0.040	26.33	-
CTRL_SUDBURY_PUMP	grid	-180	100	15026.670	15026.544	-0.127	26.67	-
CTRL_SUDBURY_PUMP	grid	-180	120	15026.836	15026.925	0.089	26.84	-
CTRL_SUDBURY_PUMP	grid	-180	140	15027.155	15027.307	0.152	27.15	-
CTRL_SUDBURY_PUMP	grid	-180	160	15027.818	15027.819	0.000	27.82	-
CTRL_SUDBURY_PUMP	grid	-180	180	15028.687	15028.747	0.060	28.69	-
CTRL_SUDBURY_PUMP	grid	-180	200	15029.679	15031.297	1.617	29.68	-
CTRL_SUDBURY_PUMP	grid	-180	220	15030.734	15038.114	7.380	30.73	-
CTRL_SUDBURY_PUMP	grid	-180	240	15052.393	15045.431	-6.962	52.39	-
CTRL_SUDBURY_PUMP	grid	-180	260	15052.917	15051.446	-1.471	52.92	-
CTRL_SUDBURY_PUMP	grid	-180	280	15053.434	15053.793	0.359	53.43	-
CTRL_SUDBURY_PUMP	grid	-180	300	15054.016	15054.267	0.251	54.02	-
CTRL_SUDBURY_PUMP	grid	-180	320	15054.737	15054.897	0.160	54.74	-
CTRL_SUDBURY_PUMP	grid	-180	340	15055.642	15055.824	0.182	55.64	-
CTRL_SUDBURY_PUMP	grid	-180	360	15056.744	15057.098	0.354	56.74	-
CTRL_SUDBURY_PUMP	grid	-180	380	15058.030	15058.354	0.324	58.03	-
CTRL_SUDBURY_PUMP	grid	-180	400	15059.443	15059.579	0.136	59.44	-
CTRL_SUDBURY_PUMP	grid	-180	420	15060.928	15060.944	0.016	60.93	-
CTRL_SUDBURY_PUMP	grid	-180	440	15062.400	15062.541	0.141	62.40	-
CTRL_SUDBURY_PUMP	grid	-180	460	15063.799	15064.015	0.216	63.80	-
CTRL_SUDBURY_PUMP	grid	-180	480	15065.078	15065.067	-0.010	65.08	-
CTRL_SUDBURY_PUMP	grid	-180	500	15066.207	15066.228	0.021	66.21	-
CTRL_SUDBURY_PUMP	grid	-160	-500	15075.866	15076.208	0.341	75.87	-
CTRL_SUDBURY_PUMP	grid	-160	-480	15076.319	15076.595	0.276	76.32	-
CTRL_SUDBURY_PUMP	grid	-160	-460	15076.899	15076.893	-0.007	76.90	-
CTRL_SUDBURY_PUMP	grid	-160	-440	15077.574	15077.767	0.194	77.57	-
CTRL_SUDBURY_PUMP	grid	-160	-420	15078.327	15078.637	0.310	78.33	-
CTRL_SUDBURY_PUMP	grid	-160	-400	15079.099	15079.154	0.055	79.10	-
CTRL_SUDBURY_PUMP	grid	-160	-380	15079.815	15079.805	-0.010	79.81	-
CTRL_SUDBURY_PUMP	grid	-160	-360	15080.356	15080.157	-0.199	80.36	-
CTRL_SUDBURY_PUMP	grid	-160	-340	15080.551	15080.558	0.007	80.55	-
CTRL_SUDBURY_PUMP	grid	-160	-320	15080.270	15079.264	-1.007	80.27	-
CTRL_SUDBURY_PUMP	grid	-160	-300	15079.308	15077.817	-1.491	79.31	-
CTRL_SUDBURY_PUMP	grid	-160	-280	15054.530	15058.419	3.889	54.53	-
CTRL_SUDBURY_PUMP	grid	-160	-260	15030.450	15036.245	5.795	30.45	-
CTRL_SUDBURY_PUMP	grid	-160	-240	15029.734	15029.654	-0.080	29.73	-
CTRL_SUDBURY_PUMP	grid	-160	-220	15029.052	15028.739	-0.314	29.05	-
CTRL_SUDBURY_PUMP	grid	-160	-200	15028.224	15027.931	-0.293	28.22	-
CTRL_SUDBURY_PUMP	grid	-160	-180	15027.292	15027.206	-0.086	27.29	-
CTRL_SUDBURY_PUMP	grid	-160	-160	15026.422	15026.311	-0.111	26.42	-
CTRL_SUDBURY_PUMP	grid	-160	-140	15025.615	15025.341	-0.274	25.62	-
CTRL_SUDBURY_PUMP	grid	-160	-120	15024.740	15024.723	-0.017	24.74	-
CTRL_SUDBURY_PUMP	grid	-160	-100	15024.733	15024.715	-0.018	24.73	-
CTRL_SUDBURY_PUMP	grid	-160	-80	15024.733	15024.736	0.003	24.73	-
CTRL_SUDBURY_PUMP	grid	-160	-60	15024.823	15024.724	-0.099	24.82	-
CTRL_SUDBURY_PUMP	grid	-160	-40	15024.989	15024.808	-0.181	24.99	-
CTRL_SUDBURY_PUMP	grid	-160	-20	15025.126	15025.522	0.396	25.13	-
CTRL_SUDBURY_PUMP	grid	-160	0	15026.113	15026.343	0.230	26.11	-
CTRL_SUDBURY_PUMP	grid	-160	20	15026.255	15026.153	-0.101	26.25	-
CTRL_SUDBURY_PUMP	grid	-160	40	15026.050	15026.017	-0.033	26.05	-
CTRL_SUDBURY_PUMP	grid	-160	60	15026.551	15026.629	0.078	26.55	-
CTRL_SUDBURY_PUMP	grid	-160	80	15027.323	15027.265	-0.059	27.32	-
CTRL_SUDBURY_PUMP	grid	-160	100	15027.685	15027.594	-0.091	27.69	-
CTRL_SUDBURY_PUMP	grid	-160	120	15027.857	15029.546	1.688	27.86	-
CTRL_SUDBURY_PUMP	grid	-160	140	15028.176	15029.225	1.049	28.18	-
CTRL_SUDBURY_PUMP	grid	-160	160	15028.783	15028.845	0.061	28.78	-
CTRL_SUDBURY_PUMP	grid	-160	180	15029.570	15029.646	0.076	29.57	-
CTRL_SUDBURY_PUMP	grid	-160	200	15030.496	15037.660	7.164	30.50	-
CTRL_SUDBURY_PUMP	grid	-160	220	15044.299	15045.006	0.706	44.30	-
CTRL_SUDBURY_PUMP	grid	-160	240	15054.883	15050.934	-3.948	54.88	-
CTRL_SUDBURY_PUMP	grid	-160	260	15055.139	15055.258	0.119	55.14	-
CTRL_SUDBURY_PUMP	grid	-160	280	15055.425	15055.695	0.269	55.43	-
CTRL_SUDBURY_PUMP	grid	-160	300	15055.828	15056.164	0.336	55.83	-
CTRL_SUDBURY_PUMP	grid	-160	320	15056.413	15056.671	0.258	56.41	-
CTRL_SUDBURY_PUMP	grid	-160	340	15057.235	15057.286	0.050	57.24	-
CTRL_SUDBURY_PUMP	grid	-160	360	15058.286	15058.485	0.199	58.29	-
CTRL_SUDBURY_PUMP	grid	-160	380	15059.562	15059.773	0.210	59.56	-
CTRL_SUDBURY_PUMP	grid	-160	400	15060.984	15061.025	0.040	60.98	-
CTRL_SUDBURY_PUMP	grid	-160	420	15062.494	15062.447	-0.048	62.49	-
CTRL_SUDBURY_PUMP	grid	-160	440	15064.006	15063.957	-0.050	64.01	-
CTRL_SUDBURY_PUMP	grid	-160	460	15065.456	15065.535	0.079	65.46	-
CTRL_SUDBURY_PUMP	grid	-160	480	15066.791	15066.714	-0.077	66.79	-
CTRL_SUDBURY_PUMP	grid	-160	500	15067.973	15067.961	-0.012	67.97	-
CTRL_SUDBURY_PUMP	grid	-140	-500	15078.495	15078.847	0.352	78.49	-
CTRL_SUDBURY_PUMP	grid	-140	-480	15079.188	15079.234	0.047	79.19	-
CTRL_SUDBURY_PUMP	grid	-140	-460	15079.992	15080.150	0.158	79.99	-
CTRL_SUDBURY_PUMP	grid	-140	-440	15080.895	15081.120	0.225	80.90	-
CTRL_SUDBURY_PUMP	grid	-140	-420	15081.855	15082.084	0.229	81.86	-
CTRL_SUDBURY_PUMP	grid	-140	-400	15082.816	15082.678	-0.138	82.82	-
CTRL_SUDBURY_PUMP	grid	-140	-380	15083.679	15083.624	-0.055	83.68	-
CTRL_SUDBURY_PUMP	grid	-140	-360	15084.324	15084.087	-0.237	84.32	-
CTRL_SUDBURY_PUMP	grid	-140	-340	15084.590	15084.431	-0.158	84.59	-
CTRL_SUDBURY_PUMP	grid	-140	-320	15084.307	15083.608	-0.698	84.31	-
CTRL_SUDBURY_PUMP	grid	-140	-300	15083.316	15082.144	-1.172	83.32	-
CTRL_SUDBURY_PUMP	grid	-140	-280	15081.512	15069.147	-12.364	81.51	-
CTRL_SUDBURY_PUMP	grid	-140	-260	15039.297	15046.075	6.778	39.30	-
CTRL_SUDBURY_PUMP	grid	-140	-240	15030.321	15030.037	-0.285	30.32	-
CTRL_SUDBURY_PUMP	grid	-140	-220	15029.458	15029.180	-0.277	29.46	-
CTRL_SUDBURY_PUMP	grid	-140	-200	15028.526	15028.332	-0.195	28.53	-
CTRL_SUDBURY_PUMP	grid	-140	-180	15027.612	15027.496	-0.116	27.61	-
CTRL_SUDBURY_PUMP	grid	-140	-160	15026.582	15026.530	-0.052	26.58	-
CTRL_SUDBURY_PUMP	grid	-140	-140	15025.464	15025.592	0.129	25.46	-
CTRL_SUDBURY_PUMP	grid	-140	-120	15024.750	15024.728	-0.022	24.75	-
CTRL_SUDBURY_PUMP	grid	-140	-100	15024.776	15024.738	-0.038	24.78	-
CTRL_SUDBURY_PUMP	grid	-140	-80	15024.785	15024.779	-0.006	24.78	-
CTRL_SUDBURY_PUMP	grid	-140	-60	15024.733	15024.772	0.039	24.73	-
CTRL_SUDBURY_PUMP	grid	-140	-40	15024.733	15024.914	0.182	24.73	-
CTRL_SUDBURY_PUMP	grid	-140	-20	15025.357	15025.616	0.260	25.36	-
CTRL_SUDBURY_PUMP	grid	-140	0	15026.430	15026.469	0.039	26.43	-
CTRL_SUDBURY_PUMP	grid	-140	20	15027.047	15026.566	-0.481	27.05	-
CTRL_SUDBURY_PUMP	grid	-140	40	15027.064	15026.954	-0.110	27.06	-
CTRL_SUDBURY_PUMP	grid	-140	60	15027.533	15027.574	0.041	27.53	-
CTRL_SUDBURY_PUMP	grid	-140	80	15028.275	15028.221	-0.055	28.28	-
CTRL_SUDBURY_PUMP	grid	-140	100	15028.695	15029.250	0.555	28.70	-
CTRL_SUDBURY_PUMP	grid	-140	120	15028.869	15033.114	4.245	28.87	-
CTRL_SUDBURY_PUMP	grid	-140	140	15029.199	15034.552	5.353	29.20	-
CTRL_SUDBURY_PUMP	grid	-140	160	15029.769	15032.578	2.809	29.77	-
CTRL_SUDBURY_PUMP	grid	-140	180	15030.494	15035.337	4.843	30.49	-
CTRL_SUDBURY_PUMP	grid	-140	200	15050.732	15044.055	-6.677	50.73	-
CTRL_SUDBURY_PUMP	grid	-140	220	15057.745	15052.298	-5.447	57.75	-
CTRL_SUDBURY_PUMP	grid	-140	240	15057.780	15058.117	0.337	57.78	-
CTRL_SUDBURY_PUMP	grid	-140	260	15057.742	15057.706	-0.036	57.74	-
CTRL_SUDBURY_PUMP	grid	-140	280	15057.765	15057.695	-0.070	57.77	-
CTRL_SUDBURY_PUMP	grid	-140	300	15057.944	15058.088	0.144	57.94	-
CTRL_SUDBURY_PUMP	grid	-140	320	15058.352	15058.556	0.204	58.35	-
CTRL_SUDBURY_PUMP	grid	-140	340	15059.041	15059.000	-0.041	59.04	-
CTRL_SUDBURY_PUMP	grid	-140	360	15059.996	15060.077	0.081	60.00	-
CTRL_SUDBURY_PUMP	grid	-140	380	15061.206	15061.231	0.025	61.21	-
CTRL_SUDBURY_PUMP	grid	-140	400	15062.599	15062.588	-0.011	62.60	-
CTRL_SUDBURY_PUMP	grid	-140	420	15064.106	15064.007	-0.099	64.11	-
CTRL_SUDBURY_PUMP	grid	-140	440	15065.646	15065.501	-0.145	65.65	-
CTRL_SUDBURY_PUMP	grid	-140	460	15067.142	15066.976	-0.165	67.14	-
CTRL_SUDBURY_PUMP	grid	-140	480	15068.539	15068.365	-0.174	68.54	-
CTRL_SUDBURY_PUMP	grid	-140	500	15069.777	15069.656	-0.121	69.78	-
CTRL_SUDBURY_PUMP	grid	-120	-500	15081.250	15081.479	0.229	81.25	-
CTRL_SUDBURY_PUMP	grid	-120	-480	15082.171	15082.158	-0.013	82.17	-
CTRL_SUDBURY_PUMP	grid	-120	-460	15083.188	15083.388	0.200	83.19	-
CTRL_SUDBURY_PUMP	grid	-120	-440	15084.308	15084.439	0.130	84.31	-
CTRL_SUDBURY_PUMP	grid	-120	-420	15085.451	15085.442	-0.009	85.45	-
CTRL_SUDBURY_PUMP	grid	-120	-400	15086.571	15086.477	-0.094	86.57	-
CTRL_SUDBURY_PUMP	grid	-120	-380	15087.561	15087.424	-0.136	87.56	-
CTRL_SUDBURY_PUMP	grid	-120	-360	15088.283	15088.082	-0.200	88.28	-
CTRL_SUDBURY_PUMP	grid	-120	-340	15088.596	15088.311	-0.285	88.60	-
CTRL_SUDBURY_PUMP	grid	-120	-320	15088.293	15087.753	-0.539	88.29	-
CTRL_SUDBURY_PUMP	grid	-120	-300	15087.262	15086.499	-0.763	87.26	-
CTRL_SUDBURY_PUMP	grid	-120	-280	15085.339	15079.918	-5.421	85.34	-
CTRL_SUDBURY_PUMP	grid	-120	-260	15076.563	15054.181	-22.382	76.56	-
CTRL_SUDBURY_PUMP	grid	-120	-240	15030.692	15030.252	-0.440	30.69	-
CTRL_SUDBURY_PUMP	grid	-120	-220	15029.740	15029.481	-0.259	29.74	-
CTRL_SUDBURY_PUMP	grid	-120	-200	15028.695	15028.736	0.040	28.70	-
CTRL_SUDBURY_PUMP	grid	-120	-180	15027.574	15027.738	0.163	27.57	-
CTRL_SUDBURY_PUMP	grid	-120	-160	15026.499	15026.771	0.273	26.50	-
CTRL_SUDBURY_PUMP	grid	-120	-140	15025.564	15025.834	0.270	25.56	-
CTRL_SUDBURY_PUMP	grid	-120	-120	15024.926	15025.278	0.352	24.93	-
CTRL_SUDBURY_PUMP	grid	-120	-100	15024.756	15024.934	0.177	24.76	-
CTRL_SUDBURY_PUMP	grid	-120	-80	15024.740	15024.830	0.090	24.74	-
CTRL_SUDBURY_PUMP	grid	-120	-60	15024.733	15024.846	0.113	24.73	-
CTRL_SUDBURY_PUMP	grid	-120	-40	15024.733	15025.289	0.557	24.73	-
CTRL_SUDBURY_PUMP	grid	-120	-20	15025.323	15025.899	0.575	25.32	-
CTRL_SUDBURY_PUMP	grid	-120	0	15026.435	15026.647	0.212	26.44	-
CTRL_SUDBURY_PUMP	grid	-120	20	15027.570	15027.325	-0.245	27.57	-
CTRL_SUDBURY_PUMP	grid	-120	40	15028.082	15027.918	-0.163	28.08	-
CTRL_SUDBURY_PUMP	grid	-120	60	15028.526	15028.539	0.012	28.53	-
CTRL_SUDBURY_PUMP	grid	-120	80	15029.209	15029.186	-0.023	29.21	-
CTRL_SUDBURY_PUMP	grid	-120	100	15029.710	15036.260	6.549	29.71	-
CTRL_SUDBURY_PUMP	grid	-120	120	15029.884	15036.712	6.827	29.88	-
CTRL_SUDBURY_PUMP	grid	-120	140	15030.221	15039.910	9.690	30.22	-
CTRL_SUDBURY_PUMP	grid	-120	160	15030.782	15039.839	9.056	30.78	-
CTRL_SUDBURY_PUMP	grid	-120	180	15042.057	15044.550	2.493	42.06	-
CTRL_SUDBURY_PUMP	grid	-120	200	15061.397	15051.780	-9.617	61.40	-
CTRL_SUDBURY_PUMP	grid	-120	220	15061.265	15059.373	-1.892	61.26	-
CTRL_SUDBURY_PUMP	grid	-120	240	15060.960	15060.967	0.007	60.96	-
CTRL_SUDBURY_PUMP	grid	-120	260	15060.608	15060.507	-0.101	60.61	-
CTRL_SUDBURY_PUMP	grid	-120	280	15060.334	15060.418	0.085	60.33	-
CTRL_SUDBURY_PUMP	grid	-120	300	15060.251	15060.319	0.068	60.25	-
CTRL_SUDBURY_PUMP	grid	-120	320	15060.435	15060.444	0.009	60.44	-
CTRL_SUDBURY_PUMP	grid	-120	340	15060.929	15060.888	-0.041	60.93	-
CTRL_SUDBURY_PUMP	grid	-120	360	15061.737	15061.769	0.033	61.74	-
CTRL_SUDBURY_PUMP	grid	-120	380	15062.831	15062.688	-0.142	62.83	-
CTRL_SUDBURY_PUMP	grid	-120	400	15064.154	15063.930	-0.225	64.15	-
CTRL_SUDBURY_PUMP	grid	-120	420	15065.630	15065.598	-0.032	65.63	-
CTRL_SUDBURY_PUMP	grid	-120	440	15067.178	15067.073	-0.105	67.18	-
CTRL_SUDBURY_PUMP	grid	-120	460	15068.714	15068.391	-0.323	68.71	-
CTRL_SUDBURY_PUMP	grid	-120	480	15070.166	15069.757	-0.409	70.17	-
CTRL_SUDBURY_PUMP	grid	-120	500	15071.464	15071.199	-0.265	71.46	-
CTRL_SUDBURY_PUMP	grid	-100	-500	15084.106	15084.031	-0.075	84.11	-
CTRL_SUDBURY_PUMP	grid	-100	-480	15085.232	15085.405	0.173	85.23	-
CTRL_SUDBURY_PUMP	grid	-100	-460	15086.462	15086.646	0.184	86.46	-
CTRL_SUDBURY_PUMP	grid	-100	-440	15087.765	15087.780	0.015	87.77	-
CTRL_SUDBURY_PUMP	grid	-100	-420	15089.075	15088.935	-0.139	89.07	-
CTRL_SUDBURY_PUMP	grid	-100	-400	15090.320	15090.187	-0.133	90.32	-
CTRL_SUDBURY_PUMP	grid	-100	-380	15091.411	15091.220	-0.191	91.41	-
CTRL_SUDBURY_PUMP	grid	-100	-360	15092.186	15092.106	-0.080	92.19	-
CTRL_SUDBURY_PUMP	grid	-100	-340	15092.522	15091.965	-0.558	92.52	-
CTRL_SUDBURY_PUMP	grid	-100	-320	15092.181	15091.731	-0.450	92.18	-
CTRL_SUDBURY_PUMP	grid	-100	-300	15091.098	15090.497	-0.601	91.10	-
CTRL_SUDBURY_PUMP	grid	-100	-280	15089.048	15088.823	-0.225	89.05	-
CTRL_SUDBURY_PUMP	grid	-100	-260	15086.029	15062.205	-23.825	86.03	-
CTRL_SUDBURY_PUMP	grid	-100	-240	15037.683	15035.209	-2.474	37.68	-
CTRL_SUDBURY_PUMP	grid	-100	-220	15029.750	15029.722	-0.027	29.75	-
CTRL_SUDBURY_PUMP	grid	-100	-200	15028.697	15028.972	0.275	28.70	-
CTRL_SUDBURY_PUMP	grid	-100	-180	15027.696	15028.036	0.340	27.70	-
CTRL_SUDBURY_PUMP	grid	-100	-160	15026.831	15027.040	0.209	26.83	-
CTRL_SUDBURY_PUMP	grid	-100	-140	15026.129	15026.257	0.128	26.13	-
CTRL_SUDBURY_PUMP	grid	-100	-120	15025.756	15025.995	0.239	25.76	-
CTRL_SUDBURY_PUMP	grid	-100	-100	15025.581	15025.693	0.112	25.58	-
CTRL_SUDBURY_PUMP	grid	-100	-80	15025.313	15025.342	0.030	25.31	-
CTRL_SUDBURY_PUMP	grid	-100	-60	15025.060	15025.267	0.206	25.06	-
CTRL_SUDBURY_PUMP	grid	-100	-40	15025.021	15025.691	0.670	25.02	-
CTRL_SUDBURY_PUMP	grid	-100	-20	15025.681	15026.228	0.547	25.68	-
CTRL_SUDBURY_PUMP	grid	-100	0	15026.799	15027.011	0.213	26.80	-
CTRL_SUDBURY_PUMP	grid	-100	20	15027.944	15028.046	0.102	27.94	-
CTRL_SUDBURY_PUMP	grid	-100	40	15029.005	15028.850	-0.155	29.00	-
CTRL_SUDBURY_PUMP	grid	-100	60	15029.536	15029.530	-0.005	29.54	-
CTRL_SUDBURY_PUMP	grid	-100	80	15030.179	15036.090	5.911	30.18	-
CTRL_SUDBURY_PUMP	grid	-100	100	15030.707	15047.479	16.771	30.71	-
CTRL_SUDBURY_PUMP	grid	-100	120	15031.200	15047.359	16.160	31.20	-
CTRL_SUDBURY_PUMP	grid	-100	140	15049.875	15046.299	-3.575	49.87	-
CTRL_SUDBURY_PUMP	grid	-100	160	15063.003	15049.841	-13.162	63.00	-
CTRL_SUDBURY_PUMP	grid	-100	180	15065.555	15054.519	-11.036	65.56	-
CTRL_SUDBURY_PUMP	grid	-100	200	15065.416	15061.040	-4.376	65.42	-
CTRL_SUDBURY_PUMP	grid	-100	220	15064.963	15064.794	-0.170	64.96	-
CTRL_SUDBURY_PUMP	grid	-100	240	15064.310	15063.925	-0.385	64.31	-
CTRL_SUDBURY_PUMP	grid	-100	260	15063.618	15063.385	-0.234	63.62	-
CTRL_SUDBURY_PUMP	grid	-100	280	15063.014	15063.169	0.155	63.01	-
CTRL_SUDBURY_PUMP	grid	-100	300	15062.623	15062.491	-0.132	62.62	-
CTRL_SUDBURY_PUMP	grid	-100	320	15062.525	15062.241	-0.284	62.53	-
CTRL_SUDBURY_PUMP	grid	-100	340	15062.772	15062.760	-0.012	62.77	-
CTRL_SUDBURY_PUMP	grid	-100	360	15063.374	15063.379	0.006	63.37	-
CTRL_SUDBURY_PUMP	grid	-100	380	15064.308	15064.114	-0.194	64.31	-
CTRL_SUDBURY_PUMP	grid	-100	400	15065.521	15065.083	-0.438	65.52	-
CTRL_SUDBURY_PUMP	grid	-100	420	15066.943	15066.776	-0.167	66.94	-
CTRL_SUDBURY_PUMP	grid	-100	440	15068.483	15068.175	-0.309	68.48	-
CTRL_SUDBURY_PUMP	grid	-100	460	15070.052	15069.833	-0.219	70.05	-
CTRL_SUDBURY_PUMP	grid	-100	480	15071.555	15071.177	-0.378	71.55	-
CTRL_SUDBURY_PUMP	grid	-100	500	15072.901	15072.550	-0.351	72.90	-
CTRL_SUDBURY_PUMP	grid	-80	-500	15087.016	15087.060	0.044	87.02	-
CTRL_SUDBURY_PUMP	grid	-80	-480	15088.339	15088.462	0.123	88.34	-
CTRL_SUDBURY_PUMP	grid	-80	-460	15089.763	15089.822	0.059	89.76	-
CTRL_SUDBURY_PUMP	grid	-80	-440	15091.223	15091.198	-0.025	91.22	-
CTRL_SUDBURY_PUMP	grid	-80	-420	15092.672	15092.536	-0.137	92.67	-
CTRL_SUDBURY_PUMP	grid	-80	-400	15094.025	15093.894	-0.130	94.02	-
CTRL_SUDBURY_PUMP	grid	-80	-380	15095.180	15094.928	-0.252	95.18	-
CTRL_SUDBURY_PUMP	grid	-80	-360	15095.994	15095.707	-0.288	95.99	-
CTRL_SUDBURY_PUMP	grid	-80	-340	15096.314	15095.640	-0.674	96.31	-
CTRL_SUDBURY_PUMP	grid	-80	-320	15095.942	15095.481	-0.461	95.94	-
CTRL_SUDBURY_PUMP	grid	-80	-300	15094.759	15094.446	-0.313	94.76	-
CTRL_SUDBURY_PUMP	grid	-80	-280	15092.612	15091.913	-0.699	92.61	-
CTRL_SUDBURY_PUMP	grid	-80	-260	15089.534	15072.545	-16.989	89.53	-
CTRL_SUDBURY_PUMP	grid	-80	-240	15034.947	15043.920	8.973	34.95	-
CTRL_SUDBURY_PUMP	grid	-80	-220	15029.875	15029.987	0.111	29.88	-
CTRL_SUDBURY_PUMP	grid	-80	-200	15028.932	15029.235	0.303	28.93	-
CTRL_SUDBURY_PUMP	grid	-80	-180	15028.078	15028.389	0.310	28.08	-
CTRL_SUDBURY_PUMP	grid	-80	-160	15027.389	15027.390	0.000	27.39	-
CTRL_SUDBURY_PUMP	grid	-80	-140	15026.860	15027.024	0.164	26.86	-
CTRL_SUDBURY_PUMP	grid	-80	-120	15026.663	15026.739	0.076	26.66	-
CTRL_SUDBURY_PUMP	grid	-80	-100	15026.485	15026.478	-0.007	26.49	-
CTRL_SUDBURY_PUMP	grid	-80	-80	15026.152	15026.197	0.045	26.15	-
CTRL_SUDBURY_PUMP	grid	-80	-60	15025.963	15026.079	0.116	25.96	-
CTRL_SUDBURY_PUMP	grid	-80	-40	15025.964	15026.308	0.344	25.96	-
CTRL_SUDBURY_PUMP	grid	-80	-20	15026.501	15026.596	0.095	26.50	-
CTRL_SUDBURY_PUMP	grid	-80	0	15027.433	15027.575	0.142	27.43	-
CTRL_SUDBURY_PUMP	grid	-80	20	15028.493	15028.650	0.157	28.49	-
CTRL_SUDBURY_PUMP	grid	-80	40	15029.598	15029.503	-0.095	29.60	-
CTRL_SUDBURY_PUMP	grid	-80	60	15030.604	15033.304	2.700	30.60	-
CTRL_SUDBURY_PUMP	grid	-80	80	15043.910	15044.571	0.660	43.91	-
CTRL_SUDBURY_PUMP	grid	-80	100	15065.921	15055.961	-9.961	65.92	-
CTRL_SUDBURY_PUMP	grid	-80	120	15067.804	15059.591	-8.213	67.80	-
CTRL_SUDBURY_PUMP	grid	-80	140	15069.129	15057.105	-12.024	69.13	-
CTRL_SUDBURY_PUMP	grid	-80	160	15069.776	15058.599	-11.178	69.78	-
CTRL_SUDBURY_PUMP	grid	-80	180	15069.877	15064.407	-5.470	69.88	-
CTRL_SUDBURY_PUMP	grid	-80	200	15069.431	15069.403	-0.028	69.43	-
CTRL_SUDBURY_PUMP	grid	-80	220	15068.659	15068.143	-0.517	68.66	-
CTRL_SUDBURY_PUMP	grid	-80	240	15067.642	15067.096	-0.547	67.64	-
CTRL_SUDBURY_PUMP	grid	-80	260	15066.601	15066.480	-0.120	66.60	-
CTRL_SUDBURY_PUMP	grid	-80	280	15065.635	15065.435	-0.201	65.64	-
CTRL_SUDBURY_PUMP	grid	-80	300	15064.907	15064.690	-0.217	64.91	-
CTRL_SUDBURY_PUMP	grid	-80	320	15064.483	15064.055	-0.428	64.48	-
CTRL_SUDBURY_PUMP	grid	-80	340	15064.440	15064.574	0.134	64.44	-
CTRL_SUDBURY_PUMP	grid	-80	360	15064.790	15064.201	-0.589	64.79	-
CTRL_SUDBURY_PUMP	grid	-80	380	15065.527	15065.423	-0.104	65.53	-
CTRL_SUDBURY_PUMP	grid	-80	400	15066.599	15066.329	-0.270	66.60	-
CTRL_SUDBURY_PUMP	grid	-80	420	15067.944	15067.721	-0.224	67.94	-
CTRL_SUDBURY_PUMP	grid	-80	440	15069.460	15068.815	-0.645	69.46	-
CTRL_SUDBURY_PUMP	grid	-80	460	15071.050	15070.564	-0.486	71.05	-
CTRL_SUDBURY_PUMP	grid	-80	480	15072.578	15072.463	-0.114	72.58	-
CTRL_SUDBURY_PUMP	grid	-80	500	15073.955	15073.474	-0.481	73.95	-
CTRL_SUDBURY_PUMP	grid	-60	-500	15089.945	15090.117	0.172	89.94	-
CTRL_SUDBURY_PUMP	grid	-60	-480	15091.446	15091.546	0.100	91.45	-
CTRL_SUDBURY_PUMP	grid	-60	-460	15093.037	15092.909	-0.128	93.04	-
CTRL_SUDBURY_PUMP	grid	-60	-440	15094.636	15094.487	-0.149	94.64	-
CTRL_SUDBURY_PUMP	grid	-60	-420	15096.197	15096.039	-0.157	96.20	-
CTRL_SUDBURY_PUMP	grid	-60	-400	15097.630	15097.530	-0.101	97.63	-
CTRL_SUDBURY_PUMP	grid	-60	-380	15098.827	15098.530	-0.297	98.83	-
CTRL_SUDBURY_PUMP	grid	-60	-360	15099.665	15099.117	-0.548	99.66	-
CTRL_SUDBURY_PUMP	grid	-60	-340	15099.950	15099.278	-0.672	99.95	-
CTRL_SUDBURY_PUMP	grid	-60	-320	15099.536	15099.153	-0.383	99.54	-
CTRL_SUDBURY_PUMP	grid	-60	-300	15098.244	15097.565	-0.679	98.24	-
CTRL_SUDBURY_PUMP	grid	-60	-280	15095.993	15095.031	-0.961	95.99	-
CTRL_SUDBURY_PUMP	grid	-60	-260	15092.744	15083.456	-9.287	92.74	-
CTRL_SUDBURY_PUMP	grid	-60	-240	15035.782	15054.897	19.114	35.78	-
CTRL_SUDBURY_PUMP	grid	-60	-220	15030.177	15032.606	2.429	30.18	-
CTRL_SUDBURY_PUMP	grid	-60	-200	15029.350	15029.890	0.540	29.35	-
CTRL_SUDBURY_PUMP	grid	-60	-180	15028.650	15028.768	0.118	28.65	-
CTRL_SUDBURY_PUMP	grid	-60	-160	15028.059	15028.177	0.117	28.06	-
CTRL_SUDBURY_PUMP	grid	-60	-140	15027.749	15027.855	0.107	27.75	-
CTRL_SUDBURY_PUMP	grid	-60	-120	15027.570	15027.558	-0.012	27.57	-
CTRL_SUDBURY_PUMP	grid	-60	-100	15027.288	15027.289	0.001	27.29	-
CTRL_SUDBURY_PUMP	grid	-60	-80	15027.044	15027.138	0.094	27.04	-
CTRL_SUDBURY_PUMP	grid	-60	-60	15026.872	15026.999	0.128	26.87	-
CTRL_SUDBURY_PUMP	grid	-60	-40	15026.979	15027.147	0.168	26.98	-
CTRL_SUDBURY_PUMP	grid	-60	-20	15027.460	15027.511	0.051	27.46	-
CTRL_SUDBURY_PUMP	grid	-60	0	15028.250	15028.261	0.011	28.25	-
CTRL_SUDBURY_PUMP	grid	-60	20	15029.203	15029.240	0.037	29.20	-
CTRL_SUDBURY_PUMP	grid	-60	40	15030.237	15030.182	-0.055	30.24	-
CTRL_SUDBURY_PUMP	grid	-60	60	15060.117	15042.321	-17.796	60.12	-
CTRL_SUDBURY_PUMP	grid	-60	80	15067.982	15054.253	-13.728	67.98	-
CTRL_SUDBURY_PUMP	grid	-60	100	15070.492	15064.990	-5.501	70.49	-
CTRL_SUDBURY_PUMP	grid	-60	120	15072.388	15071.080	-1.308	72.39	-
CTRL_SUDBURY_PUMP	grid	-60	140	15073.626	15067.920	-5.707	73.63	-
CTRL_SUDBURY_PUMP	grid	-60	160	15074.118	15066.736	-7.382	74.12	-
CTRL_SUDBURY_PUMP	grid	-60	180	15073.984	15072.551	-1.433	73.98	-
CTRL_SUDBURY_PUMP	grid	-60	200	15073.258	15072.547	-0.711	73.26	-
CTRL_SUDBURY_PUMP	grid	-60	220	15072.159	15071.520	-0.639	72.16	-
CTRL_SUDBURY_PUMP	grid	-60	240	15070.798	15070.294	-0.503	70.80	-
CTRL_SUDBURY_PUMP	grid	-60	260	15069.397	15069.338	-0.059	69.40	-
CTRL_SUDBURY_PUMP	grid	-60	280	15068.065	15067.289	-0.776	68.06	-
CTRL_SUDBURY_PUMP	grid	-60	300	15066.971	15066.638	-0.333	66.97	-
CTRL_SUDBURY_PUMP	grid	-60	320	15066.199	15066.130	-0.069	66.20	-
CTRL_SUDBURY_PUMP	grid	-60	340	15065.830	15065.759	-0.071	65.83	-
CTRL_SUDBURY_PUMP	grid	-60	360	15065.897	15065.307	-0.590	65.90	-
CTRL_SUDBURY_PUMP	grid	-60	380	15066.402	15066.069	-0.333	66.40	-
CTRL_SUDBURY_PUMP	grid	-60	400	15067.313	15067.246	-0.066	67.31	-
CTRL_SUDBURY_PUMP	grid	-60	420	15068.556	15068.487	-0.069	68.56	-
CTRL_SUDBURY_PUMP	grid	-60	440	15070.026	15069.585	-0.440	70.03	-
CTRL_SUDBURY_PUMP	grid	-60	460	15071.604	15071.107	-0.496	71.60	-
CTRL_SUDBURY_PUMP	grid	-60	480	15073.135	15072.517	-0.618	73.14	-
CTRL_SUDBURY_PUMP	grid	-60	500	15074.509	15073.671	-0.838	74.51	-
CTRL_SUDBURY_PUMP	grid	-40	-500	15092.870	15092.995	0.125	92.87	-
CTRL_SUDBURY_PUMP	grid	-40	-480	15094.531	15094.616	0.085	94.53	-
CTRL_SUDBURY_PUMP	grid	-40	-460	15096.254	15096.142	-0.112	96.25	-
CTRL_SUDBURY_PUMP	grid	-40	-440	15097.965	15097.759	-0.206	97.96	-
CTRL_SUDBURY_PUMP	grid	-40	-420	15099.597	15099.344	-0.253	99.60	-
CTRL_SUDBURY_PUMP	grid	-40	-400	15101.087	15100.909	-0.178	101.09	-
CTRL_SUDBURY_PUMP	grid	-40	-380	15102.301	15101.888	-0.413	102.30	-
CTRL_SUDBURY_PUMP	grid	-40	-360	15103.140	15102.556	-0.584	103.14	-
CTRL_SUDBURY_PUMP	grid	-40	-340	15103.371	15102.944	-0.427	103.37	-
CTRL_SUDBURY_PUMP	grid	-40	-320	15102.904	15102.273	-0.631	102.90	-
CTRL_SUDBURY_PUMP	grid	-40	-300	15101.491	15100.691	-0.800	101.49	-
CTRL_SUDBURY_PUMP	grid	-40	-280	15099.136	15098.169	-0.967	99.14	-
CTRL_SUDBURY_PUMP	grid	-40	-260	15095.724	15094.410	-1.314	95.72	-
CTRL_SUDBURY_PUMP	grid	-40	-240	15078.051	15066.220	-11.831	78.05	-
CTRL_SUDBURY_PUMP	grid	-40	-220	15030.620	15038.235	7.615	30.62	-
CTRL_SUDBURY_PUMP	grid	-40	-200	15029.916	15033.661	3.744	29.92	-
CTRL_SUDBURY_PUMP	grid	-40	-180	15029.289	15034.178	4.889	29.29	-
CTRL_SUDBURY_PUMP	grid	-40	-160	15028.857	15029.034	0.176	28.86	-
CTRL_SUDBURY_PUMP	grid	-40	-140	15028.653	15028.713	0.060	28.65	-
CTRL_SUDBURY_PUMP	grid	-40	-120	15028.456	15028.416	-0.040	28.46	-
CTRL_SUDBURY_PUMP	grid	-40	-100	15028.143	15028.169	0.026	28.14	-
CTRL_SUDBURY_PUMP	grid	-40	-80	15027.951	15028.024	0.073	27.95	-
CTRL_SUDBURY_PUMP	grid	-40	-60	15027.825	15027.956	0.131	27.82	-
CTRL_SUDBURY_PUMP	grid	-40	-40	15027.998	15028.055	0.057	28.00	-
CTRL_SUDBURY_PUMP	grid	-40	-20	15028.453	15028.526	0.073	28.45	-
CTRL_SUDBURY_PUMP	grid	-40	0	15029.151	15029.158	0.007	29.15	-
CTRL_SUDBURY_PUMP	grid	-40	20	15030.016	15030.073	0.057	30.02	-
CTRL_SUDBURY_PUMP	grid	-40	40	15039.509	15038.541	-0.968	39.51	-
CTRL_SUDBURY_PUMP	grid	-40	60	15069.048	15051.376	-17.672	69.05	-
CTRL_SUDBURY_PUMP	grid	-40	80	15072.095	15063.975	-8.120	72.10	-
CTRL_SUDBURY_PUMP	grid	-40	100	15074.673	15074.044	-0.629	74.67	-
CTRL_SUDBURY_PUMP	grid	-40	120	15076.574	15075.481	-1.094	76.57	-
CTRL_SUDBURY_PUMP	grid	-40	140	15077.719	15076.663	-1.056	77.72	-
CTRL_SUDBURY_PUMP	grid	-40	160	15078.068	15075.641	-2.427	78.07	-
CTRL_SUDBURY_PUMP	grid	-40	180	15077.705	15077.041	-0.664	77.71	-
CTRL_SUDBURY_PUMP	grid	-40	200	15076.728	15075.571	-1.157	76.73	-
CTRL_SUDBURY_PUMP	grid	-40	220	15075.317	15074.495	-0.822	75.32	-
CTRL_SUDBURY_PUMP	grid	-40	240	15073.635	15073.530	-0.105	73.64	-
CTRL_SUDBURY_PUMP	grid	-40	260	15071.873	15071.544	-0.329	71.87	-
CTRL_SUDBURY_PUMP	grid	-40	280	15070.184	15069.495	-0.689	70.18	-
CTRL_SUDBURY_PUMP	grid	-40	300	15068.715	15068.392	-0.324	68.72	-
CTRL_SUDBURY_PUMP	grid	-40	320	15067.581	15067.399	-0.182	67.58	-
CTRL_SUDBURY_PUMP	grid	-40	340	15066.868	15066.543	-0.325	66.87	-
CTRL_SUDBURY_PUMP	grid	-40	360	15066.631	15066.477	-0.154	66.63	-
CTRL_SUDBURY_PUMP	grid	-40	380	15066.889	15066.741	-0.148	66.89	-
CTRL_SUDBURY_PUMP	grid	-40	400	15067.607	15067.267	-0.340	67.61	-
CTRL_SUDBURY_PUMP	grid	-40	420	15068.717	15068.075	-0.642	68.72	-
CTRL_SUDBURY_PUMP	grid	-40	440	15070.106	15069.875	-0.231	70.11	-
CTRL_SUDBURY_PUMP	grid	-40	460	15071.631	15071.484	-0.147	71.63	-
CTRL_SUDBURY_PUMP	grid	-40	480	15073.123	15072.392	-0.731	73.12	-
CTRL_SUDBURY_PUMP	grid	-40	500	15074.440	15073.395	-1.045	74.44	-
CTRL_SUDBURY_PUMP	grid	-20	-500	15095.767	15095.767	-0.000	95.77	-
CTRL_SUDBURY_PUMP	grid	-20	-480	15097.560	15097.415	-0.145	97.56	-
CTRL_SUDBURY_PUMP	grid	-20	-460	15099.378	15099.218	-0.160	99.38	-
CTRL_SUDBURY_PUMP	grid	-20	-440	15101.163	15101.059	-0.103	101.16	-
CTRL_SUDBURY_PUMP	grid	-20	-420	15102.843	15102.677	-0.166	102.84	-
CTRL_SUDBURY_PUMP	grid	-20	-400	15104.353	15103.928	-0.425	104.35	-
CTRL_SUDBURY_PUMP	grid	-20	-380	15105.564	15105.002	-0.562	105.56	-
CTRL_SUDBURY_PUMP	grid	-20	-360	15106.370	15105.789	-0.582	106.37	-
CTRL_SUDBURY_PUMP	grid	-20	-340	15106.553	15106.466	-0.087	106.55	-
CTRL_SUDBURY_PUMP	grid	-20	-320	15106.002	15105.079	-0.923	106.00	-
CTRL_SUDBURY_PUMP	grid	-20	-300	15104.486	15103.696	-0.790	104.49	-
CTRL_SUDBURY_PUMP	grid	-20	-280	15102.002	15101.321	-0.680	102.00	-
CTRL_SUDBURY_PUMP	grid	-20	-260	15098.448	15097.935	-0.513	98.45	-
CTRL_SUDBURY_PUMP	grid	-20	-240	15094.028	15076.924	-17.104	94.03	-
CTRL_SUDBURY_PUMP	grid	-20	-220	15055.596	15049.560	-6.036	55.60	-
CTRL_SUDBURY_PUMP	grid	-20	-200	15030.526	15037.574	7.049	30.53	-
CTRL_SUDBURY_PUMP	grid	-20	-180	15030.034	15044.957	14.923	30.03	-
CTRL_SUDBURY_PUMP	grid	-20	-160	15029.735	15044.172	14.436	29.74	-
CTRL_SUDBURY_PUMP	grid	-20	-140	15029.559	15035.478	5.918	29.56	-
CTRL_SUDBURY_PUMP	grid	-20	-120	15029.278	15029.315	0.037	29.28	-
CTRL_SUDBURY_PUMP	grid	-20	-100	15029.035	15029.075	0.040	29.03	-
CTRL_SUDBURY_PUMP	grid	-20	-80	15028.862	15028.894	0.033	28.86	-
CTRL_SUDBURY_PUMP	grid	-20	-60	15028.799	15028.826	0.028	28.80	-
CTRL_SUDBURY_PUMP	grid	-20	-40	15029.025	15034.863	5.838	29.02	-
CTRL_SUDBURY_PUMP	grid	-20	-20	15029.464	15029.567	0.103	29.46	-
CTRL_SUDBURY_PUMP	grid	-20	0	15030.102	15030.082	-0.019	30.10	-
CTRL_SUDBURY_PUMP	grid	-20	20	15030.899	15034.920	4.022	30.90	-
CTRL_SUDBURY_PUMP	grid	-20	40	15069.053	15047.615	-21.438	69.05	-
CTRL_SUDBURY_PUMP	grid	-20	60	15072.479	15060.462	-12.017	72.48	-
CTRL_SUDBURY_PUMP	grid	-20	80	15075.637	15073.365	-2.272	75.64	-
CTRL_SUDBURY_PUMP	grid	-20	100	15078.239	15077.308	-0.931	78.24	-
CTRL_SUDBURY_PUMP	grid	-20	120	15080.142	15078.752	-1.390	80.14	-
CTRL_SUDBURY_PUMP	grid	-20	140	15081.185	15080.015	-1.170	81.18	-
CTRL_SUDBURY_PUMP	grid	-20	160	15081.419	15080.802	-0.617	81.42	-
CTRL_SUDBURY_PUMP	grid	-20	180	15080.849	15079.989	-0.861	80.85	-
CTRL_SUDBURY_PUMP	grid	-20	200	15079.665	15078.676	-0.988	79.66	-
CTRL_SUDBURY_PUMP	grid	-20	220	15077.975	15077.464	-0.512	77.98	-
CTRL_SUDBURY_PUMP	grid	-20	240	15076.013	15075.337	-0.676	76.01	-
CTRL_SUDBURY_PUMP	grid	-20	260	15073.920	15073.066	-0.854	73.92	-
CTRL_SUDBURY_PUMP	grid	-20	280	15071.891	15071.554	-0.337	71.89	-
CTRL_SUDBURY_PUMP	grid	-20	300	15070.058	15070.095	0.036	70.06	-
CTRL_SUDBURY_PUMP	grid	-20	320	15068.566	15068.203	-0.363	68.57	-
CTRL_SUDBURY_PUMP	grid	-20	340	15067.508	15066.754	-0.754	67.51	-
CTRL_SUDBURY_PUMP	grid	-20	360	15066.960	15066.875	-0.085	66.96	-
CTRL_SUDBURY_PUMP	grid	-20	380	15066.951	15066.742	-0.209	66.95	-
CTRL_SUDBURY_PUMP	grid	-20	400	15067.459	15067.315	-0.144	67.46	-
CTRL_SUDBURY_PUMP	grid	-20	420	15068.415	15067.690	-0.725	68.41	-
CTRL_SUDBURY_PUMP	grid	-20	440	15069.688	15069.490	-0.198	69.69	-
CTRL_SUDBURY_PUMP	grid	-20	460	15071.121	15070.415	-0.706	71.12	-
CTRL_SUDBURY_PUMP	grid	-20	480	15072.536	15071.985	-0.551	72.54	-
CTRL_SUDBURY_PUMP	grid	-20	500	15073.762	15073.228	-0.534	73.76	-
CTRL_SUDBURY_PUMP	grid	0	-500	15098.610	15098.566	-0.044	98.61	-
CTRL_SUDBURY_PUMP	grid	0	-480	15100.493	15100.301	-0.192	100.49	-
CTRL_SUDBURY_PUMP	grid	0	-460	15102.377	15102.083	-0.295	102.38	-
CTRL_SUDBURY_PUMP	grid	0	-440	15104.193	15103.961	-0.232	104.19	-
CTRL_SUDBURY_PUMP	grid	0	-420	15105.892	15105.673	-0.219	105.89	-
CTRL_SUDBURY_PUMP	grid	0	-400	15107.390	15106.963	-0.427	107.39	-
CTRL_SUDBURY_PUMP	grid	0	-380	15108.590	15108.083	-0.507	108.59	-
CTRL_SUDBURY_PUMP	grid	0	-360	15109.336	15108.932	-0.404	109.34	-
CTRL_SUDBURY_PUMP	grid	0	-340	15109.469	15108.799	-0.669	109.47	-
CTRL_SUDBURY_PUMP	grid	0	-320	15108.805	15107.798	-1.007	108.81	-
CTRL_SUDBURY_PUMP	grid	0	-300	15107.201	15106.529	-0.671	107.20	-
CTRL_SUDBURY_PUMP	grid	0	-280	15104.568	15104.097	-0.471	104.57	-
CTRL_SUDBURY_PUMP	grid	0	-260	15100.903	15100.023	-0.880	100.90	-
CTRL_SUDBURY_PUMP	grid	0	-240	15096.333	15085.779	-10.554	96.33	-
CTRL_SUDBURY_PUMP	grid	0	-220	15091.053	15059.163	-31.890	91.05	-
CTRL_SUDBURY_PUMP	grid	0	-200	15049.178	15048.367	-0.810	49.18	-
CTRL_SUDBURY_PUMP	grid	0	-180	15031.826	15055.779	23.953	31.83	-
CTRL_SUDBURY_PUMP	grid	0	-160	15030.642	15059.832	29.190	30.64	-
CTRL_SUDBURY_PUMP	grid	0	-140	15030.433	15050.783	20.350	30.43	-
CTRL_SUDBURY_PUMP	grid	0	-120	15030.131	15040.194	10.063	30.13	-
CTRL_SUDBURY_PUMP	grid	0	-100	15029.941	15033.148	3.207	29.94	-
CTRL_SUDBURY_PUMP	grid	0	-80	15029.775	15029.795	0.020	29.77	-
CTRL_SUDBURY_PUMP	grid	0	-60	15029.794	15035.358	5.564	29.79	-
CTRL_SUDBURY_PUMP	grid	0	-40	15030.050	15044.864	14.815	30.05	-
CTRL_SUDBURY_PUMP	grid	0	-20	15030.477	15041.157	10.680	30.48	-
CTRL_SUDBURY_PUMP	grid	0	0	15036.397	15035.364	-1.032	36.40	-
CTRL_SUDBURY_PUMP	grid	0	20	15068.284	15044.043	-24.241	68.28	-
CTRL_SUDBURY_PUMP	grid	0	40	15071.783	15056.753	-15.030	71.78	-
CTRL_SUDBURY_PUMP	grid	0	60	15075.276	15069.582	-5.694	75.28	-
CTRL_SUDBURY_PUMP	grid	0	80	15078.489	15077.536	-0.954	78.49	-
CTRL_SUDBURY_PUMP	grid	0	100	15081.082	15079.847	-1.235	81.08	-
CTRL_SUDBURY_PUMP	grid	0	120	15082.971	15082.045	-0.926	82.97	-
CTRL_SUDBURY_PUMP	grid	0	140	15083.917	15083.395	-0.522	83.92	-
CTRL_SUDBURY_PUMP	grid	0	160	15084.059	15082.719	-1.339	84.06	-
CTRL_SUDBURY_PUMP	grid	0	180	15083.316	15081.882	-1.434	83.32	-
CTRL_SUDBURY_PUMP	grid	0	200	15081.961	15081.126	-0.835	81.96	-
CTRL_SUDBURY_PUMP	grid	0	220	15080.040	15079.855	-0.184	80.04	-
CTRL_SUDBURY_PUMP	grid	0	240	15077.835	15077.046	-0.789	77.84	-
CTRL_SUDBURY_PUMP	grid	0	260	15075.448	15074.399	-1.049	75.45	-
CTRL_SUDBURY_PUMP	grid	0	280	15073.111	15072.887	-0.224	73.11	-
CTRL_SUDBURY_PUMP	grid	0	300	15070.940	15070.273	-0.667	70.94	-
CTRL_SUDBURY_PUMP	grid	0	320	15069.108	15069.003	-0.106	69.11	-
CTRL_SUDBURY_PUMP	grid	0	340	15067.719	15067.170	-0.549	67.72	-
CTRL_SUDBURY_PUMP	grid	0	360	15066.868	15066.931	0.063	66.87	-
CTRL_SUDBURY_PUMP	grid	0	380	15066.598	15066.050	-0.547	66.60	-
CTRL_SUDBURY_PUMP	grid	0	400	15066.884	15066.672	-0.212	66.88	-
CTRL_SUDBURY_PUMP	grid	0	420	15067.660	15067.663	0.003	67.66	-
CTRL_SUDBURY_PUMP	grid	0	440	15068.785	15068.531	-0.255	68.79	-
CTRL_SUDBURY_PUMP	grid	0	460	15070.083	15069.350	-0.733	70.08	-
CTRL_SUDBURY_PUMP	grid	0	480	15071.391	15070.682	-0.709	71.39	-
CTRL_SUDBURY_PUMP	grid	0	500	15072.499	15072.323	-0.177	72.50	-
CTRL_SUDBURY_PUMP	grid	20	-500	15101.366	15101.201	-0.165	101.37	-
CTRL_SUDBURY_PUMP	grid	20	-480	15103.298	15103.193	-0.106	103.30	-
CTRL_SUDBURY_PUMP	grid	20	-460	15105.203	15104.991	-0.212	105.20	-
CTRL_SUDBURY_PUMP	grid	20	-440	15107.012	15106.830	-0.182	107.01	-
CTRL_SUDBURY_PUMP	grid	20	-420	15108.700	15108.189	-0.511	108.70	-
CTRL_SUDBURY_PUMP	grid	20	-400	15110.156	15109.586	-0.570	110.16	-
CTRL_SUDBURY_PUMP	grid	20	-380	15111.320	15111.015	-0.306	111.32	-
CTRL_SUDBURY_PUMP	grid	20	-360	15111.997	15111.519	-0.477	112.00	-
CTRL_SUDBURY_PUMP	grid	20	-340	15112.070	15111.160	-0.909	112.07	-
CTRL_SUDBURY_PUMP	grid	20	-320	15111.296	15110.445	-0.852	111.30	-
CTRL_SUDBURY_PUMP	grid	20	-300	15109.608	15109.181	-0.427	109.61	-
CTRL_SUDBURY_PUMP	grid	20	-280	15106.841	15106.158	-0.683	106.84	-
CTRL_SUDBURY_PUMP	grid	20	-260	15103.087	15102.138	-0.949	103.09	-
CTRL_SUDBURY_PUMP	grid	20	-240	15098.399	15094.671	-3.727	98.40	-
CTRL_SUDBURY_PUMP	grid	20	-220	15093.048	15072.856	-20.193	93.05	-
CTRL_SUDBURY_PUMP	grid	20	-200	15087.309	15059.082	-28.227	87.31	-
CTRL_SUDBURY_PUMP	grid	20	-180	15081.548	15066.565	-14.983	81.55	-
CTRL_SUDBURY_PUMP	grid	20	-160	15076.099	15074.081	-2.018	76.10	-
CTRL_SUDBURY_PUMP	grid	20	-140	15046.669	15064.909	18.240	46.67	-
CTRL_SUDBURY_PUMP	grid	20	-120	15035.228	15053.950	18.722	35.23	-
CTRL_SUDBURY_PUMP	grid	20	-100	15031.995	15046.082	14.087	31.99	-
CTRL_SUDBURY_PUMP	grid	20	-80	15030.726	15038.900	8.174	30.73	-
CTRL_SUDBURY_PUMP	grid	20	-60	15032.127	15042.893	10.766	32.13	-
CTRL_SUDBURY_PUMP	grid	20	-40	15035.728	15052.430	16.701	35.73	-
CTRL_SUDBURY_PUMP	grid	20	-20	15052.605	15053.355	0.750	52.61	-
CTRL_SUDBURY_PUMP	grid	20	0	15067.169	15048.590	-18.579	67.17	-
CTRL_SUDBURY_PUMP	grid	20	20	15070.356	15052.175	-18.182	70.36	-
CTRL_SUDBURY_PUMP	grid	20	40	15073.865	15065.628	-8.237	73.86	-
CTRL_SUDBURY_PUMP	grid	20	60	15077.354	15077.013	-0.341	77.35	-
CTRL_SUDBURY_PUMP	grid	20	80	15080.544	15079.276	-1.268	80.54	-
CTRL_SUDBURY_PUMP	grid	20	100	15083.113	15081.576	-1.537	83.11	-
CTRL_SUDBURY_PUMP	grid	20	120	15084.934	15083.933	-1.001	84.93	-
CTRL_SUDBURY_PUMP	grid	20	140	15085.824	15083.820	-2.004	85.82	-
CTRL_SUDBURY_PUMP	grid	20	160	15085.857	15084.664	-1.194	85.86	-
CTRL_SUDBURY_PUMP	grid	20	180	15085.021	15083.802	-1.219	85.02	-
CTRL_SUDBURY_PUMP	grid	20	200	15083.515	15082.995	-0.520	83.52	-
CTRL_SUDBURY_PUMP	grid	20	220	15081.438	15080.337	-1.101	81.44	-
CTRL_SUDBURY_PUMP	grid	20	240	15079.026	15078.247	-0.779	79.03	-
CTRL_SUDBURY_PUMP	grid	20	260	15076.404	15076.001	-0.403	76.40	-
CTRL_SUDBURY_PUMP	grid	20	280	15073.793	15073.560	-0.233	73.79	-
CTRL_SUDBURY_PUMP	grid	20	300	15071.334	15070.561	-0.772	71.33	-
CTRL_SUDBURY_PUMP	grid	20	320	15069.197	15068.788	-0.410	69.20	-
CTRL_SUDBURY_PUMP	grid	20	340	15067.514	15067.545	0.031	67.51	-
CTRL_SUDBURY_PUMP	grid	20	360	15066.378	15066.476	0.097	66.38	-
CTRL_SUDBURY_PUMP	grid	20	380	15065.857	15065.595	-0.262	65.86	-
CTRL_SUDBURY_PUMP	grid	20	400	15065.919	15065.664	-0.254	65.92	-
CTRL_SUDBURY_PUMP	grid	20	420	15066.497	15066.431	-0.065	66.50	-
CTRL_SUDBURY_PUMP	grid	20	440	15067.450	15067.105	-0.345	67.45	-
CTRL_SUDBURY_PUMP	grid	20	460	15068.587	15068.312	-0.275	68.59	-
CTRL_SUDBURY_PUMP	grid	20	480	15069.753	15069.406	-0.347	69.75	-
CTRL_SUDBURY_PUMP	grid	20	500	15070.738	15070.282	-0.456	70.74	-
CTRL_SUDBURY_PUMP	grid	40	-500	15104.015	15103.741	-0.273	104.01	-
CTRL_SUDBURY_PUMP	grid	40	-480	15105.945	15105.666	-0.279	105.94	-
CTRL_SUDBURY_PUMP	grid	40	-460	15107.824	15107.704	-0.120	107.82	-
CTRL_SUDBURY_PUMP	grid	40	-440	15109.598	15109.373	-0.225	109.60	-
CTRL_SUDBURY_PUMP	grid	40	-420	15111.230	15110.733	-0.497	111.23	-
CTRL_SUDBURY_PUMP	grid	40	-400	15112.632	15112.125	-0.507	112.63	-
CTRL_SUDBURY_PUMP	grid	40	-380	15113.729	15113.356	-0.373	113.73	-
CTRL_SUDBURY_PUMP	grid	40	-360	15114.329	15113.631	-0.698	114.33	-
CTRL_SUDBURY_PUMP	grid	40	-340	15114.324	15113.501	-0.823	114.32	-
CTRL_SUDBURY_PUMP	grid	40	-320	15113.456	15113.119	-0.337	113.46	-
CTRL_SUDBURY_PUMP	grid	40	-300	15111.683	15110.886	-0.798	111.68	-
CTRL_SUDBURY_PUMP	grid	40	-280	15108.809	15108.135	-0.674	108.81	-
CTRL_SUDBURY_PUMP	grid	40	-260	15104.990	15104.167	-0.823	104.99	-
CTRL_SUDBURY_PUMP	grid	40	-240	15100.221	15100.117	-0.104	100.22	-
CTRL_SUDBURY_PUMP	grid	40	-220	15094.848	15090.211	-4.637	94.85	-
CTRL_SUDBURY_PUMP	grid	40	-200	15089.099	15075.779	-13.320	89.10	-
CTRL_SUDBURY_PUMP	grid	40	-180	15083.346	15077.333	-6.014	83.35	-
CTRL_SUDBURY_PUMP	grid	40	-160	15077.936	15078.067	0.132	77.94	-
CTRL_SUDBURY_PUMP	grid	40	-140	15073.130	15073.693	0.563	73.13	-
CTRL_SUDBURY_PUMP	grid	40	-120	15069.222	15068.109	-1.113	69.22	-
CTRL_SUDBURY_PUMP	grid	40	-100	15066.078	15059.065	-7.013	66.08	-
CTRL_SUDBURY_PUMP	grid	40	-80	15063.325	15051.487	-11.838	63.32	-
CTRL_SUDBURY_PUMP	grid	40	-60	15063.744	15050.316	-13.428	63.74	-
CTRL_SUDBURY_PUMP	grid	40	-40	15064.633	15059.937	-4.696	64.63	-
CTRL_SUDBURY_PUMP	grid	40	-20	15066.252	15066.228	-0.023	66.25	-
CTRL_SUDBURY_PUMP	grid	40	0	15068.740	15061.866	-6.875	68.74	-
CTRL_SUDBURY_PUMP	grid	40	20	15071.838	15060.095	-11.743	71.84	-
CTRL_SUDBURY_PUMP	grid	40	40	15075.254	15073.562	-1.692	75.25	-
CTRL_SUDBURY_PUMP	grid	40	60	15078.667	15068.571	-10.096	78.67	-
CTRL_SUDBURY_PUMP	grid	40	80	15081.767	15079.612	-2.154	81.77	-
CTRL_SUDBURY_PUMP	grid	40	100	15084.280	15083.335	-0.945	84.28	-
CTRL_SUDBURY_PUMP	grid	40	120	15086.013	15084.176	-1.837	86.01	-
CTRL_SUDBURY_PUMP	grid	40	140	15086.867	15081.395	-5.471	86.87	-
CTRL_SUDBURY_PUMP	grid	40	160	15086.814	15082.642	-4.172	86.81	-
CTRL_SUDBURY_PUMP	grid	40	180	15085.925	15084.824	-1.101	85.93	-
CTRL_SUDBURY_PUMP	grid	40	200	15084.314	15083.596	-0.718	84.31	-
CTRL_SUDBURY_PUMP	grid	40	220	15082.136	15080.937	-1.199	82.14	-
CTRL_SUDBURY_PUMP	grid	40	240	15079.561	15078.666	-0.895	79.56	-
CTRL_SUDBURY_PUMP	grid	40	260	15076.771	15076.453	-0.318	76.77	-
CTRL_SUDBURY_PUMP	grid	40	280	15073.942	15073.607	-0.335	73.94	-
CTRL_SUDBURY_PUMP	grid	40	300	15071.247	15070.890	-0.357	71.25	-
CTRL_SUDBURY_PUMP	grid	40	320	15068.859	15068.600	-0.259	68.86	-
CTRL_SUDBURY_PUMP	grid	40	340	15066.924	15066.865	-0.059	66.92	-
CTRL_SUDBURY_PUMP	grid	40	360	15065.549	15065.296	-0.253	65.55	-
CTRL_SUDBURY_PUMP	grid	40	380	15064.795	15064.915	0.120	64.80	-
CTRL_SUDBURY_PUMP	grid	40	400	15064.644	15064.683	0.040	64.64	-
CTRL_SUDBURY_PUMP	grid	40	420	15065.015	15064.923	-0.092	65.02	-
CTRL_SUDBURY_PUMP	grid	40	440	15065.770	15065.293	-0.477	65.77	-
CTRL_SUDBURY_PUMP	grid	40	460	15066.736	15066.578	-0.158	66.74	-
CTRL_SUDBURY_PUMP	grid	40	480	15067.738	15067.661	-0.077	67.74	-
CTRL_SUDBURY_PUMP	grid	40	500	15068.614	15068.268	-0.346	68.61	-
CTRL_SUDBURY_PUMP	grid	60	-500	15106.513	15106.310	-0.204	106.51	-
CTRL_SUDBURY_PUMP	grid	60	-480	15108.407	15108.167	-0.240	108.41	-
CTRL_SUDBURY_PUMP	grid	60	-460	15110.220	15109.926	-0.294	110.22	-
CTRL_SUDBURY_PUMP	grid	60	-440	15111.926	15111.384	-0.542	111.93	-
CTRL_SUDBURY_PUMP	grid	60	-420	15113.477	15113.080	-0.397	113.48	-
CTRL_SUDBURY_PUMP	grid	60	-400	15114.808	15114.693	-0.115	114.81	-
CTRL_SUDBURY_PUMP	grid	60	-380	15115.812	15115.196	-0.616	115.81	-
CTRL_SUDBURY_PUMP	grid	60	-360	15116.345	15115.599	-0.746	116.34	-
CTRL_SUDBURY_PUMP	grid	60	-340	15116.239	15115.508	-0.730	116.24	-
CTRL_SUDBURY_PUMP	grid	60	-320	15115.305	15114.979	-0.326	115.30	-
CTRL_SUDBURY_PUMP	grid	60	-300	15113.432	15112.539	-0.893	113.43	-
CTRL_SUDBURY_PUMP	grid	60	-280	15110.519	15109.788	-0.730	110.52	-
CTRL_SUDBURY_PUMP	grid	60	-260	15106.634	15106.203	-0.431	106.63	-
CTRL_SUDBURY_PUMP	grid	60	-240	15101.874	15101.540	-0.334	101.87	-
CTRL_SUDBURY_PUMP	grid	60	-220	15096.503	15096.285	-0.218	96.50	-
CTRL_SUDBURY_PUMP	grid	60	-200	15090.806	15090.711	-0.095	90.81	-
CTRL_SUDBURY_PUMP	grid	60	-180	15085.110	15085.230	0.120	85.11	-
CTRL_SUDBURY_PUMP	grid	60	-160	15079.758	15080.085	0.327	79.76	-
CTRL_SUDBURY_PUMP	grid	60	-140	15074.989	15075.344	0.355	74.99	-
CTRL_SUDBURY_PUMP	grid	60	-120	15071.097	15071.473	0.376	71.10	-
CTRL_SUDBURY_PUMP	grid	60	-100	15068.154	15068.388	0.233	68.15	-
CTRL_SUDBURY_PUMP	grid	60	-80	15066.368	15064.122	-2.246	66.37	-
CTRL_SUDBURY_PUMP	grid	60	-60	15065.659	15057.774	-7.885	65.66	-
CTRL_SUDBURY_PUMP	grid	60	-40	15066.112	15066.347	0.235	66.11	-
CTRL_SUDBURY_PUMP	grid	60	-20	15067.535	15066.895	-0.640	67.54	-
CTRL_SUDBURY_PUMP	grid	60	0	15069.832	15069.771	-0.061	69.83	-
CTRL_SUDBURY_PUMP	grid	60	20	15072.732	15070.850	-1.882	72.73	-
CTRL_SUDBURY_PUMP	grid	60	40	15075.952	15069.152	-6.800	75.95	-
CTRL_SUDBURY_PUMP	grid	60	60	15079.209	15060.356	-18.853	79.21	-
CTRL_SUDBURY_PUMP	grid	60	80	15082.140	15066.040	-16.100	82.14	-
CTRL_SUDBURY_PUMP	grid	60	100	15083.036	15077.104	-5.932	83.04	-
CTRL_SUDBURY_PUMP	grid	60	120	15086.185	15082.358	-3.827	86.18	-
CTRL_SUDBURY_PUMP	grid	60	140	15086.999	15079.578	-7.422	87.00	-
CTRL_SUDBURY_PUMP	grid	60	160	15086.889	15079.336	-7.553	86.89	-
CTRL_SUDBURY_PUMP	grid	60	180	15085.987	15082.025	-3.962	85.99	-
CTRL_SUDBURY_PUMP	grid	60	200	15084.325	15083.314	-1.011	84.33	-
CTRL_SUDBURY_PUMP	grid	60	220	15082.103	15081.517	-0.586	82.10	-
CTRL_SUDBURY_PUMP	grid	60	240	15079.440	15079.112	-0.328	79.44	-
CTRL_SUDBURY_PUMP	grid	60	260	15076.541	15075.955	-0.586	76.54	-
CTRL_SUDBURY_PUMP	grid	60	280	15073.564	15072.816	-0.748	73.56	-
CTRL_SUDBURY_PUMP	grid	60	300	15070.709	15070.479	-0.231	70.71	-
CTRL_SUDBURY_PUMP	grid	60	320	15068.144	15068.143	-0.001	68.14	-
CTRL_SUDBURY_PUMP	grid	60	340	15066.019	15066.108	0.089	66.02	-
CTRL_SUDBURY_PUMP	grid	60	360	15064.460	15064.040	-0.419	64.46	-
CTRL_SUDBURY_PUMP	grid	60	380	15063.502	15063.652	0.150	63.50	-
CTRL_SUDBURY_PUMP	grid	60	400	15063.158	15063.116	-0.041	63.16	-
CTRL_SUDBURY_PUMP	grid	60	420	15063.329	15063.406	0.077	63.33	-
CTRL_SUDBURY_PUMP	grid	60	440	15063.892	15063.706	-0.187	63.89	-
CTRL_SUDBURY_PUMP	grid	60	460	15064.683	15064.729	0.046	64.68	-
CTRL_SUDBURY_PUMP	grid	60	480	15065.539	15065.496	-0.042	65.54	-
CTRL_SUDBURY_PUMP	grid	60	500	15066.326	15066.183	-0.144	66.33	-
CTRL_SUDBURY_PUMP	grid	80	-500	15108.829	15108.626	-0.203	108.83	-
CTRL_SUDBURY_PUMP	grid	80	-480	15110.651	15110.587	-0.064	110.65	-
CTRL_SUDBURY_PUMP	grid	80	-460	15112.365	15112.001	-0.364	112.37	-
CTRL_SUDBURY_PUMP	grid	80	-440	15113.981	15113.409	-0.572	113.98	-
CTRL_SUDBURY_PUMP	grid	80	-420	15115.424	15115.078	-0.346	115.42	-
CTRL_SUDBURY_PUMP	grid	80	-400	15116.667	15116.259	-0.408	116.67	-
CTRL_SUDBURY_PUMP	grid	80	-380	15117.575	15116.940	-0.635	117.57	-
CTRL_SUDBURY_PUMP	grid	80	-360	15118.039	15117.466	-0.573	118.04	-
CTRL_SUDBURY_PUMP	grid	80	-340	15117.843	15117.512	-0.331	117.84	-
CTRL_SUDBURY_PUMP	grid	80	-320	15116.865	15116.127	-0.738	116.86	-
CTRL_SUDBURY_PUMP	grid	80	-300	15114.925	15114.093	-0.832	114.92	-
CTRL_SUDBURY_PUMP	grid	80	-280	15112.006	15111.413	-0.594	112.01	-
CTRL_SUDBURY_PUMP	grid	80	-260	15108.111	15107.846	-0.266	108.11	-
CTRL_SUDBURY_PUMP	grid	80	-240	15103.403	15102.990	-0.413	103.40	-
CTRL_SUDBURY_PUMP	grid	80	-220	15098.096	15097.969	-0.127	98.10	-
CTRL_SUDBURY_PUMP	grid	80	-200	15092.493	15092.393	-0.100	92.49	-
CTRL_SUDBURY_PUMP	grid	80	-180	15086.897	15087.139	0.242	86.90	-
CTRL_SUDBURY_PUMP	grid	80	-160	15081.618	15082.123	0.506	81.62	-
CTRL_SUDBURY_PUMP	grid	80	-140	15076.909	15077.021	0.112	76.91	-
CTRL_SUDBURY_PUMP	grid	80	-120	15072.991	15073.358	0.367	72.99	-
CTRL_SUDBURY_PUMP	grid	80	-100	15069.995	15070.078	0.083	70.00	-
CTRL_SUDBURY_PUMP	grid	80	-80	15068.051	15068.597	0.547	68.05	-
CTRL_SUDBURY_PUMP	grid	80	-60	15067.162	15067.371	0.209	67.16	-
CTRL_SUDBURY_PUMP	grid	80	-40	15067.352	15067.506	0.154	67.35	-
CTRL_SUDBURY_PUMP	grid	80	-20	15068.507	15068.054	-0.453	68.51	-
CTRL_SUDBURY_PUMP	grid	80	0	15070.500	15070.202	-0.298	70.50	-
CTRL_SUDBURY_PUMP	grid	80	20	15073.106	15070.402	-2.704	73.11	-
CTRL_SUDBURY_PUMP	grid	80	40	15069.877	15061.744	-8.132	69.88	-
CTRL_SUDBURY_PUMP	grid	80	60	15058.419	15052.828	-5.591	58.42	-
CTRL_SUDBURY_PUMP	grid	80	80	15042.525	15052.518	9.993	42.52	-
CTRL_SUDBURY_PUMP	grid	80	100	15040.886	15061.688	20.802	40.89	-
CTRL_SUDBURY_PUMP	grid	80	120	15040.980	15068.755	27.775	40.98	-
CTRL_SUDBURY_PUMP	grid	80	140	15058.762	15073.073	14.311	58.76	-
CTRL_SUDBURY_PUMP	grid	80	160	15080.147	15076.204	-3.943	80.15	-
CTRL_SUDBURY_PUMP	grid	80	180	15085.289	15079.585	-5.704	85.29	-
CTRL_SUDBURY_PUMP	grid	80	200	15083.622	15082.465	-1.157	83.62	-
CTRL_SUDBURY_PUMP	grid	80	220	15081.408	15080.669	-0.739	81.41	-
CTRL_SUDBURY_PUMP	grid	80	240	15078.714	15078.329	-0.385	78.71	-
CTRL_SUDBURY_PUMP	grid	80	260	15075.773	15075.485	-0.288	75.77	-
CTRL_SUDBURY_PUMP	grid	80	280	15072.730	15072.156	-0.575	72.73	-
CTRL_SUDBURY_PUMP	grid	80	300	15069.787	15069.715	-0.072	69.79	-
CTRL_SUDBURY_PUMP	grid	80	320	15067.124	15066.974	-0.150	67.12	-
CTRL_SUDBURY_PUMP	grid	80	340	15064.878	15065.043	0.164	64.88	-
CTRL_SUDBURY_PUMP	grid	80	360	15063.192	15063.310	0.118	63.19	-
CTRL_SUDBURY_PUMP	grid	80	380	15062.086	15062.312	0.226	62.09	-
CTRL_SUDBURY_PUMP	grid	80	400	15061.581	15061.699	0.119	61.58	-
CTRL_SUDBURY_PUMP	grid	80	420	15061.568	15061.690	0.122	61.57	-
CTRL_SUDBURY_PUMP	grid	80	440	15061.958	15062.106	0.148	61.96	-
CTRL_SUDBURY_PUMP	grid	80	460	15062.586	15062.590	0.004	62.59	-
CTRL_SUDBURY_PUMP	grid	80	480	15063.329	15063.357	0.028	63.33	-
CTRL_SUDBURY_PUMP	grid	80	500	15064.062	15064.090	0.028	64.06	-
CTRL_SUDBURY_PUMP	grid	100	-500	15110.939	15110.794	-0.145	110.94	-
CTRL_SUDBURY_PUMP	grid	100	-480	15112.650	15112.230	-0.420	112.65	-
CTRL_SUDBURY_PUMP	grid	100	-460	15114.245	15113.820	-0.425	114.25	-
CTRL_SUDBURY_PUMP	grid	100	-440	15115.737	15115.512	-0.225	115.74	-
CTRL_SUDBURY_PUMP	grid	100	-420	15117.066	15116.854	-0.212	117.07	-
CTRL_SUDBURY_PUMP	grid	100	-400	15118.212	15117.628	-0.584	118.21	-
CTRL_SUDBURY_PUMP	grid	100	-380	15119.019	15118.356	-0.663	119.02	-
CTRL_SUDBURY_PUMP	grid	100	-360	15119.415	15119.026	-0.389	119.42	-
CTRL_SUDBURY_PUMP	grid	100	-340	15119.149	15118.671	-0.478	119.15	-
CTRL_SUDBURY_PUMP	grid	100	-320	15118.153	15117.301	-0.852	118.15	-
CTRL_SUDBURY_PUMP	grid	100	-300	15116.189	15115.672	-0.516	116.19	-
CTRL_SUDBURY_PUMP	grid	100	-280	15113.311	15112.864	-0.447	113.31	-
CTRL_SUDBURY_PUMP	grid	100	-260	15109.467	15109.341	-0.126	109.47	-
CTRL_SUDBURY_PUMP	grid	100	-240	15104.866	15104.473	-0.393	104.87	-
CTRL_SUDBURY_PUMP	grid	100	-220	15099.685	15099.639	-0.046	99.68	-
CTRL_SUDBURY_PUMP	grid	100	-200	15094.216	15094.279	0.063	94.22	-
CTRL_SUDBURY_PUMP	grid	100	-180	15088.758	15089.019	0.261	88.76	-
CTRL_SUDBURY_PUMP	grid	100	-160	15083.565	15083.965	0.400	83.56	-
CTRL_SUDBURY_PUMP	grid	100	-140	15078.909	15079.015	0.106	78.91	-
CTRL_SUDBURY_PUMP	grid	100	-120	15074.942	15075.453	0.511	74.94	-
CTRL_SUDBURY_PUMP	grid	100	-100	15071.850	15072.172	0.322	71.85	-
CTRL_SUDBURY_PUMP	grid	100	-80	15069.696	15070.087	0.392	69.70	-
CTRL_SUDBURY_PUMP	grid	100	-60	15068.558	15068.774	0.216	68.56	-
CTRL_SUDBURY_PUMP	grid	100	-40	15068.412	15068.410	-0.003	68.41	-
CTRL_SUDBURY_PUMP	grid	100	-20	15069.210	15069.225	0.014	69.21	-
CTRL_SUDBURY_PUMP	grid	100	0	15070.814	15070.660	-0.154	70.81	-
CTRL_SUDBURY_PUMP	grid	100	20	15049.895	15063.066	13.171	49.90	-
CTRL_SUDBURY_PUMP	grid	100	40	15040.854	15054.700	13.846	40.85	-
CTRL_SUDBURY_PUMP	grid	100	60	15040.323	15045.660	5.338	40.32	-
CTRL_SUDBURY_PUMP	grid	100	80	15040.003	15040.076	0.073	40.00	-
CTRL_SUDBURY_PUMP	grid	100	100	15039.927	15046.304	6.378	39.93	-
CTRL_SUDBURY_PUMP	grid	100	120	15040.096	15054.591	14.495	40.10	-
CTRL_SUDBURY_PUMP	grid	100	140	15040.475	15058.901	18.426	40.47	-
CTRL_SUDBURY_PUMP	grid	100	160	15041.057	15065.602	24.545	41.06	-
CTRL_SUDBURY_PUMP	grid	100	180	15081.563	15074.712	-6.852	81.56	-
CTRL_SUDBURY_PUMP	grid	100	200	15082.266	15080.580	-1.686	82.27	-
CTRL_SUDBURY_PUMP	grid	100	220	15080.084	15079.589	-0.495	80.08	-
CTRL_SUDBURY_PUMP	grid	100	240	15077.447	15076.783	-0.664	77.45	-
CTRL_SUDBURY_PUMP	grid	100	260	15074.530	15074.050	-0.480	74.53	-
CTRL_SUDBURY_PUMP	grid	100	280	15071.511	15071.365	-0.146	71.51	-
CTRL_SUDBURY_PUMP	grid	100	300	15068.569	15068.679	0.110	68.57	-
CTRL_SUDBURY_PUMP	grid	100	320	15065.895	15065.928	0.033	65.90	-
CTRL_SUDBURY_PUMP	grid	100	340	15063.615	15063.691	0.076	63.62	-
CTRL_SUDBURY_PUMP	grid	100	360	15061.866	15062.031	0.165	61.87	-
CTRL_SUDBURY_PUMP	grid	100	380	15060.662	15060.948	0.287	60.66	-
CTRL_SUDBURY_PUMP	grid	100	400	15060.029	15060.309	0.280	60.03	-
CTRL_SUDBURY_PUMP	grid	100	420	15059.872	15060.002	0.130	59.87	-
CTRL_SUDBURY_PUMP	grid	100	440	15060.108	15060.432	0.324	60.11	-
CTRL_SUDBURY_PUMP	grid	100	460	15060.604	15060.905	0.301	60.60	-
CTRL_SUDBURY_PUMP	grid	100	480	15061.270	15061.419	0.149	61.27	-
CTRL_SUDBURY_PUMP	grid	100	500	15061.999	15062.024	0.025	62.00	-
CTRL_SUDBURY_PUMP	grid	120	-500	15112.825	15112.620	-0.205	112.82	-
CTRL_SUDBURY_PUMP	grid	120	-480	15114.396	15113.910	-0.485	114.40	-
CTRL_SUDBURY_PUMP	grid	120	-460	15115.865	15115.388	-0.476	115.86	-
CTRL_SUDBURY_PUMP	grid	120	-440	15117.219	15117.109	-0.109	117.22	-
CTRL_SUDBURY_PUMP	grid	120	-420	15118.433	15118.059	-0.374	118.43	-
CTRL_SUDBURY_PUMP	grid	120	-400	15119.459	15119.024	-0.435	119.46	-
CTRL_SUDBURY_PUMP	grid	120	-380	15120.191	15119.800	-0.391	120.19	-
CTRL_SUDBURY_PUMP	grid	120	-360	15120.504	15120.070	-0.434	120.50	-
CTRL_SUDBURY_PUMP	grid	120	-340	15120.214	15119.757	-0.457	120.21	-
CTRL_SUDBURY_PUMP	grid	120	-320	15119.190	15118.436	-0.754	119.19	-
CTRL_SUDBURY_PUMP	grid	120	-300	15117.273	15117.141	-0.131	117.27	-
CTRL_SUDBURY_PUMP	grid	120	-280	15114.462	15113.942	-0.520	114.46	-
CTRL_SUDBURY_PUMP	grid	120	-260	15110.745	15110.527	-0.217	110.74	-
CTRL_SUDBURY_PUMP	grid	120	-240	15106.302	15105.997	-0.305	106.30	-
CTRL_SUDBURY_PUMP	grid	120	-220	15101.305	15101.234	-0.070	101.30	-
CTRL_SUDBURY_PUMP	grid	120	-200	15096.022	15096.210	0.188	96.02	-
CTRL_SUDBURY_PUMP	grid	120	-180	15090.725	15090.953	0.228	90.72	-
CTRL_SUDBURY_PUMP	grid	120	-160	15085.635	15085.833	0.198	85.63	-
CTRL_SUDBURY_PUMP	grid	120	-140	15081.023	15081.288	0.266	81.02	-
CTRL_SUDBURY_PUMP	grid	120	-120	15076.994	15077.388	0.394	76.99	-
CTRL_SUDBURY_PUMP	grid	120	-100	15073.766	15074.224	0.458	73.77	-
CTRL_SUDBURY_PUMP	grid	120	-80	15071.361	15071.569	0.208	71.36	-
CTRL_SUDBURY_PUMP	grid	120	-60	15069.908	15070.171	0.263	69.91	-
CTRL_SUDBURY_PUMP	grid	120	-40	15069.368	15069.152	-0.215	69.37	-
CTRL_SUDBURY_PUMP	grid	120	-20	15069.730	15069.967	0.237	69.73	-
CTRL_SUDBURY_PUMP	grid	120	0	15057.572	15064.364	6.792	57.57	-
CTRL_SUDBURY_PUMP	grid	120	20	15040.578	15055.765	15.187	40.58	-
CTRL_SUDBURY_PUMP	grid	120	40	15039.864	15047.626	7.762	39.86	-
CTRL_SUDBURY_PUMP	grid	120	60	15039.302	15039.377	0.075	39.30	-
CTRL_SUDBURY_PUMP	grid	120	80	15038.993	15039.149	0.156	38.99	-
CTRL_SUDBURY_PUMP	grid	120	100	15038.994	15039.232	0.239	38.99	-
CTRL_SUDBURY_PUMP	grid	120	120	15039.266	15039.406	0.140	39.27	-
CTRL_SUDBURY_PUMP	grid	120	140	15039.798	15046.270	6.472	39.80	-
CTRL_SUDBURY_PUMP	grid	120	160	15040.497	15053.482	12.985	40.50	-
CTRL_SUDBURY_PUMP	grid	120	180	15042.148	15061.953	19.804	42.15	-
CTRL_SUDBURY_PUMP	grid	120	200	15080.330	15071.282	-9.048	80.33	-
CTRL_SUDBURY_PUMP	grid	120	220	15078.237	15077.031	-1.206	78.24	-
CTRL_SUDBURY_PUMP	grid	120	240	15075.717	15075.264	-0.453	75.72	-
CTRL_SUDBURY_PUMP	grid	120	260	15072.911	15072.512	-0.399	72.91	-
CTRL_SUDBURY_PUMP	grid	120	280	15070.001	15069.855	-0.146	70.00	-
CTRL_SUDBURY_PUMP	grid	120	300	15067.161	15067.296	0.136	67.16	-
CTRL_SUDBURY_PUMP	grid	120	320	15064.562	15064.830	0.267	64.56	-
CTRL_SUDBURY_PUMP	grid	120	340	15062.335	15062.367	0.032	62.34	-
CTRL_SUDBURY_PUMP	grid	120	360	15060.587	15060.940	0.353	60.59	-
CTRL_SUDBURY_PUMP	grid	120	380	15059.351	15059.657	0.307	59.35	-
CTRL_SUDBURY_PUMP	grid	120	400	15058.627	15059.003	0.376	58.63	-
CTRL_SUDBURY_PUMP	grid	120	420	15058.361	15058.476	0.115	58.36	-
CTRL_SUDBURY_PUMP	grid	120	440	15058.476	15058.790	0.314	58.48	-
CTRL_SUDBURY_PUMP	grid	120	460	15058.886	15059.260	0.374	58.89	-
CTRL_SUDBURY_PUMP	grid	120	480	15059.512	15059.771	0.259	59.51	-
CTRL_SUDBURY_PUMP	grid	120	500	15060.291	15060.787	0.496	60.29	-
CTRL_SUDBURY_PUMP	grid	140	-500	15114.463	15114.010	-0.452	114.46	-
CTRL_SUDBURY_PUMP	grid	140	-480	15115.892	15115.579	-0.312	115.89	-
CTRL_SUDBURY_PUMP	grid	140	-460	15117.224	15116.984	-0.240	117.22	-
CTRL_SUDBURY_PUMP	grid	140	-440	15118.436	15118.135	-0.302	118.44	-
CTRL_SUDBURY_PUMP	grid	140	-420	15119.539	15118.997	-0.542	119.54	-
CTRL_SUDBURY_PUMP	grid	140	-400	15120.456	15120.040	-0.415	120.46	-
CTRL_SUDBURY_PUMP	grid	140	-380	15121.122	15121.039	-0.083	121.12	-
CTRL_SUDBURY_PUMP	grid	140	-360	15121.373	15120.863	-0.510	121.37	-
CTRL_SUDBURY_PUMP	grid	140	-340	15121.082	15120.580	-0.502	121.08	-
CTRL_SUDBURY_PUMP	grid	140	-320	15120.068	15119.549	-0.519	120.07	-
CTRL_SUDBURY_PUMP	grid	140	-300	15118.243	15117.929	-0.314	118.24	-
CTRL_SUDBURY_PUMP	grid	140	-280	15115.539	15115.092	-0.446	115.54	-
CTRL_SUDBURY_PUMP	grid	140	-260	15112.005	15111.632	-0.373	112.01	-
CTRL_SUDBURY_PUMP	grid	140	-240	15107.759	15107.549	-0.209	107.76	-
CTRL_SUDBURY_PUMP	grid	140	-220	15102.993	15102.956	-0.037	102.99	-
CTRL_SUDBURY_PUMP	grid	140	-200	15097.928	15098.147	0.219	97.93	-
CTRL_SUDBURY_PUMP	grid	140	-180	15092.807	15092.898	0.091	92.81	-
CTRL_SUDBURY_PUMP	grid	140	-160	15087.843	15087.988	0.145	87.84	-
CTRL_SUDBURY_PUMP	grid	140	-140	15083.249	15083.589	0.340	83.25	-
CTRL_SUDBURY_PUMP	grid	140	-120	15079.164	15079.331	0.166	79.16	-
CTRL_SUDBURY_PUMP	grid	140	-100	15075.752	15076.165	0.413	75.75	-
CTRL_SUDBURY_PUMP	grid	140	-80	15073.086	15072.994	-0.092	73.09	-
CTRL_SUDBURY_PUMP	grid	140	-60	15071.268	15071.585	0.317	71.27	-
CTRL_SUDBURY_PUMP	grid	140	-40	15070.296	15070.225	-0.071	70.30	-
CTRL_SUDBURY_PUMP	grid	140	-20	15057.349	15067.319	9.970	57.35	-
CTRL_SUDBURY_PUMP	grid	140	0	15040.574	15058.119	17.544	40.57	-
CTRL_SUDBURY_PUMP	grid	140	20	15039.659	15049.313	9.654	39.66	-
CTRL_SUDBURY_PUMP	grid	140	40	15038.886	15040.669	1.783	38.89	-
CTRL_SUDBURY_PUMP	grid	140	60	15038.287	15038.519	0.232	38.29	-
CTRL_SUDBURY_PUMP	grid	140	80	15037.985	15038.292	0.307	37.99	-
CTRL_SUDBURY_PUMP	grid	140	100	15038.104	15038.269	0.166	38.10	-
CTRL_SUDBURY_PUMP	grid	140	120	15038.531	15038.544	0.013	38.53	-
CTRL_SUDBURY_PUMP	grid	140	140	15039.225	15039.219	-0.006	39.23	-
CTRL_SUDBURY_PUMP	grid	140	160	15039.948	15041.408	1.461	39.95	-
CTRL_SUDBURY_PUMP	grid	140	180	15040.658	15049.242	8.584	40.66	-
CTRL_SUDBURY_PUMP	grid	140	200	15048.205	15057.557	9.351	48.21	-
CTRL_SUDBURY_PUMP	grid	140	220	15075.939	15064.554	-11.385	75.94	-
CTRL_SUDBURY_PUMP	grid	140	240	15073.603	15068.025	-5.578	73.60	-
CTRL_SUDBURY_PUMP	grid	140	260	15071.002	15071.006	0.005	71.00	-
CTRL_SUDBURY_PUMP	grid	140	280	15068.296	15068.395	0.100	68.30	-
CTRL_SUDBURY_PUMP	grid	140	300	15065.660	15065.812	0.152	65.66	-
CTRL_SUDBURY_PUMP	grid	140	320	15063.223	15063.344	0.121	63.22	-
CTRL_SUDBURY_PUMP	grid	140	340	15061.139	15061.333	0.194	61.14	-
CTRL_SUDBURY_PUMP	grid	140	360	15059.448	15059.878	0.430	59.45	-
CTRL_SUDBURY_PUMP	grid	140	380	15058.234	15058.543	0.310	58.23	-
CTRL_SUDBURY_PUMP	grid	140	400	15057.458	15057.739	0.282	57.46	-
CTRL_SUDBURY_PUMP	grid	140	420	15057.120	15057.530	0.411	57.12	-
CTRL_SUDBURY_PUMP	grid	140	440	15057.145	15057.550	0.405	57.14	-
CTRL_SUDBURY_PUMP	grid	140	460	15057.506	15057.679	0.173	57.51	-
CTRL_SUDBURY_PUMP	grid	140	480	15058.130	15058.406	0.275	58.13	-
CTRL_SUDBURY_PUMP	grid	140	500	15059.000	15059.689	0.689	59.00	-
CTRL_SUDBURY_PUMP	grid	160	-500	15115.831	15115.254	-0.576	115.83	-
CTRL_SUDBURY_PUMP	grid	160	-480	15117.128	15116.811	-0.317	117.13	-
CTRL_SUDBURY_PUMP	grid	160	-460	15118.323	15118.133	-0.191	118.32	-
CTRL_SUDBURY_PUMP	grid	160	-440	15119.407	15119.145	-0.262	119.41	-
CTRL_SUDBURY_PUMP	grid	160	-420	15120.401	15120.008	-0.394	120.40	-
CTRL_SUDBURY_PUMP	grid	160	-400	15121.227	15121.004	-0.223	121.23	-
CTRL_SUDBURY_PUMP	grid	160	-380	15121.839	15121.496	-0.343	121.84	-
CTRL_SUDBURY_PUMP	grid	160	-360	15122.055	15121.545	-0.510	122.06	-
CTRL_SUDBURY_PUMP	grid	160	-340	15121.789	15121.367	-0.422	121.79	-
CTRL_SUDBURY_PUMP	grid	160	-320	15120.831	15120.545	-0.286	120.83	-
CTRL_SUDBURY_PUMP	grid	160	-300	15119.129	15118.661	-0.468	119.13	-
CTRL_SUDBURY_PUMP	grid	160	-280	15116.580	15116.320	-0.260	116.58	-
CTRL_SUDBURY_PUMP	grid	160	-260	15113.273	15112.851	-0.422	113.27	-
CTRL_SUDBURY_PUMP	grid	160	-240	15109.266	15109.282	0.016	109.27	-
CTRL_SUDBURY_PUMP	grid	160	-220	15104.757	15104.705	-0.052	104.76	-
CTRL_SUDBURY_PUMP	grid	160	-200	15099.928	15100.111	0.183	99.93	-
CTRL_SUDBURY_PUMP	grid	160	-180	15094.992	15094.942	-0.051	94.99	-
CTRL_SUDBURY_PUMP	grid	160	-160	15090.148	15090.267	0.119	90.15	-
CTRL_SUDBURY_PUMP	grid	160	-140	15085.569	15085.880	0.311	85.57	-
CTRL_SUDBURY_PUMP	grid	160	-120	15081.416	15081.542	0.126	81.42	-
CTRL_SUDBURY_PUMP	grid	160	-100	15077.812	15078.111	0.300	77.81	-
CTRL_SUDBURY_PUMP	grid	160	-80	15074.869	15074.935	0.066	74.87	-
CTRL_SUDBURY_PUMP	grid	160	-60	15072.664	15072.986	0.321	72.66	-
CTRL_SUDBURY_PUMP	grid	160	-40	15071.234	15071.281	0.047	71.23	-
CTRL_SUDBURY_PUMP	grid	160	-20	15040.814	15061.127	20.314	40.81	-
CTRL_SUDBURY_PUMP	grid	160	0	15039.771	15051.928	12.158	39.77	-
CTRL_SUDBURY_PUMP	grid	160	20	15038.791	15042.984	4.193	38.79	-
CTRL_SUDBURY_PUMP	grid	160	40	15037.932	15038.066	0.133	37.93	-
CTRL_SUDBURY_PUMP	grid	160	60	15037.274	15037.488	0.214	37.27	-
CTRL_SUDBURY_PUMP	grid	160	80	15037.020	15037.408	0.388	37.02	-
CTRL_SUDBURY_PUMP	grid	160	100	15037.309	15037.333	0.024	37.31	-
CTRL_SUDBURY_PUMP	grid	160	120	15037.975	15037.938	-0.037	37.97	-
CTRL_SUDBURY_PUMP	grid	160	140	15038.681	15038.611	-0.070	38.68	-
CTRL_SUDBURY_PUMP	grid	160	160	15039.441	15039.315	-0.125	39.44	-
CTRL_SUDBURY_PUMP	grid	160	180	15039.986	15039.942	-0.044	39.99	-
CTRL_SUDBURY_PUMP	grid	160	200	15040.578	15043.805	3.227	40.58	-
CTRL_SUDBURY_PUMP	grid	160	220	15041.038	15051.598	10.560	41.04	-
CTRL_SUDBURY_PUMP	grid	160	240	15043.251	15055.590	12.339	43.25	-
CTRL_SUDBURY_PUMP	grid	160	260	15055.737	15061.116	5.379	55.74	-
CTRL_SUDBURY_PUMP	grid	160	280	15066.514	15063.968	-2.546	66.51	-
CTRL_SUDBURY_PUMP	grid	160	300	15064.170	15064.380	0.210	64.17	-
CTRL_SUDBURY_PUMP	grid	160	320	15061.974	15062.058	0.084	61.97	-
CTRL_SUDBURY_PUMP	grid	160	340	15060.086	15060.470	0.384	60.09	-
CTRL_SUDBURY_PUMP	grid	160	360	15058.507	15058.978	0.471	58.51	-
CTRL_SUDBURY_PUMP	grid	160	380	15057.348	15057.566	0.219	57.35	-
CTRL_SUDBURY_PUMP	grid	160	400	15056.554	15056.786	0.232	56.55	-
CTRL_SUDBURY_PUMP	grid	160	420	15056.170	15056.612	0.441	56.17	-
CTRL_SUDBURY_PUMP	grid	160	440	15056.138	15056.554	0.416	56.14	-
CTRL_SUDBURY_PUMP	grid	160	460	15056.484	15056.715	0.231	56.48	-
CTRL_SUDBURY_PUMP	grid	160	480	15057.140	15057.603	0.463	57.14	-
CTRL_SUDBURY_PUMP	grid	160	500	15058.138	15058.618	0.479	58.14	-
CTRL_SUDBURY_PUMP	grid	180	-500	15116.949	15116.611	-0.338	116.95	-
CTRL_SUDBURY_PUMP	grid	180	-480	15118.128	15118.049	-0.079	118.13	-
CTRL_SUDBURY_PUMP	grid	180	-460	15119.189	15118.823	-0.366	119.19	-
CTRL_SUDBURY_PUMP	grid	180	-440	15120.165	15119.767	-0.398	120.16	-
CTRL_SUDBURY_PUMP	grid	180	-420	15121.049	15120.866	-0.183	121.05	-
CTRL_SUDBURY_PUMP	grid	180	-400	15121.806	15121.641	-0.165	121.81	-
CTRL_SUDBURY_PUMP	grid	180	-380	15122.360	15121.980	-0.380	122.36	-
CTRL_SUDBURY_PUMP	grid	180	-360	15122.579	15122.201	-0.377	122.58	-
CTRL_SUDBURY_PUMP	grid	180	-340	15122.342	15122.024	-0.318	122.34	-
CTRL_SUDBURY_PUMP	grid	180	-320	15121.482	15121.295	-0.186	121.48	-
CTRL_SUDBURY_PUMP	grid	180	-300	15119.928	15119.419	-0.508	119.93	-
CTRL_SUDBURY_PUMP	grid	180	-280	15117.590	15117.563	-0.027	117.59	-
CTRL_SUDBURY_PUMP	grid	180	-260	15114.530	15114.154	-0.376	114.53	-
CTRL_SUDBURY_PUMP	grid	180	-240	15110.802	15110.837	0.035	110.80	-
CTRL_SUDBURY_PUMP	grid	180	-220	15106.572	15106.443	-0.129	106.57	-
CTRL_SUDBURY_PUMP	grid	180	-200	15101.992	15101.905	-0.088	101.99	-
CTRL_SUDBURY_PUMP	grid	180	-180	15097.250	15097.311	0.061	97.25	-
CTRL_SUDBURY_PUMP	grid	180	-160	15092.529	15092.636	0.107	92.53	-
CTRL_SUDBURY_PUMP	grid	180	-140	15087.967	15088.162	0.195	87.97	-
CTRL_SUDBURY_PUMP	grid	180	-120	15083.738	15083.847	0.109	83.74	-
CTRL_SUDBURY_PUMP	grid	180	-100	15079.943	15080.102	0.160	79.94	-
CTRL_SUDBURY_PUMP	grid	180	-80	15076.718	15076.904	0.187	76.72	-
CTRL_SUDBURY_PUMP	grid	180	-60	15074.124	15074.413	0.290	74.12	-
CTRL_SUDBURY_PUMP	grid	180	-40	15052.682	15065.784	13.102	52.68	-
CTRL_SUDBURY_PUMP	grid	180	-20	15040.192	15055.034	14.842	40.19	-
CTRL_SUDBURY_PUMP	grid	180	0	15039.090	15045.808	6.718	39.09	-
CTRL_SUDBURY_PUMP	grid	180	20	15038.017	15038.042	0.025	38.02	-
CTRL_SUDBURY_PUMP	grid	180	40	15037.029	15037.213	0.184	37.03	-
CTRL_SUDBURY_PUMP	grid	180	60	15036.270	15036.422	0.152	36.27	-
CTRL_SUDBURY_PUMP	grid	180	80	15036.118	15036.343	0.225	36.12	-
CTRL_SUDBURY_PUMP	grid	180	100	15036.695	15036.685	-0.009	36.69	-
CTRL_SUDBURY_PUMP	grid	180	120	15037.424	15037.355	-0.070	37.42	-
CTRL_SUDBURY_PUMP	grid	180	140	15038.157	15038.031	-0.126	38.16	-
CTRL_SUDBURY_PUMP	grid	180	160	15038.745	15038.720	-0.025	38.75	-
CTRL_SUDBURY_PUMP	grid	180	180	15039.319	15039.151	-0.168	39.32	-
CTRL_SUDBURY_PUMP	grid	180	200	15039.916	15039.573	-0.343	39.92	-
CTRL_SUDBURY_PUMP	grid	180	220	15040.127	15040.005	-0.122	40.13	-
CTRL_SUDBURY_PUMP	grid	180	240	15040.403	15044.447	4.044	40.40	-
CTRL_SUDBURY_PUMP	grid	180	260	15040.828	15050.548	9.719	40.83	-
CTRL_SUDBURY_PUMP	grid	180	280	15052.331	15054.703	2.371	52.33	-
CTRL_SUDBURY_PUMP	grid	180	300	15062.768	15056.612	-6.156	62.77	-
CTRL_SUDBURY_PUMP	grid	180	320	15060.883	15061.215	0.332	60.88	-
CTRL_SUDBURY_PUMP	grid	180	340	15059.218	15059.634	0.416	59.22	-
CTRL_SUDBURY_PUMP	grid	180	360	15057.800	15058.105	0.305	57.80	-
CTRL_SUDBURY_PUMP	grid	180	380	15056.701	15056.899	0.198	56.70	-
CTRL_SUDBURY_PUMP	grid	180	400	15055.915	15056.196	0.281	55.92	-
CTRL_SUDBURY_PUMP	grid	180	420	15055.502	15055.822	0.320	55.50	-
CTRL_SUDBURY_PUMP	grid	180	440	15055.445	15055.585	0.140	55.45	-
CTRL_SUDBURY_PUMP	grid	180	460	15055.796	15056.249	0.453	55.80	-
CTRL_SUDBURY_PUMP	grid	180	480	15056.520	15057.119	0.599	56.52	-
CTRL_SUDBURY_PUMP	grid	180	500	15057.661	15058.078	0.416	57.66	-
CTRL_SUDBURY_PUMP	grid	200	-500	15117.831	15117.652	-0.179	117.83	-
CTRL_SUDBURY_PUMP	grid	200	-480	15118.903	15118.728	-0.176	118.90	-
CTRL_SUDBURY_PUMP	grid	200	-460	15119.852	15119.541	-0.312	119.85	-
CTRL_SUDBURY_PUMP	grid	200	-440	15120.727	15120.403	-0.325	120.73	-
CTRL_SUDBURY_PUMP	grid	200	-420	15121.524	15121.400	-0.125	121.52	-
CTRL_SUDBURY_PUMP	grid	200	-400	15122.223	15121.933	-0.290	122.22	-
CTRL_SUDBURY_PUMP	grid	200	-380	15122.740	15122.413	-0.328	122.74	-
CTRL_SUDBURY_PUMP	grid	200	-360	15122.977	15122.858	-0.119	122.98	-
CTRL_SUDBURY_PUMP	grid	200	-340	15122.790	15122.427	-0.364	122.79	-
CTRL_SUDBURY_PUMP	grid	200	-320	15122.054	15121.831	-0.222	122.05	-
CTRL_SUDBURY_PUMP	grid	200	-300	15120.661	15120.191	-0.470	120.66	-
CTRL_SUDBURY_PUMP	grid	200	-280	15118.560	15118.338	-0.222	118.56	-
CTRL_SUDBURY_PUMP	grid	200	-260	15115.763	15115.522	-0.241	115.76	-
CTRL_SUDBURY_PUMP	grid	200	-240	15112.331	15112.204	-0.127	112.33	-
CTRL_SUDBURY_PUMP	grid	200	-220	15108.386	15108.198	-0.189	108.39	-
CTRL_SUDBURY_PUMP	grid	200	-200	15104.069	15103.867	-0.202	104.07	-
CTRL_SUDBURY_PUMP	grid	200	-180	15099.529	15099.549	0.019	99.53	-
CTRL_SUDBURY_PUMP	grid	200	-160	15094.934	15095.004	0.070	94.93	-
CTRL_SUDBURY_PUMP	grid	200	-140	15090.412	15090.471	0.059	90.41	-
CTRL_SUDBURY_PUMP	grid	200	-120	15086.117	15086.205	0.087	86.12	-
CTRL_SUDBURY_PUMP	grid	200	-100	15082.160	15082.154	-0.005	82.16	-
CTRL_SUDBURY_PUMP	grid	200	-80	15078.659	15078.946	0.287	78.66	-
CTRL_SUDBURY_PUMP	grid	200	-60	15075.690	15071.273	-4.417	75.69	-
CTRL_SUDBURY_PUMP	grid	200	-40	15040.863	15060.319	19.455	40.86	-
CTRL_SUDBURY_PUMP	grid	200	-20	15039.716	15049.081	9.366	39.72	-
CTRL_SUDBURY_PUMP	grid	200	0	15038.575	15039.754	1.179	38.58	-
CTRL_SUDBURY_PUMP	grid	200	20	15037.436	15037.728	0.292	37.44	-
CTRL_SUDBURY_PUMP	grid	200	40	15036.304	15036.612	0.309	36.30	-
CTRL_SUDBURY_PUMP	grid	200	60	15035.299	15035.584	0.285	35.30	-
CTRL_SUDBURY_PUMP	grid	200	80	15035.439	15035.504	0.065	35.44	-
CTRL_SUDBURY_PUMP	grid	200	100	15036.151	15036.098	-0.053	36.15	-
CTRL_SUDBURY_PUMP	grid	200	120	15036.903	15036.751	-0.152	36.90	-
CTRL_SUDBURY_PUMP	grid	200	140	15037.513	15037.452	-0.061	37.51	-
CTRL_SUDBURY_PUMP	grid	200	160	15038.062	15037.956	-0.107	38.06	-
CTRL_SUDBURY_PUMP	grid	200	180	15038.714	15038.386	-0.329	38.71	-
CTRL_SUDBURY_PUMP	grid	200	200	15039.052	15038.824	-0.229	39.05	-
CTRL_SUDBURY_PUMP	grid	200	220	15039.237	15039.264	0.027	39.24	-
CTRL_SUDBURY_PUMP	grid	200	240	15039.614	15039.763	0.150	39.61	-
CTRL_SUDBURY_PUMP	grid	200	260	15040.109	15040.284	0.175	40.11	-
CTRL_SUDBURY_PUMP	grid	200	280	15040.757	15045.476	4.719	40.76	-
CTRL_SUDBURY_PUMP	grid	200	300	15049.755	15051.759	2.004	49.75	-
CTRL_SUDBURY_PUMP	grid	200	320	15059.953	15060.378	0.425	59.95	-
CTRL_SUDBURY_PUMP	grid	200	340	15058.530	15058.806	0.276	58.53	-
CTRL_SUDBURY_PUMP	grid	200	360	15057.280	15057.278	-0.002	57.28	-
CTRL_SUDBURY_PUMP	grid	200	380	15056.248	15056.492	0.244	56.25	-
CTRL_SUDBURY_PUMP	grid	200	400	15055.491	15055.735	0.243	55.49	-
CTRL_SUDBURY_PUMP	grid	200	420	15055.054	15055.305	0.251	55.05	-
CTRL_SUDBURY_PUMP	grid	200	440	15055.003	15055.180	0.177	55.00	-
CTRL_SUDBURY_PUMP	grid	200	460	15055.379	15055.820	0.441	55.38	-
CTRL_SUDBURY_PUMP	grid	200	480	15056.206	15056.679	0.474	56.21	-
CTRL_SUDBURY_PUMP	grid	200	500	15057.495	15057.618	0.123	57.50	-
CTRL_SUDBURY_PUMP	grid	220	-500	15118.486	15118.248	-0.238	118.49	-
CTRL_SUDBURY_PUMP	grid	220	-480	15119.472	15119.084	-0.388	119.47	-
CTRL_SUDBURY_PUMP	grid	220	-460	15120.330	15120.072	-0.257	120.33	-
CTRL_SUDBURY_PUMP	grid	220	-440	15121.119	15121.087	-0.032	121.12	-
CTRL_SUDBURY_PUMP	grid	220	-420	15121.845	15121.657	-0.188	121.84	-
CTRL_SUDBURY_PUMP	grid	220	-400	15122.497	15122.198	-0.299	122.50	-
CTRL_SUDBURY_PUMP	grid	220	-380	15122.996	15122.696	-0.299	123.00	-
CTRL_SUDBURY_PUMP	grid	220	-360	15123.266	15123.077	-0.189	123.27	-
CTRL_SUDBURY_PUMP	grid	220	-340	15123.145	15122.791	-0.354	123.15	-
CTRL_SUDBURY_PUMP	grid	220	-320	15122.545	15122.234	-0.311	122.54	-
CTRL_SUDBURY_PUMP	grid	220	-300	15121.332	15120.990	-0.342	121.33	-
CTRL_SUDBURY_PUMP	grid	220	-280	15119.479	15119.105	-0.374	119.48	-
CTRL_SUDBURY_PUMP	grid	220	-260	15116.952	15116.714	-0.239	116.95	-
CTRL_SUDBURY_PUMP	grid	220	-240	15113.824	15113.515	-0.308	113.82	-
CTRL_SUDBURY_PUMP	grid	220	-220	15110.164	15110.069	-0.094	110.16	-
CTRL_SUDBURY_PUMP	grid	220	-200	15106.106	15105.917	-0.189	106.11	-
CTRL_SUDBURY_PUMP	grid	220	-180	15101.776	15101.736	-0.040	101.78	-
CTRL_SUDBURY_PUMP	grid	220	-160	15097.312	15097.190	-0.122	97.31	-
CTRL_SUDBURY_PUMP	grid	220	-140	15092.847	15092.734	-0.114	92.85	-
CTRL_SUDBURY_PUMP	grid	220	-120	15088.506	15088.590	0.084	88.51	-
CTRL_SUDBURY_PUMP	grid	220	-100	15084.409	15084.353	-0.057	84.41	-
CTRL_SUDBURY_PUMP	grid	220	-80	15080.663	15079.643	-1.020	80.66	-
CTRL_SUDBURY_PUMP	grid	220	-60	15074.820	15065.455	-9.365	74.82	-
CTRL_SUDBURY_PUMP	grid	220	-40	15040.569	15054.018	13.450	40.57	-
CTRL_SUDBURY_PUMP	grid	220	-20	15039.434	15043.480	4.046	39.43	-
CTRL_SUDBURY_PUMP	grid	220	0	15038.305	15038.401	0.096	38.30	-
CTRL_SUDBURY_PUMP	grid	220	20	15037.192	15037.435	0.243	37.19	-
CTRL_SUDBURY_PUMP	grid	220	40	15036.099	15036.385	0.286	36.10	-
CTRL_SUDBURY_PUMP	grid	220	60	15035.065	15035.264	0.199	35.06	-
CTRL_SUDBURY_PUMP	grid	220	80	15035.000	15035.050	0.050	35.00	-
CTRL_SUDBURY_PUMP	grid	220	100	15035.655	15035.537	-0.117	35.65	-
CTRL_SUDBURY_PUMP	grid	220	120	15036.309	15036.174	-0.135	36.31	-
CTRL_SUDBURY_PUMP	grid	220	140	15036.798	15036.755	-0.042	36.80	-
CTRL_SUDBURY_PUMP	grid	220	160	15037.478	15037.205	-0.273	37.48	-
CTRL_SUDBURY_PUMP	grid	220	180	15037.982	15037.643	-0.339	37.98	-
CTRL_SUDBURY_PUMP	grid	220	200	15038.138	15038.101	-0.037	38.14	-
CTRL_SUDBURY_PUMP	grid	220	220	15038.412	15038.571	0.159	38.41	-
CTRL_SUDBURY_PUMP	grid	220	240	15038.874	15039.073	0.198	38.87	-
CTRL_SUDBURY_PUMP	grid	220	260	15039.483	15039.594	0.110	39.48	-
CTRL_SUDBURY_PUMP	grid	220	280	15040.217	15040.299	0.082	40.22	-
CTRL_SUDBURY_PUMP	grid	220	300	15041.235	15047.628	6.393	41.24	-
CTRL_SUDBURY_PUMP	grid	220	320	15058.271	15056.797	-1.474	58.27	-
CTRL_SUDBURY_PUMP	grid	220	340	15057.971	15057.996	0.026	57.97	-
CTRL_SUDBURY_PUMP	grid	220	360	15056.882	15056.866	-0.016	56.88	-
CTRL_SUDBURY_PUMP	grid	220	380	15055.921	15056.059	0.138	55.92	-
CTRL_SUDBURY_PUMP	grid	220	400	15055.190	15055.355	0.165	55.19	-
CTRL_SUDBURY_PUMP	grid	220	420	15054.755	15054.891	0.136	54.75	-
CTRL_SUDBURY_PUMP	grid	220	440	15054.724	15055.037	0.313	54.72	-
CTRL_SUDBURY_PUMP	grid	220	460	15055.144	15055.482	0.338	55.14	-
CTRL_SUDBURY_PUMP	grid	220	480	15056.094	15056.309	0.215	56.09	-
CTRL_SUDBURY_PUMP	grid	220	500	15057.540	15057.837	0.297	57.54	-
CTRL_SUDBURY_PUMP	grid	240	-500	15118.944	15118.671	-0.272	118.94	-
CTRL_SUDBURY_PUMP	grid	240	-480	15119.855	15119.500	-0.355	119.85	-
CTRL_SUDBURY_PUMP	grid	240	-460	15120.640	15120.456	-0.185	120.64	-
CTRL_SUDBURY_PUMP	grid	240	-440	15121.357	15121.181	-0.176	121.36	-
CTRL_SUDBURY_PUMP	grid	240	-420	15122.022	15121.803	-0.219	122.02	-
CTRL_SUDBURY_PUMP	grid	240	-400	15122.631	15122.482	-0.150	122.63	-
CTRL_SUDBURY_PUMP	grid	240	-380	15123.125	15123.001	-0.124	123.12	-
CTRL_SUDBURY_PUMP	grid	240	-360	15123.423	15123.118	-0.305	123.42	-
CTRL_SUDBURY_PUMP	grid	240	-340	15123.388	15123.033	-0.354	123.39	-
CTRL_SUDBURY_PUMP	grid	240	-320	15122.927	15122.542	-0.385	122.93	-
CTRL_SUDBURY_PUMP	grid	240	-300	15121.910	15121.754	-0.157	121.91	-
CTRL_SUDBURY_PUMP	grid	240	-280	15120.303	15119.899	-0.404	120.30	-
CTRL_SUDBURY_PUMP	grid	240	-260	15118.048	15117.921	-0.127	118.05	-
CTRL_SUDBURY_PUMP	grid	240	-240	15115.216	15114.722	-0.494	115.22	-
CTRL_SUDBURY_PUMP	grid	240	-220	15111.843	15111.674	-0.168	111.84	-
CTRL_SUDBURY_PUMP	grid	240	-200	15108.046	15107.851	-0.195	108.05	-
CTRL_SUDBURY_PUMP	grid	240	-180	15103.926	15103.871	-0.055	103.93	-
CTRL_SUDBURY_PUMP	grid	240	-160	15099.610	15099.436	-0.174	99.61	-
CTRL_SUDBURY_PUMP	grid	240	-140	15095.215	15095.005	-0.211	95.22	-
CTRL_SUDBURY_PUMP	grid	240	-120	15090.855	15090.783	-0.073	90.86	-
CTRL_SUDBURY_PUMP	grid	240	-100	15086.646	15086.667	0.021	86.65	-
CTRL_SUDBURY_PUMP	grid	240	-80	15082.676	15074.077	-8.600	82.68	-
CTRL_SUDBURY_PUMP	grid	240	-60	15063.243	15059.900	-3.343	63.24	-
CTRL_SUDBURY_PUMP	grid	240	-40	15040.444	15047.385	6.941	40.44	-
CTRL_SUDBURY_PUMP	grid	240	-20	15039.357	15039.362	0.005	39.36	-
CTRL_SUDBURY_PUMP	grid	240	0	15038.268	15038.280	0.012	38.27	-
CTRL_SUDBURY_PUMP	grid	240	20	15037.184	15037.175	-0.009	37.18	-
CTRL_SUDBURY_PUMP	grid	240	40	15036.098	15036.185	0.088	36.10	-
CTRL_SUDBURY_PUMP	grid	240	60	15035.084	15035.417	0.333	35.08	-
CTRL_SUDBURY_PUMP	grid	240	80	15034.912	15034.916	0.004	34.91	-
CTRL_SUDBURY_PUMP	grid	240	100	15035.152	15035.285	0.133	35.15	-
CTRL_SUDBURY_PUMP	grid	240	120	15035.598	15035.642	0.043	35.60	-
CTRL_SUDBURY_PUMP	grid	240	140	15036.230	15036.016	-0.214	36.23	-
CTRL_SUDBURY_PUMP	grid	240	160	15036.831	15036.475	-0.356	36.83	-
CTRL_SUDBURY_PUMP	grid	240	180	15037.067	15036.918	-0.149	37.07	-
CTRL_SUDBURY_PUMP	grid	240	200	15037.256	15037.414	0.158	37.26	-
CTRL_SUDBURY_PUMP	grid	240	220	15037.635	15037.905	0.271	37.63	-
CTRL_SUDBURY_PUMP	grid	240	240	15038.231	15038.407	0.176	38.23	-
CTRL_SUDBURY_PUMP	grid	240	260	15038.949	15038.933	-0.016	38.95	-
CTRL_SUDBURY_PUMP	grid	240	280	15039.766	15039.998	0.232	39.77	-
CTRL_SUDBURY_PUMP	grid	240	300	15040.678	15044.942	4.264	40.68	-
CTRL_SUDBURY_PUMP	grid	240	320	15053.262	15053.202	-0.060	53.26	-
CTRL_SUDBURY_PUMP	grid	240	340	15057.465	15057.459	-0.006	57.46	-
CTRL_SUDBURY_PUMP	grid	240	360	15056.504	15056.481	-0.023	56.50	-
CTRL_SUDBURY_PUMP	grid	240	380	15055.610	15055.604	-0.006	55.61	-
CTRL_SUDBURY_PUMP	grid	240	400	15054.906	15054.905	-0.001	54.91	-
CTRL_SUDBURY_PUMP	grid	240	420	15054.487	15054.348	-0.139	54.49	-
CTRL_SUDBURY_PUMP	grid	240	440	15054.507	15054.920	0.414	54.51	-
CTRL_SUDBURY_PUMP	grid	240	460	15054.999	15055.171	0.172	55.00	-
CTRL_SUDBURY_PUMP	grid	240	480	15056.098	15056.246	0.148	56.10	-
CTRL_SUDBURY_PUMP	grid	240	500	15057.712	15058.013	0.301	57.71	-
CTRL_SUDBURY_PUMP	grid	260	-500	15119.233	15118.918	-0.315	119.23	-
CTRL_SUDBURY_PUMP	grid	260	-480	15120.083	15119.911	-0.172	120.08	-
CTRL_SUDBURY_PUMP	grid	260	-460	15120.812	15120.736	-0.076	120.81	-
CTRL_SUDBURY_PUMP	grid	260	-440	15121.461	15121.232	-0.229	121.46	-
CTRL_SUDBURY_PUMP	grid	260	-420	15122.075	15121.806	-0.269	122.07	-
CTRL_SUDBURY_PUMP	grid	260	-400	15122.643	15122.517	-0.126	122.64	-
CTRL_SUDBURY_PUMP	grid	260	-380	15123.127	15122.956	-0.170	123.13	-
CTRL_SUDBURY_PUMP	grid	260	-360	15123.445	15123.186	-0.259	123.45	-
CTRL_SUDBURY_PUMP	grid	260	-340	15123.496	15123.303	-0.193	123.50	-
CTRL_SUDBURY_PUMP	grid	260	-320	15123.154	15122.772	-0.382	123.15	-
CTRL_SUDBURY_PUMP	grid	260	-300	15122.327	15122.073	-0.254	122.33	-
CTRL_SUDBURY_PUMP	grid	260	-280	15120.947	15120.496	-0.451	120.95	-
CTRL_SUDBURY_PUMP	grid	260	-260	15118.973	15118.852	-0.120	118.97	-
CTRL_SUDBURY_PUMP	grid	260	-240	15116.427	15116.038	-0.389	116.43	-
CTRL_SUDBURY_PUMP	grid	260	-220	15113.343	15113.001	-0.343	113.34	-
CTRL_SUDBURY_PUMP	grid	260	-200	15109.810	15109.437	-0.372	109.81	-
CTRL_SUDBURY_PUMP	grid	260	-180	15105.914	15105.600	-0.314	105.91	-
CTRL_SUDBURY_PUMP	grid	260	-160	15101.761	15101.630	-0.131	101.76	-
CTRL_SUDBURY_PUMP	grid	260	-140	15097.457	15097.304	-0.153	97.46	-
CTRL_SUDBURY_PUMP	grid	260	-120	15093.112	15093.002	-0.110	93.11	-
CTRL_SUDBURY_PUMP	grid	260	-100	15088.811	15088.662	-0.149	88.81	-
CTRL_SUDBURY_PUMP	grid	260	-80	15084.650	15079.632	-5.018	84.65	-
CTRL_SUDBURY_PUMP	grid	260	-60	15062.886	15058.432	-4.454	62.89	-
CTRL_SUDBURY_PUMP	grid	260	-40	15040.436	15040.786	0.350	40.44	-
CTRL_SUDBURY_PUMP	grid	260	-20	15039.353	15039.349	-0.003	39.35	-
CTRL_SUDBURY_PUMP	grid	260	0	15038.264	15038.290	0.026	38.26	-
CTRL_SUDBURY_PUMP	grid	260	20	15037.181	15037.185	0.004	37.18	-
CTRL_SUDBURY_PUMP	grid	260	40	15036.108	15036.127	0.019	36.11	-
CTRL_SUDBURY_PUMP	grid	260	60	15035.113	15035.597	0.483	35.11	-
CTRL_SUDBURY_PUMP	grid	260	80	15034.912	15035.004	0.092	34.91	-
CTRL_SUDBURY_PUMP	grid	260	100	15034.912	15035.177	0.265	34.91	-
CTRL_SUDBURY_PUMP	grid	260	120	15035.028	15035.346	0.317	35.03	-
CTRL_SUDBURY_PUMP	grid	260	140	15035.641	15035.535	-0.107	35.64	-
CTRL_SUDBURY_PUMP	grid	260	160	15035.999	15035.768	-0.231	36.00	-
CTRL_SUDBURY_PUMP	grid	260	180	15036.149	15036.236	0.087	36.15	-
CTRL_SUDBURY_PUMP	grid	260	200	15036.444	15036.755	0.310	36.44	-
CTRL_SUDBURY_PUMP	grid	260	220	15036.962	15037.268	0.306	36.96	-
CTRL_SUDBURY_PUMP	grid	260	240	15037.694	15037.768	0.075	37.69	-
CTRL_SUDBURY_PUMP	grid	260	260	15038.520	15038.668	0.147	38.52	-
CTRL_SUDBURY_PUMP	grid	260	280	15039.483	15039.724	0.240	39.48	-
CTRL_SUDBURY_PUMP	grid	260	300	15040.520	15042.459	1.938	40.52	-
CTRL_SUDBURY_PUMP	grid	260	320	15053.634	15050.009	-3.625	53.63	-
CTRL_SUDBURY_PUMP	grid	260	340	15056.907	15052.942	-3.965	56.91	-
CTRL_SUDBURY_PUMP	grid	260	360	15055.952	15055.108	-0.845	55.95	-
CTRL_SUDBURY_PUMP	grid	260	380	15055.217	15055.176	-0.041	55.22	-
CTRL_SUDBURY_PUMP	grid	260	400	15054.550	15054.293	-0.257	54.55	-
CTRL_SUDBURY_PUMP	grid	260	420	15054.186	15053.291	-0.895	54.19	-
CTRL_SUDBURY_PUMP	grid	260	440	15054.277	15053.925	-0.352	54.28	-
CTRL_SUDBURY_PUMP	grid	260	460	15054.899	15054.736	-0.164	54.90	-
CTRL_SUDBURY_PUMP	grid	260	480	15056.149	15056.596	0.447	56.15	-
CTRL_SUDBURY_PUMP	grid	260	500	15057.967	15058.352	0.384	57.97	-
CTRL_SUDBURY_PUMP	grid	280	-500	15119.378	15119.094	-0.284	119.38	-
CTRL_SUDBURY_PUMP	grid	280	-480	15120.184	15120.087	-0.097	120.18	-
CTRL_SUDBURY_PUMP	grid	280	-460	15120.860	15120.666	-0.194	120.86	-
CTRL_SUDBURY_PUMP	grid	280	-440	15121.445	15121.302	-0.142	121.44	-
CTRL_SUDBURY_PUMP	grid	280	-420	15122.003	15121.836	-0.167	122.00	-
CTRL_SUDBURY_PUMP	grid	280	-400	15122.530	15122.384	-0.145	122.53	-
CTRL_SUDBURY_PUMP	grid	280	-380	15123.001	15122.719	-0.282	123.00	-
CTRL_SUDBURY_PUMP	grid	280	-360	15123.335	15123.023	-0.312	123.34	-
CTRL_SUDBURY_PUMP	grid	280	-340	15123.453	15123.346	-0.107	123.45	-
CTRL_SUDBURY_PUMP	grid	280	-320	15123.224	15122.906	-0.318	123.22	-
CTRL_SUDBURY_PUMP	grid	280	-300	15122.572	15122.207	-0.366	122.57	-
CTRL_SUDBURY_PUMP	grid	280	-280	15121.400	15120.933	-0.467	121.40	-
CTRL_SUDBURY_PUMP	grid	280	-260	15119.687	15119.247	-0.439	119.69	-
CTRL_SUDBURY_PUMP	grid	280	-240	15117.406	15117.066	-0.340	117.41	-
CTRL_SUDBURY_PUMP	grid	280	-220	15114.600	15114.354	-0.247	114.60	-
CTRL_SUDBURY_PUMP	grid	280	-200	15111.323	15111.051	-0.272	111.32	-
CTRL_SUDBURY_PUMP	grid	280	-180	15107.657	15107.202	-0.455	107.66	-
CTRL_SUDBURY_PUMP	grid	280	-160	15103.684	15103.317	-0.366	103.68	-
CTRL_SUDBURY_PUMP	grid	280	-140	15099.499	15099.240	-0.260	99.50	-
CTRL_SUDBURY_PUMP	grid	280	-120	15095.191	15095.125	-0.065	95.19	-
CTRL_SUDBURY_PUMP	grid	280	-100	15090.837	15090.607	-0.230	90.84	-
CTRL_SUDBURY_PUMP	grid	280	-80	15086.518	15086.087	-0.431	86.52	-
CTRL_SUDBURY_PUMP	grid	280	-60	15067.714	15065.491	-2.223	67.71	-
CTRL_SUDBURY_PUMP	grid	280	-40	15040.434	15043.776	3.343	40.43	-
CTRL_SUDBURY_PUMP	grid	280	-20	15039.352	15039.361	0.009	39.35	-
CTRL_SUDBURY_PUMP	grid	280	0	15038.280	15038.306	0.027	38.28	-
CTRL_SUDBURY_PUMP	grid	280	20	15037.238	15037.227	-0.011	37.24	-
CTRL_SUDBURY_PUMP	grid	280	40	15036.174	15036.198	0.024	36.17	-
CTRL_SUDBURY_PUMP	grid	280	60	15035.163	15035.529	0.365	35.16	-
CTRL_SUDBURY_PUMP	grid	280	80	15034.912	15035.107	0.195	34.91	-
CTRL_SUDBURY_PUMP	grid	280	100	15034.912	15034.950	0.038	34.91	-
CTRL_SUDBURY_PUMP	grid	280	120	15034.912	15035.076	0.164	34.91	-
CTRL_SUDBURY_PUMP	grid	280	140	15034.971	15035.249	0.277	34.97	-
CTRL_SUDBURY_PUMP	grid	280	160	15035.091	15035.482	0.391	35.09	-
CTRL_SUDBURY_PUMP	grid	280	180	15035.318	15035.773	0.454	35.32	-
CTRL_SUDBURY_PUMP	grid	280	200	15035.709	15036.122	0.413	35.71	-
CTRL_SUDBURY_PUMP	grid	280	220	15036.418	15036.657	0.239	36.42	-
CTRL_SUDBURY_PUMP	grid	280	240	15037.295	15037.395	0.099	37.30	-
CTRL_SUDBURY_PUMP	grid	280	260	15038.336	15038.499	0.163	38.34	-
CTRL_SUDBURY_PUMP	grid	280	280	15039.423	15039.519	0.096	39.42	-
CTRL_SUDBURY_PUMP	grid	280	300	15040.537	15040.567	0.030	40.54	-
CTRL_SUDBURY_PUMP	grid	280	320	15041.328	15043.874	2.546	41.33	-
CTRL_SUDBURY_PUMP	grid	280	340	15042.334	15046.917	4.583	42.33	-
CTRL_SUDBURY_PUMP	grid	280	360	15041.099	15049.251	8.152	41.10	-
CTRL_SUDBURY_PUMP	grid	280	380	15041.196	15051.620	10.423	41.20	-
CTRL_SUDBURY_PUMP	grid	280	400	15045.177	15053.462	8.285	45.18	-
CTRL_SUDBURY_PUMP	grid	280	420	15053.514	15052.658	-0.855	53.51	-
CTRL_SUDBURY_PUMP	grid	280	440	15053.984	15052.745	-1.238	53.98	-
CTRL_SUDBURY_PUMP	grid	280	460	15054.781	15054.516	-0.264	54.78	-
CTRL_SUDBURY_PUMP	grid	280	480	15056.204	15056.644	0.440	56.20	-
CTRL_SUDBURY_PUMP	grid	280	500	15058.245	15058.681	0.436	58.25	-
CTRL_SUDBURY_PUMP	grid	300	-500	15119.400	15119.294	-0.106	119.40	-
CTRL_SUDBURY_PUMP	grid	300	-480	15120.177	15119.986	-0.191	120.18	-
CTRL_SUDBURY_PUMP	grid	300	-460	15120.792	15120.527	-0.266	120.79	-
CTRL_SUDBURY_PUMP	grid	300	-440	15121.319	15121.153	-0.166	121.32	-
CTRL_SUDBURY_PUMP	grid	300	-420	15121.816	15121.774	-0.042	121.82	-
CTRL_SUDBURY_PUMP	grid	300	-400	15122.291	15122.162	-0.129	122.29	-
CTRL_SUDBURY_PUMP	grid	300	-380	15122.734	15122.497	-0.237	122.73	-
CTRL_SUDBURY_PUMP	grid	300	-360	15123.074	15122.821	-0.254	123.07	-
CTRL_SUDBURY_PUMP	grid	300	-340	15123.237	15122.936	-0.300	123.24	-
CTRL_SUDBURY_PUMP	grid	300	-320	15123.107	15122.725	-0.381	123.11	-
CTRL_SUDBURY_PUMP	grid	300	-300	15122.608	15122.297	-0.311	122.61	-
CTRL_SUDBURY_PUMP	grid	300	-280	15121.627	15121.396	-0.231	121.63	-
CTRL_SUDBURY_PUMP	grid	300	-260	15120.151	15119.611	-0.540	120.15	-
CTRL_SUDBURY_PUMP	grid	300	-240	15118.114	15117.704	-0.411	118.11	-
CTRL_SUDBURY_PUMP	grid	300	-220	15115.581	15115.077	-0.505	115.58	-
CTRL_SUDBURY_PUMP	grid	300	-200	15112.552	15112.378	-0.174	112.55	-
CTRL_SUDBURY_PUMP	grid	300	-180	15109.119	15108.831	-0.288	109.12	-
CTRL_SUDBURY_PUMP	grid	300	-160	15105.333	15105.006	-0.327	105.33	-
CTRL_SUDBURY_PUMP	grid	300	-140	15101.280	15100.954	-0.327	101.28	-
CTRL_SUDBURY_PUMP	grid	300	-120	15097.025	15096.572	-0.453	97.03	-
CTRL_SUDBURY_PUMP	grid	300	-100	15092.645	15092.300	-0.345	92.65	-
CTRL_SUDBURY_PUMP	grid	300	-80	15088.197	15088.059	-0.138	88.20	-
CTRL_SUDBURY_PUMP	grid	300	-60	15072.710	15072.268	-0.442	72.71	-
CTRL_SUDBURY_PUMP	grid	300	-40	15040.473	15050.234	9.761	40.47	-
CTRL_SUDBURY_PUMP	grid	300	-20	15039.422	15039.392	-0.030	39.42	-
CTRL_SUDBURY_PUMP	grid	300	0	15038.364	15038.341	-0.023	38.36	-
CTRL_SUDBURY_PUMP	grid	300	20	15037.321	15037.336	0.015	37.32	-
CTRL_SUDBURY_PUMP	grid	300	40	15036.256	15036.297	0.041	36.26	-
CTRL_SUDBURY_PUMP	grid	300	60	15035.209	15035.456	0.247	35.21	-
CTRL_SUDBURY_PUMP	grid	300	80	15034.912	15035.072	0.161	34.91	-
CTRL_SUDBURY_PUMP	grid	300	100	15034.912	15034.872	-0.040	34.91	-
CTRL_SUDBURY_PUMP	grid	300	120	15034.912	15034.880	-0.032	34.91	-
CTRL_SUDBURY_PUMP	grid	300	140	15034.912	15034.990	0.078	34.91	-
CTRL_SUDBURY_PUMP	grid	300	160	15034.912	15035.247	0.335	34.91	-
CTRL_SUDBURY_PUMP	grid	300	180	15034.912	15035.542	0.630	34.91	-
CTRL_SUDBURY_PUMP	grid	300	200	15035.166	15035.850	0.683	35.17	-
CTRL_SUDBURY_PUMP	grid	300	220	15036.186	15036.205	0.019	36.19	-
CTRL_SUDBURY_PUMP	grid	300	240	15037.307	15037.218	-0.090	37.31	-
CTRL_SUDBURY_PUMP	grid	300	260	15038.451	15038.326	-0.126	38.45	-
CTRL_SUDBURY_PUMP	grid	300	280	15039.579	15039.377	-0.202	39.58	-
CTRL_SUDBURY_PUMP	grid	300	300	15040.328	15039.852	-0.475	40.33	-
CTRL_SUDBURY_PUMP	grid	300	320	15040.327	15039.901	-0.426	40.33	-
CTRL_SUDBURY_PUMP	grid	300	340	15040.185	15040.812	0.627	40.19	-
CTRL_SUDBURY_PUMP	grid	300	360	15040.136	15043.425	3.289	40.14	-
CTRL_SUDBURY_PUMP	grid	300	380	15040.301	15046.271	5.970	40.30	-
CTRL_SUDBURY_PUMP	grid	300	400	15040.649	15048.578	7.930	40.65	-
CTRL_SUDBURY_PUMP	grid	300	420	15042.186	15050.010	7.823	42.19	-
CTRL_SUDBURY_PUMP	grid	300	440	15053.612	15052.135	-1.477	53.61	-
CTRL_SUDBURY_PUMP	grid	300	460	15054.629	15054.354	-0.275	54.63	-
CTRL_SUDBURY_PUMP	grid	300	480	15056.260	15056.556	0.296	56.26	-
CTRL_SUDBURY_PUMP	grid	300	500	15058.534	15058.593	0.059	58.53	-
CTRL_SUDBURY_PUMP	grid	320	-500	15119.342	15119.218	-0.123	119.34	-
CTRL_SUDBURY_PUMP	grid	320	-480	15120.084	15119.870	-0.214	120.08	-
CTRL_SUDBURY_PUMP	grid	320	-460	15120.637	15120.425	-0.212	120.64	-
CTRL_SUDBURY_PUMP	grid	320	-440	15121.096	15121.029	-0.067	121.10	-
CTRL_SUDBURY_PUMP	grid	320	-420	15121.515	15121.349	-0.166	121.52	-
CTRL_SUDBURY_PUMP	grid	320	-400	15121.926	15121.690	-0.237	121.93	-
CTRL_SUDBURY_PUMP	grid	320	-380	15122.317	15122.186	-0.130	122.32	-
CTRL_SUDBURY_PUMP	grid	320	-360	15122.645	15122.553	-0.092	122.65	-
CTRL_SUDBURY_PUMP	grid	320	-340	15122.830	15122.501	-0.329	122.83	-
CTRL_SUDBURY_PUMP	grid	320	-320	15122.778	15122.421	-0.356	122.78	-
CTRL_SUDBURY_PUMP	grid	320	-300	15122.395	15121.993	-0.402	122.39	-
CTRL_SUDBURY_PUMP	grid	320	-280	15121.593	15121.356	-0.237	121.59	-
CTRL_SUDBURY_PUMP	grid	320	-260	15120.316	15119.971	-0.346	120.32	-
CTRL_SUDBURY_PUMP	grid	320	-240	15118.525	15118.243	-0.281	118.52	-
CTRL_SUDBURY_PUMP	grid	320	-220	15116.237	15115.715	-0.522	116.24	-
CTRL_SUDBURY_PUMP	grid	320	-200	15113.458	15112.948	-0.510	113.46	-
CTRL_SUDBURY_PUMP	grid	320	-180	15110.253	15109.769	-0.484	110.25	-
CTRL_SUDBURY_PUMP	grid	320	-160	15106.656	15106.454	-0.202	106.66	-
CTRL_SUDBURY_PUMP	grid	320	-140	15102.748	15102.473	-0.275	102.75	-
CTRL_SUDBURY_PUMP	grid	320	-120	15098.561	15098.058	-0.504	98.56	-
CTRL_SUDBURY_PUMP	grid	320	-100	15094.184	15093.741	-0.444	94.18	-
CTRL_SUDBURY_PUMP	grid	320	-80	15089.638	15089.123	-0.516	89.64	-
CTRL_SUDBURY_PUMP	grid	320	-60	15077.402	15075.473	-1.929	77.40	-
CTRL_SUDBURY_PUMP	grid	320	-40	15040.549	15056.724	16.175	40.55	-
CTRL_SUDBURY_PUMP	grid	320	-20	15039.499	15039.450	-0.049	39.50	-
CTRL_SUDBURY_PUMP	grid	320	0	15038.421	15038.474	0.053	38.42	-
CTRL_SUDBURY_PUMP	grid	320	20	15037.340	15037.576	0.236	37.34	-
CTRL_SUDBURY_PUMP	grid	320	40	15036.308	15036.483	0.175	36.31	-
CTRL_SUDBURY_PUMP	grid	320	60	15035.394	15035.420	0.026	35.39	-
CTRL_SUDBURY_PUMP	grid	320	80	15035.201	15035.136	-0.065	35.20	-
CTRL_SUDBURY_PUMP	grid	320	100	15034.912	15034.898	-0.014	34.91	-
CTRL_SUDBURY_PUMP	grid	320	120	15034.912	15034.875	-0.036	34.91	-
CTRL_SUDBURY_PUMP	grid	320	140	15034.912	15034.887	-0.024	34.91	-
CTRL_SUDBURY_PUMP	grid	320	160	15034.912	15035.048	0.137	34.91	-
CTRL_SUDBURY_PUMP	grid	320	180	15034.936	15035.335	0.398	34.94	-
CTRL_SUDBURY_PUMP	grid	320	200	15035.482	15035.647	0.165	35.48	-
CTRL_SUDBURY_PUMP	grid	320	220	15036.515	15036.142	-0.373	36.52	-
CTRL_SUDBURY_PUMP	grid	320	240	15037.551	15037.000	-0.551	37.55	-
CTRL_SUDBURY_PUMP	grid	320	260	15038.409	15038.158	-0.251	38.41	-
CTRL_SUDBURY_PUMP	grid	320	280	15039.258	15039.008	-0.250	39.26	-
CTRL_SUDBURY_PUMP	grid	320	300	15039.509	15038.993	-0.516	39.51	-
CTRL_SUDBURY_PUMP	grid	320	320	15039.326	15039.023	-0.303	39.33	-
CTRL_SUDBURY_PUMP	grid	320	340	15039.190	15039.122	-0.067	39.19	-
CTRL_SUDBURY_PUMP	grid	320	360	15039.208	15039.323	0.115	39.21	-
CTRL_SUDBURY_PUMP	grid	320	380	15039.460	15040.954	1.494	39.46	-
CTRL_SUDBURY_PUMP	grid	320	400	15039.863	15043.725	3.862	39.86	-
CTRL_SUDBURY_PUMP	grid	320	420	15040.427	15045.264	4.837	40.43	-
CTRL_SUDBURY_PUMP	grid	320	440	15041.131	15047.939	6.808	41.13	-
CTRL_SUDBURY_PUMP	grid	320	460	15054.318	15052.682	-1.637	54.32	-
CTRL_SUDBURY_PUMP	grid	320	480	15056.338	15056.465	0.128	56.34	-
CTRL_SUDBURY_PUMP	grid	320	500	15058.843	15059.001	0.159	58.84	-
CTRL_SUDBURY_PUMP	grid	340	-500	15119.229	15118.971	-0.258	119.23	-
CTRL_SUDBURY_PUMP	grid	340	-480	15119.924	15119.713	-0.211	119.92	-
CTRL_SUDBURY_PUMP	grid	340	-460	15120.409	15120.299	-0.110	120.41	-
CTRL_SUDBURY_PUMP	grid	340	-440	15120.790	15120.717	-0.073	120.79	-
CTRL_SUDBURY_PUMP	grid	340	-420	15121.122	15120.950	-0.172	121.12	-
CTRL_SUDBURY_PUMP	grid	340	-400	15121.454	15121.225	-0.229	121.45	-
CTRL_SUDBURY_PUMP	grid	340	-380	15121.773	15121.722	-0.052	121.77	-
CTRL_SUDBURY_PUMP	grid	340	-360	15122.064	15121.845	-0.219	122.06	-
CTRL_SUDBURY_PUMP	grid	340	-340	15122.240	15121.988	-0.252	122.24	-
CTRL_SUDBURY_PUMP	grid	340	-320	15122.232	15122.067	-0.165	122.23	-
CTRL_SUDBURY_PUMP	grid	340	-300	15121.933	15121.583	-0.351	121.93	-
CTRL_SUDBURY_PUMP	grid	340	-280	15121.273	15120.847	-0.426	121.27	-
CTRL_SUDBURY_PUMP	grid	340	-260	15120.170	15119.670	-0.500	120.17	-
CTRL_SUDBURY_PUMP	grid	340	-240	15118.599	15118.308	-0.291	118.60	-
CTRL_SUDBURY_PUMP	grid	340	-220	15116.536	15116.290	-0.246	116.54	-
CTRL_SUDBURY_PUMP	grid	340	-200	15114.002	15113.523	-0.478	114.00	-
CTRL_SUDBURY_PUMP	grid	340	-180	15111.017	15110.529	-0.488	111.02	-
CTRL_SUDBURY_PUMP	grid	340	-160	15107.624	15107.122	-0.501	107.62	-
CTRL_SUDBURY_PUMP	grid	340	-140	15103.860	15103.420	-0.439	103.86	-
CTRL_SUDBURY_PUMP	grid	340	-120	15099.766	15099.471	-0.295	99.77	-
CTRL_SUDBURY_PUMP	grid	340	-100	15095.403	15095.208	-0.195	95.40	-
CTRL_SUDBURY_PUMP	grid	340	-80	15090.812	15085.375	-5.437	90.81	-
CTRL_SUDBURY_PUMP	grid	340	-60	15086.076	15073.499	-12.576	86.08	-
CTRL_SUDBURY_PUMP	grid	340	-40	15040.592	15056.178	15.587	40.59	-
CTRL_SUDBURY_PUMP	grid	340	-20	15039.512	15040.306	0.794	39.51	-
CTRL_SUDBURY_PUMP	grid	340	0	15038.480	15038.664	0.184	38.48	-
CTRL_SUDBURY_PUMP	grid	340	20	15037.508	15037.791	0.283	37.51	-
CTRL_SUDBURY_PUMP	grid	340	40	15036.656	15036.749	0.093	36.66	-
CTRL_SUDBURY_PUMP	grid	340	60	15036.001	15035.615	-0.386	36.00	-
CTRL_SUDBURY_PUMP	grid	340	80	15035.459	15035.140	-0.319	35.46	-
CTRL_SUDBURY_PUMP	grid	340	100	15034.912	15034.988	0.076	34.91	-
CTRL_SUDBURY_PUMP	grid	340	120	15034.912	15034.894	-0.018	34.91	-
CTRL_SUDBURY_PUMP	grid	340	140	15034.912	15034.869	-0.043	34.91	-
CTRL_SUDBURY_PUMP	grid	340	160	15034.912	15034.964	0.052	34.91	-
CTRL_SUDBURY_PUMP	grid	340	180	15034.933	15035.205	0.272	34.93	-
CTRL_SUDBURY_PUMP	grid	340	200	15035.552	15035.573	0.021	35.55	-
CTRL_SUDBURY_PUMP	grid	340	220	15036.339	15036.107	-0.232	36.34	-
CTRL_SUDBURY_PUMP	grid	340	240	15037.157	15036.787	-0.370	37.16	-
CTRL_SUDBURY_PUMP	grid	340	260	15038.012	15037.945	-0.067	38.01	-
CTRL_SUDBURY_PUMP	grid	340	280	15038.598	15038.129	-0.470	38.60	-
CTRL_SUDBURY_PUMP	grid	340	300	15038.495	15038.155	-0.340	38.50	-
CTRL_SUDBURY_PUMP	grid	340	320	15038.320	15038.173	-0.147	38.32	-
CTRL_SUDBURY_PUMP	grid	340	340	15038.199	15038.301	0.101	38.20	-
CTRL_SUDBURY_PUMP	grid	340	360	15038.305	15038.507	0.202	38.31	-
CTRL_SUDBURY_PUMP	grid	340	380	15038.670	15038.839	0.168	38.67	-
CTRL_SUDBURY_PUMP	grid	340	400	15039.167	15039.211	0.043	39.17	-
CTRL_SUDBURY_PUMP	grid	340	420	15039.863	15041.296	1.433	39.86	-
CTRL_SUDBURY_PUMP	grid	340	440	15040.603	15043.970	3.367	40.60	-
CTRL_SUDBURY_PUMP	grid	340	460	15045.301	15048.058	2.757	45.30	-
CTRL_SUDBURY_PUMP	grid	340	480	15056.474	15053.773	-2.701	56.47	-
CTRL_SUDBURY_PUMP	grid	340	500	15059.196	15059.544	0.348	59.20	-
CTRL_SUDBURY_PUMP	grid	360	-500	15119.084	15118.750	-0.334	119.08	-
CTRL_SUDBURY_PUMP	grid	360	-480	15119.718	15119.583	-0.135	119.72	-
CTRL_SUDBURY_PUMP	grid	360	-460	15120.131	15120.091	-0.040	120.13	-
CTRL_SUDBURY_PUMP	grid	360	-440	15120.421	15120.256	-0.165	120.42	-
CTRL_SUDBURY_PUMP	grid	360	-420	15120.653	15120.529	-0.124	120.65	-
CTRL_SUDBURY_PUMP	grid	360	-400	15120.886	15120.832	-0.053	120.89	-
CTRL_SUDBURY_PUMP	grid	360	-380	15121.123	15121.014	-0.109	121.12	-
CTRL_SUDBURY_PUMP	grid	360	-360	15121.349	15121.112	-0.237	121.35	-
CTRL_SUDBURY_PUMP	grid	360	-340	15121.497	15121.249	-0.248	121.50	-
CTRL_SUDBURY_PUMP	grid	360	-320	15121.501	15121.387	-0.114	121.50	-
CTRL_SUDBURY_PUMP	grid	360	-300	15121.258	15121.026	-0.232	121.26	-
CTRL_SUDBURY_PUMP	grid	360	-280	15120.709	15120.365	-0.344	120.71	-
CTRL_SUDBURY_PUMP	grid	360	-260	15119.744	15119.397	-0.347	119.74	-
CTRL_SUDBURY_PUMP	grid	360	-240	15118.363	15117.897	-0.466	118.36	-
CTRL_SUDBURY_PUMP	grid	360	-220	15116.499	15116.124	-0.375	116.50	-
CTRL_SUDBURY_PUMP	grid	360	-200	15114.187	15113.806	-0.381	114.19	-
CTRL_SUDBURY_PUMP	grid	360	-180	15111.403	15111.316	-0.087	111.40	-
CTRL_SUDBURY_PUMP	grid	360	-160	15108.202	15107.700	-0.502	108.20	-
CTRL_SUDBURY_PUMP	grid	360	-140	15104.589	15104.113	-0.476	104.59	-
CTRL_SUDBURY_PUMP	grid	360	-120	15100.610	15100.168	-0.442	100.61	-
CTRL_SUDBURY_PUMP	grid	360	-100	15096.298	15096.072	-0.225	96.30	-
CTRL_SUDBURY_PUMP	grid	360	-80	15091.712	15081.752	-9.960	91.71	-
CTRL_SUDBURY_PUMP	grid	360	-60	15083.043	15070.015	-13.028	83.04	-
CTRL_SUDBURY_PUMP	grid	360	-40	15040.659	15054.237	13.578	40.66	-
CTRL_SUDBURY_PUMP	grid	360	-20	15039.669	15043.279	3.609	39.67	-
CTRL_SUDBURY_PUMP	grid	360	0	15038.749	15038.779	0.030	38.75	-
CTRL_SUDBURY_PUMP	grid	360	20	15037.898	15037.985	0.087	37.90	-
CTRL_SUDBURY_PUMP	grid	360	40	15037.146	15037.006	-0.139	37.15	-
CTRL_SUDBURY_PUMP	grid	360	60	15036.244	15035.833	-0.412	36.24	-
CTRL_SUDBURY_PUMP	grid	360	80	15035.410	15035.048	-0.361	35.41	-
CTRL_SUDBURY_PUMP	grid	360	100	15034.944	15034.927	-0.017	34.94	-
CTRL_SUDBURY_PUMP	grid	360	120	15034.912	15034.886	-0.026	34.91	-
CTRL_SUDBURY_PUMP	grid	360	140	15034.912	15034.877	-0.035	34.91	-
CTRL_SUDBURY_PUMP	grid	360	160	15034.912	15034.906	-0.006	34.91	-
CTRL_SUDBURY_PUMP	grid	360	180	15034.912	15035.108	0.196	34.91	-
CTRL_SUDBURY_PUMP	grid	360	200	15035.122	15035.199	0.077	35.12	-
CTRL_SUDBURY_PUMP	grid	360	220	15035.896	15035.944	0.047	35.90	-
CTRL_SUDBURY_PUMP	grid	360	240	15036.742	15036.659	-0.083	36.74	-
CTRL_SUDBURY_PUMP	grid	360	260	15037.493	15037.083	-0.409	37.49	-
CTRL_SUDBURY_PUMP	grid	360	280	15037.716	15037.220	-0.496	37.72	-
CTRL_SUDBURY_PUMP	grid	360	300	15037.481	15037.276	-0.205	37.48	-
CTRL_SUDBURY_PUMP	grid	360	320	15037.331	15037.333	0.003	37.33	-
CTRL_SUDBURY_PUMP	grid	360	340	15037.226	15037.533	0.307	37.23	-
CTRL_SUDBURY_PUMP	grid	360	360	15037.478	15037.739	0.261	37.48	-
CTRL_SUDBURY_PUMP	grid	360	380	15037.912	15038.036	0.124	37.91	-
CTRL_SUDBURY_PUMP	grid	360	400	15038.595	15038.585	-0.010	38.60	-
CTRL_SUDBURY_PUMP	grid	360	420	15039.339	15039.327	-0.013	39.34	-
CTRL_SUDBURY_PUMP	grid	360	440	15040.082	15040.076	-0.006	40.08	-
CTRL_SUDBURY_PUMP	grid	360	460	15040.832	15043.465	2.633	40.83	-
CTRL_SUDBURY_PUMP	grid	360	480	15052.913	15052.180	-0.734	52.91	-
CTRL_SUDBURY_PUMP	grid	360	500	15059.622	15059.817	0.195	59.62	-
CTRL_SUDBURY_PUMP	grid	380	-500	15118.927	15118.667	-0.259	118.93	-
CTRL_SUDBURY_PUMP	grid	380	-480	15119.494	15119.442	-0.052	119.49	-
CTRL_SUDBURY_PUMP	grid	380	-460	15119.833	15119.678	-0.155	119.83	-
CTRL_SUDBURY_PUMP	grid	380	-440	15120.017	15119.843	-0.174	120.02	-
CTRL_SUDBURY_PUMP	grid	380	-420	15120.143	15120.089	-0.053	120.14	-
CTRL_SUDBURY_PUMP	grid	380	-400	15120.259	15120.273	0.014	120.26	-
CTRL_SUDBURY_PUMP	grid	380	-380	15120.399	15120.296	-0.103	120.40	-
CTRL_SUDBURY_PUMP	grid	380	-360	15120.540	15120.406	-0.134	120.54	-
CTRL_SUDBURY_PUMP	grid	380	-340	15120.639	15120.537	-0.101	120.64	-
CTRL_SUDBURY_PUMP	grid	380	-320	15120.628	15120.429	-0.199	120.63	-
CTRL_SUDBURY_PUMP	grid	380	-300	15120.417	15120.189	-0.228	120.42	-
CTRL_SUDBURY_PUMP	grid	380	-280	15119.938	15119.663	-0.275	119.94	-
CTRL_SUDBURY_PUMP	grid	380	-260	15119.098	15119.060	-0.039	119.10	-
CTRL_SUDBURY_PUMP	grid	380	-240	15117.864	15117.477	-0.387	117.86	-
CTRL_SUDBURY_PUMP	grid	380	-220	15116.182	15115.891	-0.291	116.18	-
CTRL_SUDBURY_PUMP	grid	380	-200	15114.061	15113.619	-0.442	114.06	-
CTRL_SUDBURY_PUMP	grid	380	-180	15111.474	15111.208	-0.266	111.47	-
CTRL_SUDBURY_PUMP	grid	380	-160	15108.455	15108.113	-0.342	108.45	-
CTRL_SUDBURY_PUMP	grid	380	-140	15104.991	15104.717	-0.274	104.99	-
CTRL_SUDBURY_PUMP	grid	380	-120	15101.140	15100.836	-0.304	101.14	-
CTRL_SUDBURY_PUMP	grid	380	-100	15096.902	15096.525	-0.377	96.90	-
CTRL_SUDBURY_PUMP	grid	380	-80	15092.370	15085.820	-6.550	92.37	-
CTRL_SUDBURY_PUMP	grid	380	-60	15084.746	15069.886	-14.859	84.75	-
CTRL_SUDBURY_PUMP	grid	380	-40	15040.893	15056.500	15.606	40.89	-
CTRL_SUDBURY_PUMP	grid	380	-20	15039.992	15046.279	6.288	39.99	-
CTRL_SUDBURY_PUMP	grid	380	0	15039.121	15038.881	-0.240	39.12	-
CTRL_SUDBURY_PUMP	grid	380	20	15038.086	15038.080	-0.006	38.09	-
CTRL_SUDBURY_PUMP	grid	380	40	15036.967	15037.107	0.140	36.97	-
CTRL_SUDBURY_PUMP	grid	380	60	15035.853	15036.065	0.212	35.85	-
CTRL_SUDBURY_PUMP	grid	380	80	15034.955	15034.984	0.028	34.96	-
CTRL_SUDBURY_PUMP	grid	380	100	15034.912	15034.894	-0.017	34.91	-
CTRL_SUDBURY_PUMP	grid	380	120	15034.912	15034.868	-0.044	34.91	-
CTRL_SUDBURY_PUMP	grid	380	140	15034.912	15034.873	-0.039	34.91	-
CTRL_SUDBURY_PUMP	grid	380	160	15034.912	15034.904	-0.008	34.91	-
CTRL_SUDBURY_PUMP	grid	380	180	15034.912	15034.947	0.036	34.91	-
CTRL_SUDBURY_PUMP	grid	380	200	15034.928	15035.031	0.103	34.93	-
CTRL_SUDBURY_PUMP	grid	380	220	15035.477	15035.585	0.108	35.48	-
CTRL_SUDBURY_PUMP	grid	380	240	15036.240	15036.200	-0.040	36.24	-
CTRL_SUDBURY_PUMP	grid	380	260	15036.754	15036.291	-0.463	36.75	-
CTRL_SUDBURY_PUMP	grid	380	280	15036.706	15036.324	-0.382	36.71	-
CTRL_SUDBURY_PUMP	grid	380	300	15036.461	15036.423	-0.038	36.46	-
CTRL_SUDBURY_PUMP	grid	380	320	15036.312	15036.518	0.207	36.31	-
CTRL_SUDBURY_PUMP	grid	380	340	15036.304	15036.691	0.387	36.30	-
CTRL_SUDBURY_PUMP	grid	380	360	15036.707	15036.957	0.250	36.71	-
CTRL_SUDBURY_PUMP	grid	380	380	15037.338	15037.331	-0.007	37.34	-
CTRL_SUDBURY_PUMP	grid	380	400	15038.078	15038.061	-0.017	38.08	-
CTRL_SUDBURY_PUMP	grid	380	420	15038.814	15038.813	-0.001	38.81	-
CTRL_SUDBURY_PUMP	grid	380	440	15039.574	15039.563	-0.011	39.57	-
CTRL_SUDBURY_PUMP	grid	380	460	15040.356	15040.740	0.384	40.36	-
CTRL_SUDBURY_PUMP	grid	380	480	15042.086	15050.614	8.528	42.09	-
CTRL_SUDBURY_PUMP	grid	380	500	15060.128	15059.722	-0.407	60.13	-
CTRL_SUDBURY_PUMP	grid	400	-500	15118.774	15118.649	-0.124	118.77	-
CTRL_SUDBURY_PUMP	grid	400	-480	15119.281	15119.181	-0.100	119.28	-
CTRL_SUDBURY_PUMP	grid	400	-460	15119.535	15119.400	-0.135	119.54	-
CTRL_SUDBURY_PUMP	grid	400	-440	15119.617	15119.476	-0.140	119.62	-
CTRL_SUDBURY_PUMP	grid	400	-420	15119.633	15119.669	0.036	119.63	-
CTRL_SUDBURY_PUMP	grid	400	-400	15119.633	15119.604	-0.028	119.63	-
CTRL_SUDBURY_PUMP	grid	400	-380	15119.659	15119.589	-0.070	119.66	-
CTRL_SUDBURY_PUMP	grid	400	-360	15119.700	15119.702	0.002	119.70	-
CTRL_SUDBURY_PUMP	grid	400	-340	15119.731	15119.732	0.002	119.73	-
CTRL_SUDBURY_PUMP	grid	400	-320	15119.680	15119.498	-0.182	119.68	-
CTRL_SUDBURY_PUMP	grid	400	-300	15119.477	15119.340	-0.137	119.48	-
CTRL_SUDBURY_PUMP	grid	400	-280	15119.039	15118.853	-0.186	119.04	-
CTRL_SUDBURY_PUMP	grid	400	-260	15118.292	15118.177	-0.114	118.29	-
CTRL_SUDBURY_PUMP	grid	400	-240	15117.176	15116.915	-0.261	117.18	-
CTRL_SUDBURY_PUMP	grid	400	-220	15115.654	15115.496	-0.158	115.65	-
CTRL_SUDBURY_PUMP	grid	400	-200	15113.697	15113.390	-0.306	113.70	-
CTRL_SUDBURY_PUMP	grid	400	-180	15111.295	15110.926	-0.369	111.29	-
CTRL_SUDBURY_PUMP	grid	400	-160	15108.438	15108.083	-0.355	108.44	-
CTRL_SUDBURY_PUMP	grid	400	-140	15105.136	15104.860	-0.276	105.14	-
CTRL_SUDBURY_PUMP	grid	400	-120	15101.412	15101.264	-0.149	101.41	-
CTRL_SUDBURY_PUMP	grid	400	-100	15097.293	15097.004	-0.289	97.29	-
CTRL_SUDBURY_PUMP	grid	400	-80	15092.846	15089.917	-2.929	92.85	-
CTRL_SUDBURY_PUMP	grid	400	-60	15088.133	15072.555	-15.579	88.13	-
CTRL_SUDBURY_PUMP	grid	400	-40	15042.598	15053.407	10.809	42.60	-
CTRL_SUDBURY_PUMP	grid	400	-20	15040.177	15046.926	6.749	40.18	-
CTRL_SUDBURY_PUMP	grid	400	0	15039.070	15039.123	0.054	39.07	-
CTRL_SUDBURY_PUMP	grid	400	20	15037.997	15038.079	0.083	38.00	-
CTRL_SUDBURY_PUMP	grid	400	40	15036.954	15037.127	0.173	36.95	-
CTRL_SUDBURY_PUMP	grid	400	60	15035.940	15036.101	0.161	35.94	-
CTRL_SUDBURY_PUMP	grid	400	80	15035.017	15035.142	0.125	35.02	-
CTRL_SUDBURY_PUMP	grid	400	100	15034.912	15034.904	-0.007	34.91	-
CTRL_SUDBURY_PUMP	grid	400	120	15034.912	15034.878	-0.034	34.91	-
CTRL_SUDBURY_PUMP	grid	400	140	15034.912	15034.881	-0.031	34.91	-
CTRL_SUDBURY_PUMP	grid	400	160	15034.912	15034.877	-0.035	34.91	-
CTRL_SUDBURY_PUMP	grid	400	180	15034.912	15034.877	-0.035	34.91	-
CTRL_SUDBURY_PUMP	grid	400	200	15034.912	15034.904	-0.008	34.91	-
CTRL_SUDBURY_PUMP	grid	400	220	15035.076	15035.232	0.155	35.08	-
CTRL_SUDBURY_PUMP	grid	400	240	15035.563	15035.550	-0.014	35.56	-
CTRL_SUDBURY_PUMP	grid	400	260	15035.871	15035.776	-0.094	35.87	-
CTRL_SUDBURY_PUMP	grid	400	280	15035.682	15035.714	0.032	35.68	-
CTRL_SUDBURY_PUMP	grid	400	300	15035.493	15035.716	0.223	35.49	-
CTRL_SUDBURY_PUMP	grid	400	320	15035.359	15035.730	0.371	35.36	-
CTRL_SUDBURY_PUMP	grid	400	340	15035.510	15035.869	0.359	35.51	-
CTRL_SUDBURY_PUMP	grid	400	360	15036.073	15036.136	0.063	36.07	-
CTRL_SUDBURY_PUMP	grid	400	380	15036.805	15036.809	0.004	36.81	-
CTRL_SUDBURY_PUMP	grid	400	400	15037.547	15037.556	0.009	37.55	-
CTRL_SUDBURY_PUMP	grid	400	420	15038.319	15038.320	0.002	38.32	-
CTRL_SUDBURY_PUMP	grid	400	440	15039.094	15039.102	0.008	39.09	-
CTRL_SUDBURY_PUMP	grid	400	460	15039.884	15039.959	0.075	39.88	-
CTRL_SUDBURY_PUMP	grid	400	480	15040.749	15047.493	6.744	40.75	-
CTRL_SUDBURY_PUMP	grid	400	500	15056.082	15057.614	1.532	56.08	-
CTRL_SUDBURY_PUMP	grid	420	-500	15118.643	15118.549	-0.095	118.64	-
CTRL_SUDBURY_PUMP	grid	420	-480	15119.101	15118.889	-0.212	119.10	-
CTRL_SUDBURY_PUMP	grid	420	-460	15119.269	15119.205	-0.064	119.27	-
CTRL_SUDBURY_PUMP	grid	420	-440	15119.258	15119.281	0.023	119.26	-
CTRL_SUDBURY_PUMP	grid	420	-420	15119.163	15119.194	0.032	119.16	-
CTRL_SUDBURY_PUMP	grid	420	-400	15119.050	15118.972	-0.078	119.05	-
CTRL_SUDBURY_PUMP	grid	420	-380	15118.960	15118.925	-0.035	118.96	-
CTRL_SUDBURY_PUMP	grid	420	-360	15118.901	15118.985	0.084	118.90	-
CTRL_SUDBURY_PUMP	grid	420	-340	15118.849	15118.915	0.067	118.85	-
CTRL_SUDBURY_PUMP	grid	420	-320	15118.741	15118.710	-0.031	118.74	-
CTRL_SUDBURY_PUMP	grid	420	-300	15118.523	15118.473	-0.050	118.52	-
CTRL_SUDBURY_PUMP	grid	420	-280	15118.096	15117.951	-0.145	118.10	-
CTRL_SUDBURY_PUMP	grid	420	-260	15117.416	15117.264	-0.152	117.42	-
CTRL_SUDBURY_PUMP	grid	420	-240	15116.394	15116.244	-0.150	116.39	-
CTRL_SUDBURY_PUMP	grid	420	-220	15115.006	15114.826	-0.179	115.01	-
CTRL_SUDBURY_PUMP	grid	420	-200	15113.189	15113.101	-0.088	113.19	-
CTRL_SUDBURY_PUMP	grid	420	-180	15110.951	15110.671	-0.280	110.95	-
CTRL_SUDBURY_PUMP	grid	420	-160	15108.250	15108.079	-0.170	108.25	-
CTRL_SUDBURY_PUMP	grid	420	-140	15105.111	15104.816	-0.295	105.11	-
CTRL_SUDBURY_PUMP	grid	420	-120	15101.528	15101.494	-0.034	101.53	-
CTRL_SUDBURY_PUMP	grid	420	-100	15097.551	15097.335	-0.216	97.55	-
CTRL_SUDBURY_PUMP	grid	420	-80	15093.228	15093.204	-0.024	93.23	-
CTRL_SUDBURY_PUMP	grid	420	-60	15088.639	15073.263	-15.376	88.64	-
CTRL_SUDBURY_PUMP	grid	420	-40	15051.182	15052.516	1.334	51.18	-
CTRL_SUDBURY_PUMP	grid	420	-20	15040.169	15043.229	3.060	40.17	-
CTRL_SUDBURY_PUMP	grid	420	0	15039.136	15039.164	0.028	39.14	-
CTRL_SUDBURY_PUMP	grid	420	20	15038.111	15038.142	0.032	38.11	-
CTRL_SUDBURY_PUMP	grid	420	40	15037.087	15037.153	0.067	37.09	-
CTRL_SUDBURY_PUMP	grid	420	60	15036.099	15036.163	0.064	36.10	-
CTRL_SUDBURY_PUMP	grid	420	80	15035.139	15035.434	0.295	35.14	-
CTRL_SUDBURY_PUMP	grid	420	100	15034.912	15035.015	0.104	34.91	-
CTRL_SUDBURY_PUMP	grid	420	120	15034.912	15034.945	0.033	34.91	-
CTRL_SUDBURY_PUMP	grid	420	140	15034.912	15034.898	-0.014	34.91	-
CTRL_SUDBURY_PUMP	grid	420	160	15034.912	15034.871	-0.041	34.91	-
CTRL_SUDBURY_PUMP	grid	420	180	15034.912	15034.870	-0.041	34.91	-
CTRL_SUDBURY_PUMP	grid	420	200	15034.912	15034.897	-0.014	34.91	-
CTRL_SUDBURY_PUMP	grid	420	220	15034.912	15034.901	-0.011	34.91	-
CTRL_SUDBURY_PUMP	grid	420	240	15034.966	15034.926	-0.039	34.97	-
CTRL_SUDBURY_PUMP	grid	420	260	15035.035	15035.271	0.236	35.03	-
CTRL_SUDBURY_PUMP	grid	420	280	15034.933	15035.265	0.332	34.93	-
CTRL_SUDBURY_PUMP	grid	420	300	15034.912	15035.447	0.535	34.91	-
CTRL_SUDBURY_PUMP	grid	420	320	15034.912	15035.306	0.394	34.91	-
CTRL_SUDBURY_PUMP	grid	420	340	15034.982	15035.128	0.146	34.98	-
CTRL_SUDBURY_PUMP	grid	420	360	15035.555	15035.596	0.041	35.56	-
CTRL_SUDBURY_PUMP	grid	420	380	15036.294	15036.310	0.016	36.29	-
CTRL_SUDBURY_PUMP	grid	420	400	15037.051	15037.055	0.004	37.05	-
CTRL_SUDBURY_PUMP	grid	420	420	15037.840	15037.833	-0.007	37.84	-
CTRL_SUDBURY_PUMP	grid	420	440	15038.629	15038.704	0.075	38.63	-
CTRL_SUDBURY_PUMP	grid	420	460	15039.505	15039.556	0.051	39.50	-
CTRL_SUDBURY_PUMP	grid	420	480	15040.402	15044.187	3.785	40.40	-
CTRL_SUDBURY_PUMP	grid	420	500	15047.497	15055.241	7.745	47.50	-
CTRL_SUDBURY_PUMP	grid	440	-500	15118.569	15118.559	-0.010	118.57	-
CTRL_SUDBURY_PUMP	grid	440	-480	15118.978	15118.711	-0.267	118.98	-
CTRL_SUDBURY_PUMP	grid	440	-460	15119.066	15118.990	-0.075	119.07	-
CTRL_SUDBURY_PUMP	grid	440	-440	15118.976	15119.005	0.029	118.98	-
CTRL_SUDBURY_PUMP	grid	440	-420	15118.776	15118.844	0.068	118.78	-
CTRL_SUDBURY_PUMP	grid	440	-400	15118.562	15118.648	0.085	118.56	-
CTRL_SUDBURY_PUMP	grid	440	-380	15118.367	15118.452	0.085	118.37	-
CTRL_SUDBURY_PUMP	grid	440	-360	15118.212	15118.186	-0.025	118.21	-
CTRL_SUDBURY_PUMP	grid	440	-340	15118.073	15118.116	0.043	118.07	-
CTRL_SUDBURY_PUMP	grid	440	-320	15117.908	15117.980	0.072	117.91	-
CTRL_SUDBURY_PUMP	grid	440	-300	15117.651	15117.742	0.091	117.65	-
CTRL_SUDBURY_PUMP	grid	440	-280	15117.232	15117.328	0.096	117.23	-
CTRL_SUDBURY_PUMP	grid	440	-260	15116.583	15116.438	-0.145	116.58	-
CTRL_SUDBURY_PUMP	grid	440	-240	15115.633	15115.600	-0.033	115.63	-
CTRL_SUDBURY_PUMP	grid	440	-220	15114.341	15114.191	-0.150	114.34	-
CTRL_SUDBURY_PUMP	grid	440	-200	15112.650	15112.797	0.148	112.65	-
CTRL_SUDBURY_PUMP	grid	440	-180	15110.548	15110.374	-0.173	110.55	-
CTRL_SUDBURY_PUMP	grid	440	-160	15107.995	15108.021	0.026	108.00	-
CTRL_SUDBURY_PUMP	grid	440	-140	15105.011	15104.789	-0.223	105.01	-
CTRL_SUDBURY_PUMP	grid	440	-120	15101.581	15101.520	-0.061	101.58	-
CTRL_SUDBURY_PUMP	grid	440	-100	15097.768	15097.592	-0.176	97.77	-
CTRL_SUDBURY_PUMP	grid	440	-80	15093.603	15093.617	0.014	93.60	-
CTRL_SUDBURY_PUMP	grid	440	-60	15089.169	15077.197	-11.971	89.17	-
CTRL_SUDBURY_PUMP	grid	440	-40	15057.649	15053.251	-4.399	57.65	-
CTRL_SUDBURY_PUMP	grid	440	-20	15040.294	15040.293	-0.001	40.29	-
CTRL_SUDBURY_PUMP	grid	440	0	15039.271	15039.329	0.057	39.27	-
CTRL_SUDBURY_PUMP	grid	440	20	15038.270	15038.346	0.076	38.27	-
CTRL_SUDBURY_PUMP	grid	440	40	15037.281	15037.310	0.029	37.28	-
CTRL_SUDBURY_PUMP	grid	440	60	15036.346	15036.454	0.107	36.35	-
CTRL_SUDBURY_PUMP	grid	440	80	15035.610	15035.753	0.143	35.61	-
CTRL_SUDBURY_PUMP	grid	440	100	15035.101	15035.158	0.057	35.10	-
CTRL_SUDBURY_PUMP	grid	440	120	15034.912	15035.085	0.173	34.91	-
CTRL_SUDBURY_PUMP	grid	440	140	15034.912	15034.875	-0.036	34.91	-
CTRL_SUDBURY_PUMP	grid	440	160	15034.912	15034.877	-0.035	34.91	-
CTRL_SUDBURY_PUMP	grid	440	180	15034.912	15034.891	-0.021	34.91	-
CTRL_SUDBURY_PUMP	grid	440	200	15034.912	15034.889	-0.023	34.91	-
CTRL_SUDBURY_PUMP	grid	440	220	15034.912	15034.877	-0.034	34.91	-
CTRL_SUDBURY_PUMP	grid	440	240	15034.912	15034.877	-0.035	34.91	-
CTRL_SUDBURY_PUMP	grid	440	260	15034.912	15034.899	-0.013	34.91	-
CTRL_SUDBURY_PUMP	grid	440	280	15034.912	15034.957	0.045	34.91	-
CTRL_SUDBURY_PUMP	grid	440	300	15034.912	15035.139	0.227	34.91	-
CTRL_SUDBURY_PUMP	grid	440	320	15034.939	15035.128	0.189	34.94	-
CTRL_SUDBURY_PUMP	grid	440	340	15034.925	15034.999	0.073	34.93	-
CTRL_SUDBURY_PUMP	grid	440	360	15035.097	15035.236	0.140	35.10	-
CTRL_SUDBURY_PUMP	grid	440	380	15035.785	15035.838	0.053	35.79	-
CTRL_SUDBURY_PUMP	grid	440	400	15036.593	15036.581	-0.012	36.59	-
CTRL_SUDBURY_PUMP	grid	440	420	15037.381	15037.456	0.075	37.38	-
CTRL_SUDBURY_PUMP	grid	440	440	15038.264	15038.369	0.105	38.26	-
CTRL_SUDBURY_PUMP	grid	440	460	15039.158	15039.202	0.044	39.16	-
CTRL_SUDBURY_PUMP	grid	440	480	15040.070	15041.231	1.160	40.07	-
CTRL_SUDBURY_PUMP	grid	440	500	15041.053	15053.434	12.381	41.05	-
CTRL_SUDBURY_PUMP	grid	460	-500	15118.560	15118.434	-0.126	118.56	-
CTRL_SUDBURY_PUMP	grid	460	-480	15118.928	15118.822	-0.105	118.93	-
CTRL_SUDBURY_PUMP	grid	460	-460	15118.966	15118.982	0.015	118.97	-
CTRL_SUDBURY_PUMP	grid	460	-440	15118.805	15118.757	-0.048	118.81	-
CTRL_SUDBURY_PUMP	grid	460	-420	15118.531	15118.520	-0.011	118.53	-
CTRL_SUDBURY_PUMP	grid	460	-400	15118.224	15118.350	0.127	118.22	-
CTRL_SUDBURY_PUMP	grid	460	-380	15117.940	15118.153	0.213	117.94	-
CTRL_SUDBURY_PUMP	grid	460	-360	15117.696	15117.925	0.229	117.70	-
CTRL_SUDBURY_PUMP	grid	460	-340	15117.479	15117.562	0.083	117.48	-
CTRL_SUDBURY_PUMP	grid	460	-320	15117.257	15117.276	0.018	117.26	-
CTRL_SUDBURY_PUMP	grid	460	-300	15116.964	15117.036	0.073	116.96	-
CTRL_SUDBURY_PUMP	grid	460	-280	15116.538	15116.824	0.286	116.54	-
CTRL_SUDBURY_PUMP	grid	460	-260	15115.905	15115.950	0.045	115.91	-
CTRL_SUDBURY_PUMP	grid	460	-240	15115.011	15115.181	0.170	115.01	-
CTRL_SUDBURY_PUMP	grid	460	-220	15113.794	15113.626	-0.168	113.79	-
CTRL_SUDBURY_PUMP	grid	460	-200	15112.208	15112.204	-0.003	112.21	-
CTRL_SUDBURY_PUMP	grid	460	-180	15110.221	15110.098	-0.123	110.22	-
CTRL_SUDBURY_PUMP	grid	460	-160	15107.808	15107.868	0.060	107.81	-
CTRL_SUDBURY_PUMP	grid	460	-140	15104.962	15104.974	0.012	104.96	-
CTRL_SUDBURY_PUMP	grid	460	-120	15101.694	15101.580	-0.114	101.69	-
CTRL_SUDBURY_PUMP	grid	460	-100	15098.040	15097.963	-0.078	98.04	-
CTRL_SUDBURY_PUMP	grid	460	-80	15094.043	15094.059	0.016	94.04	-
CTRL_SUDBURY_PUMP	grid	460	-60	15089.778	15083.932	-5.845	89.78	-
CTRL_SUDBURY_PUMP	grid	460	-40	15061.644	15059.877	-1.767	61.64	-
CTRL_SUDBURY_PUMP	grid	460	-20	15040.453	15040.518	0.066	40.45	-
CTRL_SUDBURY_PUMP	grid	460	0	15039.460	15039.520	0.060	39.46	-
CTRL_SUDBURY_PUMP	grid	460	20	15038.487	15038.576	0.088	38.49	-
CTRL_SUDBURY_PUMP	grid	460	40	15037.589	15037.617	0.029	37.59	-
CTRL_SUDBURY_PUMP	grid	460	60	15036.786	15036.886	0.100	36.79	-
CTRL_SUDBURY_PUMP	grid	460	80	15036.279	15036.150	-0.129	36.28	-
CTRL_SUDBURY_PUMP	grid	460	100	15035.493	15035.439	-0.054	35.49	-
CTRL_SUDBURY_PUMP	grid	460	120	15034.912	15035.138	0.226	34.91	-
CTRL_SUDBURY_PUMP	grid	460	140	15034.912	15034.928	0.016	34.91	-
CTRL_SUDBURY_PUMP	grid	460	160	15034.912	15034.872	-0.040	34.91	-
CTRL_SUDBURY_PUMP	grid	460	180	15034.912	15034.892	-0.020	34.91	-
CTRL_SUDBURY_PUMP	grid	460	200	15034.912	15034.883	-0.029	34.91	-
CTRL_SUDBURY_PUMP	grid	460	220	15034.912	15034.879	-0.033	34.91	-
CTRL_SUDBURY_PUMP	grid	460	240	15034.912	15034.885	-0.027	34.91	-
CTRL_SUDBURY_PUMP	grid	460	260	15034.912	15034.876	-0.036	34.91	-
CTRL_SUDBURY_PUMP	grid	460	280	15034.912	15034.880	-0.032	34.91	-
CTRL_SUDBURY_PUMP	grid	460	300	15034.912	15034.924	0.013	34.91	-
CTRL_SUDBURY_PUMP	grid	460	320	15035.066	15034.979	-0.087	35.07	-
CTRL_SUDBURY_PUMP	grid	460	340	15035.286	15034.959	-0.327	35.29	-
CTRL_SUDBURY_PUMP	grid	460	360	15034.913	15035.022	0.109	34.91	-
CTRL_SUDBURY_PUMP	grid	460	380	15035.324	15035.607	0.282	35.32	-
CTRL_SUDBURY_PUMP	grid	460	400	15036.134	15036.225	0.090	36.13	-
CTRL_SUDBURY_PUMP	grid	460	420	15037.023	15037.106	0.083	37.02	-
CTRL_SUDBURY_PUMP	grid	460	440	15037.916	15038.045	0.129	37.92	-
CTRL_SUDBURY_PUMP	grid	460	460	15038.872	15038.894	0.022	38.87	-
CTRL_SUDBURY_PUMP	grid	460	480	15039.880	15039.933	0.054	39.88	-
CTRL_SUDBURY_PUMP	grid	460	500	15040.895	15050.645	9.751	40.89	-
CTRL_SUDBURY_PUMP	grid	480	-500	15118.637	15118.336	-0.301	118.64	-
CTRL_SUDBURY_PUMP	grid	480	-480	15118.971	15118.961	-0.011	118.97	-
CTRL_SUDBURY_PUMP	grid	480	-460	15118.987	15118.994	0.008	118.99	-
CTRL_SUDBURY_PUMP	grid	480	-440	15118.784	15118.910	0.126	118.78	-
CTRL_SUDBURY_PUMP	grid	480	-420	15118.460	15118.506	0.046	118.46	-
CTRL_SUDBURY_PUMP	grid	480	-400	15118.093	15118.135	0.042	118.09	-
CTRL_SUDBURY_PUMP	grid	480	-380	15117.743	15117.880	0.137	117.74	-
CTRL_SUDBURY_PUMP	grid	480	-360	15117.429	15117.708	0.279	117.43	-
CTRL_SUDBURY_PUMP	grid	480	-340	15117.149	15117.356	0.207	117.15	-
CTRL_SUDBURY_PUMP	grid	480	-320	15116.868	15117.169	0.301	116.87	-
CTRL_SUDBURY_PUMP	grid	480	-300	15116.538	15116.609	0.071	116.54	-
CTRL_SUDBURY_PUMP	grid	480	-280	15116.100	15116.145	0.045	116.10	-
CTRL_SUDBURY_PUMP	grid	480	-260	15115.475	15115.524	0.049	115.48	-
CTRL_SUDBURY_PUMP	grid	480	-240	15114.624	15114.855	0.231	114.62	-
CTRL_SUDBURY_PUMP	grid	480	-220	15113.465	15113.637	0.172	113.46	-
CTRL_SUDBURY_PUMP	grid	480	-200	15111.968	15111.935	-0.034	111.97	-
CTRL_SUDBURY_PUMP	grid	480	-180	15110.081	15109.960	-0.120	110.08	-
CTRL_SUDBURY_PUMP	grid	480	-160	15107.789	15107.742	-0.047	107.79	-
CTRL_SUDBURY_PUMP	grid	480	-140	15105.072	15105.231	0.159	105.07	-
CTRL_SUDBURY_PUMP	grid	480	-120	15101.953	15101.863	-0.089	101.95	-
CTRL_SUDBURY_PUMP	grid	480	-100	15098.453	15098.683	0.229	98.45	-
CTRL_SUDBURY_PUMP	grid	480	-80	15094.623	15094.586	-0.036	94.62	-
CTRL_SUDBURY_PUMP	grid	480	-60	15090.523	15090.652	0.129	90.52	-
CTRL_SUDBURY_PUMP	grid	480	-40	15078.928	15067.001	-11.927	78.93	-
CTRL_SUDBURY_PUMP	grid	480	-20	15040.653	15043.734	3.081	40.65	-
CTRL_SUDBURY_PUMP	grid	480	0	15039.725	15039.808	0.083	39.72	-
CTRL_SUDBURY_PUMP	grid	480	20	15038.828	15038.827	-0.001	38.83	-
CTRL_SUDBURY_PUMP	grid	480	40	15038.059	15038.068	0.009	38.06	-
CTRL_SUDBURY_PUMP	grid	480	60	15037.534	15037.337	-0.197	37.53	-
CTRL_SUDBURY_PUMP	grid	480	80	15036.723	15036.612	-0.111	36.72	-
CTRL_SUDBURY_PUMP	grid	480	100	15035.838	15035.827	-0.011	35.84	-
CTRL_SUDBURY_PUMP	grid	480	120	15035.100	15035.253	0.153	35.10	-
CTRL_SUDBURY_PUMP	grid	480	140	15034.912	15035.008	0.096	34.91	-
CTRL_SUDBURY_PUMP	grid	480	160	15034.912	15034.893	-0.019	34.91	-
CTRL_SUDBURY_PUMP	grid	480	180	15034.912	15034.872	-0.040	34.91	-
CTRL_SUDBURY_PUMP	grid	480	200	15034.912	15034.866	-0.045	34.91	-
CTRL_SUDBURY_PUMP	grid	480	220	15034.912	15034.880	-0.032	34.91	-
CTRL_SUDBURY_PUMP	grid	480	240	15034.912	15034.902	-0.010	34.91	-
CTRL_SUDBURY_PUMP	grid	480	260	15034.912	15034.874	-0.038	34.91	-
CTRL_SUDBURY_PUMP	grid	480	280	15034.912	15034.871	-0.041	34.91	-
CTRL_SUDBURY_PUMP	grid	480	300	15034.912	15034.915	0.004	34.91	-
CTRL_SUDBURY_PUMP	grid	480	320	15034.937	15034.931	-0.005	34.94	-
CTRL_SUDBURY_PUMP	grid	480	340	15035.500	15034.938	-0.562	35.50	-
CTRL_SUDBURY_PUMP	grid	480	360	15035.101	15034.952	-0.150	35.10	-
CTRL_SUDBURY_PUMP	grid	480	380	15034.997	15035.421	0.424	35.00	-
CTRL_SUDBURY_PUMP	grid	480	400	15035.785	15036.049	0.264	35.78	-
CTRL_SUDBURY_PUMP	grid	480	420	15036.701	15036.847	0.146	36.70	-
CTRL_SUDBURY_PUMP	grid	480	440	15037.693	15037.741	0.048	37.69	-
CTRL_SUDBURY_PUMP	grid	480	460	15038.711	15038.730	0.019	38.71	-
CTRL_SUDBURY_PUMP	grid	480	480	15039.732	15039.799	0.067	39.73	-
CTRL_SUDBURY_PUMP	grid	480	500	15040.974	15046.568	5.594	40.97	-
CTRL_SUDBURY_PUMP	grid	500	-500	15118.809	15118.618	-0.191	118.81	-
CTRL_SUDBURY_PUMP	grid	500	-480	15119.137	15119.171	0.034	119.14	-
CTRL_SUDBURY_PUMP	grid	500	-460	15119.151	15119.034	-0.117	119.15	-
CTRL_SUDBURY_PUMP	grid	500	-440	15118.932	15119.057	0.126	118.93	-
CTRL_SUDBURY_PUMP	grid	500	-420	15118.585	15118.685	0.100	118.58	-
CTRL_SUDBURY_PUMP	grid	500	-400	15118.191	15118.447	0.257	118.19	-
CTRL_SUDBURY_PUMP	grid	500	-380	15117.800	15117.980	0.179	117.80	-
CTRL_SUDBURY_PUMP	grid	500	-360	15117.445	15117.466	0.022	117.44	-
CTRL_SUDBURY_PUMP	grid	500	-340	15117.120	15117.263	0.143	117.12	-
CTRL_SUDBURY_PUMP	grid	500	-320	15116.801	15117.133	0.332	116.80	-
CTRL_SUDBURY_PUMP	grid	500	-300	15116.444	15116.748	0.304	116.44	-
CTRL_SUDBURY_PUMP	grid	500	-280	15115.989	15116.106	0.117	115.99	-
CTRL_SUDBURY_PUMP	grid	500	-260	15115.377	15115.438	0.061	115.38	-
CTRL_SUDBURY_PUMP	grid	500	-240	15114.543	15114.556	0.013	114.54	-
CTRL_SUDBURY_PUMP	grid	500	-220	15113.435	15113.675	0.240	113.43	-
CTRL_SUDBURY_PUMP	grid	500	-200	15112.008	15112.068	0.060	112.01	-
CTRL_SUDBURY_PUMP	grid	500	-180	15110.205	15110.577	0.372	110.20	-
CTRL_SUDBURY_PUMP	grid	500	-160	15108.016	15107.960	-0.056	108.02	-
CTRL_SUDBURY_PUMP	grid	500	-140	15105.416	15105.452	0.035	105.42	-
CTRL_SUDBURY_PUMP	grid	500	-120	15102.427	15102.372	-0.054	102.43	-
CTRL_SUDBURY_PUMP	grid	500	-100	15099.066	15099.330	0.265	99.07	-
CTRL_SUDBURY_PUMP	grid	500	-80	15095.385	15095.432	0.048	95.38	-
CTRL_SUDBURY_PUMP	grid	500	-60	15091.427	15091.434	0.007	91.43	-
CTRL_SUDBURY_PUMP	grid	500	-40	15084.048	15074.269	-9.778	84.05	-
CTRL_SUDBURY_PUMP	grid	500	-20	15041.776	15050.989	9.213	41.78	-
CTRL_SUDBURY_PUMP	grid	500	0	15040.081	15040.132	0.050	40.08	-
CTRL_SUDBURY_PUMP	grid	500	20	15039.316	15039.287	-0.029	39.32	-
CTRL_SUDBURY_PUMP	grid	500	40	15038.699	15038.535	-0.164	38.70	-
CTRL_SUDBURY_PUMP	grid	500	60	15037.958	15037.811	-0.147	37.96	-
CTRL_SUDBURY_PUMP	grid	500	80	15037.099	15037.079	-0.020	37.10	-
CTRL_SUDBURY_PUMP	grid	500	100	15036.270	15036.191	-0.079	36.27	-
CTRL_SUDBURY_PUMP	grid	500	120	15035.390	15035.435	0.045	35.39	-
CTRL_SUDBURY_PUMP	grid	500	140	15034.917	15035.184	0.267	34.92	-
CTRL_SUDBURY_PUMP	grid	500	160	15034.912	15034.910	-0.002	34.91	-
CTRL_SUDBURY_PUMP	grid	500	180	15034.912	15034.879	-0.033	34.91	-
CTRL_SUDBURY_PUMP	grid	500	200	15034.912	15034.876	-0.036	34.91	-
CTRL_SUDBURY_PUMP	grid	500	220	15034.912	15034.890	-0.022	34.91	-
CTRL_SUDBURY_PUMP	grid	500	240	15034.912	15034.873	-0.039	34.91	-
CTRL_SUDBURY_PUMP	grid	500	260	15034.912	15034.873	-0.039	34.91	-
CTRL_SUDBURY_PUMP	grid	500	280	15034.912	15034.895	-0.017	34.91	-
CTRL_SUDBURY_PUMP	grid	500	300	15034.912	15034.900	-0.011	34.91	-
CTRL_SUDBURY_PUMP	grid	500	320	15034.948	15034.894	-0.054	34.95	-
CTRL_SUDBURY_PUMP	grid	500	340	15035.214	15034.906	-0.308	35.21	-
CTRL_SUDBURY_PUMP	grid	500	360	15035.084	15034.938	-0.146	35.08	-
CTRL_SUDBURY_PUMP	grid	500	380	15034.916	15035.269	0.353	34.92	-
CTRL_SUDBURY_PUMP	grid	500	400	15035.526	15035.899	0.373	35.53	-
CTRL_SUDBURY_PUMP	grid	500	420	15036.535	15036.630	0.095	36.53	-
CTRL_SUDBURY_PUMP	grid	500	440	15037.552	15037.579	0.027	37.55	-
CTRL_SUDBURY_PUMP	grid	500	460	15038.604	15038.673	0.069	38.60	-
CTRL_SUDBURY_PUMP	grid	500	480	15039.675	15039.700	0.025	39.68	-
CTRL_SUDBURY_PUMP	grid	500	500	15040.906	15042.520	1.615	40.91	-
CTRL_SUDBURY_PUMP	summary	6	-162	15030.934	15065.416	34.482	30.93	n=251001 p50=-0.024 p99=14.558 p999=24.700 max=34.482 min=-38.133 gt0.5=25421 gt2=15881 gt5=10530 clip=16468 susp=0
CTRL_VALLEY_CENTER	grid	-500	-500	15253.557	15253.272	-0.285	253.56	-
CTRL_VALLEY_CENTER	grid	-500	-480	15255.162	15254.861	-0.301	255.16	-
CTRL_VALLEY_CENTER	grid	-500	-460	15256.459	15255.875	-0.584	256.46	-
CTRL_VALLEY_CENTER	grid	-500	-440	15257.385	15256.736	-0.649	257.39	-
CTRL_VALLEY_CENTER	grid	-500	-420	15257.899	15257.583	-0.316	257.90	-
CTRL_VALLEY_CENTER	grid	-500	-400	15257.973	15257.264	-0.709	257.97	-
CTRL_VALLEY_CENTER	grid	-500	-380	15257.628	15256.972	-0.656	257.63	-
CTRL_VALLEY_CENTER	grid	-500	-360	15256.905	15256.631	-0.274	256.91	-
CTRL_VALLEY_CENTER	grid	-500	-340	15255.913	15255.599	-0.314	255.91	-
CTRL_VALLEY_CENTER	grid	-500	-320	15254.758	15254.594	-0.165	254.76	-
CTRL_VALLEY_CENTER	grid	-500	-300	15253.539	15253.607	0.068	253.54	-
CTRL_VALLEY_CENTER	grid	-500	-280	15252.370	15252.415	0.046	252.37	-
CTRL_VALLEY_CENTER	grid	-500	-260	15251.300	15251.251	-0.049	251.30	-
CTRL_VALLEY_CENTER	grid	-500	-240	15250.372	15250.375	0.003	250.37	-
CTRL_VALLEY_CENTER	grid	-500	-220	15249.573	15249.589	0.016	249.57	-
CTRL_VALLEY_CENTER	grid	-500	-200	15248.884	15248.877	-0.008	248.88	-
CTRL_VALLEY_CENTER	grid	-500	-180	15248.269	15248.292	0.023	248.27	-
CTRL_VALLEY_CENTER	grid	-500	-160	15247.701	15247.706	0.005	247.70	-
CTRL_VALLEY_CENTER	grid	-500	-140	15247.164	15247.246	0.082	247.16	-
CTRL_VALLEY_CENTER	grid	-500	-120	15246.670	15246.811	0.141	246.67	-
CTRL_VALLEY_CENTER	grid	-500	-100	15246.239	15246.258	0.018	246.24	-
CTRL_VALLEY_CENTER	grid	-500	-80	15245.914	15246.086	0.172	245.91	-
CTRL_VALLEY_CENTER	grid	-500	-60	15245.728	15245.955	0.227	245.73	-
CTRL_VALLEY_CENTER	grid	-500	-40	15245.701	15245.704	0.003	245.70	-
CTRL_VALLEY_CENTER	grid	-500	-20	15245.855	15246.010	0.155	245.86	-
CTRL_VALLEY_CENTER	grid	-500	0	15246.182	15246.333	0.150	246.18	-
CTRL_VALLEY_CENTER	grid	-500	20	15246.657	15246.675	0.018	246.66	-
CTRL_VALLEY_CENTER	grid	-500	40	15247.249	15247.296	0.047	247.25	-
CTRL_VALLEY_CENTER	grid	-500	60	15247.916	15247.945	0.028	247.92	-
CTRL_VALLEY_CENTER	grid	-500	80	15248.612	15248.581	-0.031	248.61	-
CTRL_VALLEY_CENTER	grid	-500	100	15249.308	15249.254	-0.054	249.31	-
CTRL_VALLEY_CENTER	grid	-500	120	15249.961	15250.001	0.040	249.96	-
CTRL_VALLEY_CENTER	grid	-500	140	15250.549	15250.560	0.010	250.55	-
CTRL_VALLEY_CENTER	grid	-500	160	15251.064	15251.106	0.042	251.06	-
CTRL_VALLEY_CENTER	grid	-500	180	15251.486	15251.625	0.138	251.49	-
CTRL_VALLEY_CENTER	grid	-500	200	15251.823	15251.914	0.091	251.82	-
CTRL_VALLEY_CENTER	grid	-500	220	15252.065	15252.206	0.141	252.07	-
CTRL_VALLEY_CENTER	grid	-500	240	15252.221	15252.415	0.194	252.22	-
CTRL_VALLEY_CENTER	grid	-500	260	15252.317	15252.504	0.187	252.32	-
CTRL_VALLEY_CENTER	grid	-500	280	15252.365	15252.594	0.229	252.36	-
CTRL_VALLEY_CENTER	grid	-500	300	15252.404	15252.726	0.323	252.40	-
CTRL_VALLEY_CENTER	grid	-500	320	15252.488	15252.871	0.383	252.49	-
CTRL_VALLEY_CENTER	grid	-500	340	15252.658	15252.936	0.278	252.66	-
CTRL_VALLEY_CENTER	grid	-500	360	15252.981	15253.464	0.483	252.98	-
CTRL_VALLEY_CENTER	grid	-500	380	15253.497	15254.036	0.539	253.50	-
CTRL_VALLEY_CENTER	grid	-500	400	15254.244	15254.524	0.280	254.24	-
CTRL_VALLEY_CENTER	grid	-500	420	15255.250	15255.667	0.417	255.25	-
CTRL_VALLEY_CENTER	grid	-500	440	15256.500	15256.837	0.337	256.50	-
CTRL_VALLEY_CENTER	grid	-500	460	15257.985	15258.140	0.155	257.99	-
CTRL_VALLEY_CENTER	grid	-500	480	15259.694	15259.855	0.161	259.69	-
CTRL_VALLEY_CENTER	grid	-500	500	15261.599	15261.668	0.069	261.60	-
CTRL_VALLEY_CENTER	grid	-480	-500	15254.779	15254.428	-0.351	254.78	-
CTRL_VALLEY_CENTER	grid	-480	-480	15256.518	15256.284	-0.234	256.52	-
CTRL_VALLEY_CENTER	grid	-480	-460	15257.949	15257.677	-0.273	257.95	-
CTRL_VALLEY_CENTER	grid	-480	-440	15258.951	15258.500	-0.451	258.95	-
CTRL_VALLEY_CENTER	grid	-480	-420	15259.499	15259.210	-0.289	259.50	-
CTRL_VALLEY_CENTER	grid	-480	-400	15259.534	15258.934	-0.600	259.53	-
CTRL_VALLEY_CENTER	grid	-480	-380	15259.085	15258.416	-0.669	259.09	-
CTRL_VALLEY_CENTER	grid	-480	-360	15258.209	15257.895	-0.314	258.21	-
CTRL_VALLEY_CENTER	grid	-480	-340	15257.004	15256.368	-0.636	257.00	-
CTRL_VALLEY_CENTER	grid	-480	-320	15255.591	15255.138	-0.454	255.59	-
CTRL_VALLEY_CENTER	grid	-480	-300	15254.105	15253.821	-0.284	254.10	-
CTRL_VALLEY_CENTER	grid	-480	-280	15252.657	15252.373	-0.285	252.66	-
CTRL_VALLEY_CENTER	grid	-480	-260	15251.353	15251.208	-0.145	251.35	-
CTRL_VALLEY_CENTER	grid	-480	-240	15250.218	15250.172	-0.046	250.22	-
CTRL_VALLEY_CENTER	grid	-480	-220	15249.276	15249.244	-0.031	249.28	-
CTRL_VALLEY_CENTER	grid	-480	-200	15248.499	15248.486	-0.013	248.50	-
CTRL_VALLEY_CENTER	grid	-480	-180	15247.853	15247.912	0.059	247.85	-
CTRL_VALLEY_CENTER	grid	-480	-160	15247.309	15247.382	0.073	247.31	-
CTRL_VALLEY_CENTER	grid	-480	-140	15246.833	15246.858	0.025	246.83	-
CTRL_VALLEY_CENTER	grid	-480	-120	15246.419	15246.506	0.088	246.42	-
CTRL_VALLEY_CENTER	grid	-480	-100	15246.080	15246.181	0.101	246.08	-
CTRL_VALLEY_CENTER	grid	-480	-80	15245.839	15245.894	0.055	245.84	-
CTRL_VALLEY_CENTER	grid	-480	-60	15245.722	15245.822	0.099	245.72	-
CTRL_VALLEY_CENTER	grid	-480	-40	15245.753	15245.787	0.034	245.75	-
CTRL_VALLEY_CENTER	grid	-480	-20	15245.946	15246.072	0.126	245.95	-
CTRL_VALLEY_CENTER	grid	-480	0	15246.300	15246.447	0.148	246.30	-
CTRL_VALLEY_CENTER	grid	-480	20	15246.803	15246.859	0.056	246.80	-
CTRL_VALLEY_CENTER	grid	-480	40	15247.425	15247.608	0.183	247.43	-
CTRL_VALLEY_CENTER	grid	-480	60	15248.136	15248.299	0.162	248.14	-
CTRL_VALLEY_CENTER	grid	-480	80	15248.893	15249.052	0.159	248.89	-
CTRL_VALLEY_CENTER	grid	-480	100	15249.661	15249.870	0.209	249.66	-
CTRL_VALLEY_CENTER	grid	-480	120	15250.413	15250.617	0.204	250.41	-
CTRL_VALLEY_CENTER	grid	-480	140	15251.116	15251.309	0.193	251.12	-
CTRL_VALLEY_CENTER	grid	-480	160	15251.745	15251.947	0.203	251.74	-
CTRL_VALLEY_CENTER	grid	-480	180	15252.292	15252.521	0.229	252.29	-
CTRL_VALLEY_CENTER	grid	-480	200	15252.737	15252.890	0.153	252.74	-
CTRL_VALLEY_CENTER	grid	-480	220	15253.086	15253.235	0.149	253.09	-
CTRL_VALLEY_CENTER	grid	-480	240	15253.340	15253.537	0.197	253.34	-
CTRL_VALLEY_CENTER	grid	-480	260	15253.511	15253.640	0.129	253.51	-
CTRL_VALLEY_CENTER	grid	-480	280	15253.646	15253.771	0.125	253.65	-
CTRL_VALLEY_CENTER	grid	-480	300	15253.767	15253.904	0.137	253.77	-
CTRL_VALLEY_CENTER	grid	-480	320	15253.929	15254.070	0.140	253.93	-
CTRL_VALLEY_CENTER	grid	-480	340	15254.203	15254.262	0.060	254.20	-
CTRL_VALLEY_CENTER	grid	-480	360	15254.622	15254.776	0.154	254.62	-
CTRL_VALLEY_CENTER	grid	-480	380	15255.249	15255.527	0.278	255.25	-
CTRL_VALLEY_CENTER	grid	-480	400	15256.116	15256.305	0.189	256.12	-
CTRL_VALLEY_CENTER	grid	-480	420	15257.219	15257.603	0.385	257.22	-
CTRL_VALLEY_CENTER	grid	-480	440	15258.565	15258.934	0.369	258.57	-
CTRL_VALLEY_CENTER	grid	-480	460	15260.139	15260.327	0.189	260.14	-
CTRL_VALLEY_CENTER	grid	-480	480	15261.900	15262.237	0.337	261.90	-
CTRL_VALLEY_CENTER	grid	-480	500	15263.853	15264.093	0.241	263.85	-
CTRL_VALLEY_CENTER	grid	-460	-500	15255.580	15255.092	-0.488	255.58	-
CTRL_VALLEY_CENTER	grid	-460	-480	15257.480	15256.834	-0.646	257.48	-
CTRL_VALLEY_CENTER	grid	-460	-460	15258.996	15258.512	-0.484	259.00	-
CTRL_VALLEY_CENTER	grid	-460	-440	15260.114	15259.063	-1.052	260.11	-
CTRL_VALLEY_CENTER	grid	-460	-420	15260.676	15259.772	-0.903	260.68	-
CTRL_VALLEY_CENTER	grid	-460	-400	15260.721	15259.895	-0.826	260.72	-
CTRL_VALLEY_CENTER	grid	-460	-380	15260.199	15259.012	-1.186	260.20	-
CTRL_VALLEY_CENTER	grid	-460	-360	15259.220	15258.516	-0.703	259.22	-
CTRL_VALLEY_CENTER	grid	-460	-340	15257.858	15257.231	-0.627	257.86	-
CTRL_VALLEY_CENTER	grid	-460	-320	15256.256	15255.570	-0.685	256.26	-
CTRL_VALLEY_CENTER	grid	-460	-300	15254.556	15254.308	-0.248	254.56	-
CTRL_VALLEY_CENTER	grid	-460	-280	15252.901	15252.789	-0.112	252.90	-
CTRL_VALLEY_CENTER	grid	-460	-260	15251.388	15251.284	-0.104	251.39	-
CTRL_VALLEY_CENTER	grid	-460	-240	15250.089	15250.097	0.008	250.09	-
CTRL_VALLEY_CENTER	grid	-460	-220	15249.010	15249.152	0.142	249.01	-
CTRL_VALLEY_CENTER	grid	-460	-200	15248.162	15248.233	0.072	248.16	-
CTRL_VALLEY_CENTER	grid	-460	-180	15247.482	15247.540	0.058	247.48	-
CTRL_VALLEY_CENTER	grid	-460	-160	15246.949	15247.049	0.100	246.95	-
CTRL_VALLEY_CENTER	grid	-460	-140	15246.520	15246.584	0.064	246.52	-
CTRL_VALLEY_CENTER	grid	-460	-120	15246.175	15246.325	0.150	246.17	-
CTRL_VALLEY_CENTER	grid	-460	-100	15245.915	15246.055	0.140	245.91	-
CTRL_VALLEY_CENTER	grid	-460	-80	15245.753	15245.856	0.103	245.75	-
CTRL_VALLEY_CENTER	grid	-460	-60	15245.709	15245.986	0.276	245.71	-
CTRL_VALLEY_CENTER	grid	-460	-40	15245.802	15245.993	0.191	245.80	-
CTRL_VALLEY_CENTER	grid	-460	-20	15246.044	15246.226	0.182	246.04	-
CTRL_VALLEY_CENTER	grid	-460	0	15246.448	15246.781	0.333	246.45	-
CTRL_VALLEY_CENTER	grid	-460	20	15246.994	15247.184	0.190	246.99	-
CTRL_VALLEY_CENTER	grid	-460	40	15247.677	15247.882	0.205	247.68	-
CTRL_VALLEY_CENTER	grid	-460	60	15248.457	15248.747	0.291	248.46	-
CTRL_VALLEY_CENTER	grid	-460	80	15249.301	15249.472	0.172	249.30	-
CTRL_VALLEY_CENTER	grid	-460	100	15250.182	15250.331	0.150	250.18	-
CTRL_VALLEY_CENTER	grid	-460	120	15251.054	15251.227	0.173	251.05	-
CTRL_VALLEY_CENTER	grid	-460	140	15251.891	15252.006	0.116	251.89	-
CTRL_VALLEY_CENTER	grid	-460	160	15252.664	15252.662	-0.002	252.66	-
CTRL_VALLEY_CENTER	grid	-460	180	15253.341	15253.345	0.004	253.34	-
CTRL_VALLEY_CENTER	grid	-460	200	15253.919	15253.864	-0.055	253.92	-
CTRL_VALLEY_CENTER	grid	-460	220	15254.377	15254.279	-0.098	254.38	-
CTRL_VALLEY_CENTER	grid	-460	240	15254.736	15254.778	0.042	254.74	-
CTRL_VALLEY_CENTER	grid	-460	260	15255.007	15255.125	0.118	255.01	-
CTRL_VALLEY_CENTER	grid	-460	280	15255.213	15255.387	0.174	255.21	-
CTRL_VALLEY_CENTER	grid	-460	300	15255.434	15255.677	0.243	255.43	-
CTRL_VALLEY_CENTER	grid	-460	320	15255.691	15256.154	0.463	255.69	-
CTRL_VALLEY_CENTER	grid	-460	340	15256.052	15256.505	0.453	256.05	-
CTRL_VALLEY_CENTER	grid	-460	360	15256.587	15257.002	0.416	256.59	-
CTRL_VALLEY_CENTER	grid	-460	380	15257.313	15258.001	0.688	257.31	-
CTRL_VALLEY_CENTER	grid	-460	400	15258.271	15258.784	0.513	258.27	-
CTRL_VALLEY_CENTER	grid	-460	420	15259.470	15259.888	0.419	259.47	-
CTRL_VALLEY_CENTER	grid	-460	440	15260.877	15261.398	0.520	260.88	-
CTRL_VALLEY_CENTER	grid	-460	460	15262.501	15262.798	0.298	262.50	-
CTRL_VALLEY_CENTER	grid	-460	480	15264.299	15264.550	0.252	264.30	-
CTRL_VALLEY_CENTER	grid	-460	500	15266.248	15266.502	0.254	266.25	-
CTRL_VALLEY_CENTER	grid	-440	-500	15250.859	15246.560	-4.299	250.86	-
CTRL_VALLEY_CENTER	grid	-440	-480	15257.926	15255.303	-2.623	257.93	-
CTRL_VALLEY_CENTER	grid	-440	-460	15259.558	15258.975	-0.583	259.56	-
CTRL_VALLEY_CENTER	grid	-440	-440	15260.724	15259.858	-0.866	260.72	-
CTRL_VALLEY_CENTER	grid	-440	-420	15261.373	15260.420	-0.953	261.37	-
CTRL_VALLEY_CENTER	grid	-440	-400	15261.412	15261.062	-0.350	261.41	-
CTRL_VALLEY_CENTER	grid	-440	-380	15260.904	15260.179	-0.725	260.90	-
CTRL_VALLEY_CENTER	grid	-440	-360	15259.855	15259.324	-0.531	259.85	-
CTRL_VALLEY_CENTER	grid	-440	-340	15258.423	15258.282	-0.141	258.42	-
CTRL_VALLEY_CENTER	grid	-440	-320	15256.693	15256.582	-0.111	256.69	-
CTRL_VALLEY_CENTER	grid	-440	-300	15254.867	15254.798	-0.069	254.87	-
CTRL_VALLEY_CENTER	grid	-440	-280	15253.068	15253.165	0.097	253.07	-
CTRL_VALLEY_CENTER	grid	-440	-260	15251.415	15251.593	0.179	251.41	-
CTRL_VALLEY_CENTER	grid	-440	-240	15249.994	15250.049	0.055	249.99	-
CTRL_VALLEY_CENTER	grid	-440	-220	15248.832	15249.099	0.266	248.83	-
CTRL_VALLEY_CENTER	grid	-440	-200	15247.908	15248.179	0.271	247.91	-
CTRL_VALLEY_CENTER	grid	-440	-180	15247.216	15247.372	0.156	247.22	-
CTRL_VALLEY_CENTER	grid	-440	-160	15246.685	15246.965	0.279	246.69	-
CTRL_VALLEY_CENTER	grid	-440	-140	15246.294	15246.500	0.206	246.29	-
CTRL_VALLEY_CENTER	grid	-440	-120	15246.005	15246.203	0.198	246.00	-
CTRL_VALLEY_CENTER	grid	-440	-100	15245.807	15246.095	0.287	245.81	-
CTRL_VALLEY_CENTER	grid	-440	-80	15245.719	15245.867	0.148	245.72	-
CTRL_VALLEY_CENTER	grid	-440	-60	15245.737	15245.954	0.217	245.74	-
CTRL_VALLEY_CENTER	grid	-440	-40	15245.892	15246.172	0.280	245.89	-
CTRL_VALLEY_CENTER	grid	-440	-20	15246.198	15246.269	0.070	246.20	-
CTRL_VALLEY_CENTER	grid	-440	0	15246.662	15246.850	0.188	246.66	-
CTRL_VALLEY_CENTER	grid	-440	20	15247.278	15247.458	0.180	247.28	-
CTRL_VALLEY_CENTER	grid	-440	40	15248.035	15248.093	0.058	248.03	-
CTRL_VALLEY_CENTER	grid	-440	60	15248.914	15248.958	0.044	248.91	-
CTRL_VALLEY_CENTER	grid	-440	80	15249.875	15249.913	0.038	249.87	-
CTRL_VALLEY_CENTER	grid	-440	100	15250.890	15250.979	0.089	250.89	-
CTRL_VALLEY_CENTER	grid	-440	120	15251.917	15252.013	0.097	251.92	-
CTRL_VALLEY_CENTER	grid	-440	140	15252.907	15253.075	0.168	252.91	-
CTRL_VALLEY_CENTER	grid	-440	160	15253.842	15254.006	0.164	253.84	-
CTRL_VALLEY_CENTER	grid	-440	180	15254.673	15254.826	0.153	254.67	-
CTRL_VALLEY_CENTER	grid	-440	200	15255.386	15255.648	0.262	255.39	-
CTRL_VALLEY_CENTER	grid	-440	220	15255.976	15256.163	0.188	255.98	-
CTRL_VALLEY_CENTER	grid	-440	240	15256.438	15256.663	0.224	256.44	-
CTRL_VALLEY_CENTER	grid	-440	260	15256.812	15257.121	0.309	256.81	-
CTRL_VALLEY_CENTER	grid	-440	280	15257.124	15257.466	0.342	257.12	-
CTRL_VALLEY_CENTER	grid	-440	300	15257.424	15257.770	0.346	257.42	-
CTRL_VALLEY_CENTER	grid	-440	320	15257.789	15258.208	0.419	257.79	-
CTRL_VALLEY_CENTER	grid	-440	340	15258.256	15258.761	0.506	258.26	-
CTRL_VALLEY_CENTER	grid	-440	360	15258.881	15259.220	0.339	258.88	-
CTRL_VALLEY_CENTER	grid	-440	380	15259.714	15260.112	0.398	259.71	-
CTRL_VALLEY_CENTER	grid	-440	400	15260.754	15261.138	0.384	260.75	-
CTRL_VALLEY_CENTER	grid	-440	420	15262.010	15262.136	0.126	262.01	-
CTRL_VALLEY_CENTER	grid	-440	440	15263.471	15263.646	0.175	263.47	-
CTRL_VALLEY_CENTER	grid	-440	460	15265.097	15265.192	0.095	265.10	-
CTRL_VALLEY_CENTER	grid	-440	480	15266.882	15266.901	0.019	266.88	-
CTRL_VALLEY_CENTER	grid	-440	500	15268.800	15268.874	0.075	268.80	-
CTRL_VALLEY_CENTER	grid	-420	-500	15234.551	15236.505	1.955	234.55	-
CTRL_VALLEY_CENTER	grid	-420	-480	15249.380	15245.236	-4.143	249.38	-
CTRL_VALLEY_CENTER	grid	-420	-460	15259.565	15253.904	-5.661	259.57	-
CTRL_VALLEY_CENTER	grid	-420	-440	15260.797	15260.391	-0.406	260.80	-
CTRL_VALLEY_CENTER	grid	-420	-420	15261.492	15260.715	-0.777	261.49	-
CTRL_VALLEY_CENTER	grid	-420	-400	15261.593	15261.067	-0.526	261.59	-
CTRL_VALLEY_CENTER	grid	-420	-380	15261.099	15260.432	-0.667	261.10	-
CTRL_VALLEY_CENTER	grid	-420	-360	15260.085	15259.357	-0.728	260.09	-
CTRL_VALLEY_CENTER	grid	-420	-340	15258.625	15258.309	-0.315	258.62	-
CTRL_VALLEY_CENTER	grid	-420	-320	15256.887	15256.599	-0.288	256.89	-
CTRL_VALLEY_CENTER	grid	-420	-300	15255.004	15254.817	-0.187	255.00	-
CTRL_VALLEY_CENTER	grid	-420	-280	15253.155	15253.128	-0.027	253.15	-
CTRL_VALLEY_CENTER	grid	-420	-260	15251.441	15251.661	0.220	251.44	-
CTRL_VALLEY_CENTER	grid	-420	-240	15249.959	15250.135	0.176	249.96	-
CTRL_VALLEY_CENTER	grid	-420	-220	15248.749	15248.969	0.220	248.75	-
CTRL_VALLEY_CENTER	grid	-420	-200	15247.801	15248.127	0.326	247.80	-
CTRL_VALLEY_CENTER	grid	-420	-180	15247.087	15247.259	0.172	247.09	-
CTRL_VALLEY_CENTER	grid	-420	-160	15246.577	15246.776	0.199	246.58	-
CTRL_VALLEY_CENTER	grid	-420	-140	15246.202	15246.401	0.198	246.20	-
CTRL_VALLEY_CENTER	grid	-420	-120	15245.961	15246.037	0.076	245.96	-
CTRL_VALLEY_CENTER	grid	-420	-100	15245.818	15245.929	0.111	245.82	-
CTRL_VALLEY_CENTER	grid	-420	-80	15245.783	15245.847	0.065	245.78	-
CTRL_VALLEY_CENTER	grid	-420	-60	15245.863	15245.931	0.068	245.86	-
CTRL_VALLEY_CENTER	grid	-420	-40	15246.075	15246.240	0.166	246.07	-
CTRL_VALLEY_CENTER	grid	-420	-20	15246.447	15246.577	0.130	246.45	-
CTRL_VALLEY_CENTER	grid	-420	0	15246.978	15247.277	0.299	246.98	-
CTRL_VALLEY_CENTER	grid	-420	20	15247.676	15247.988	0.312	247.68	-
CTRL_VALLEY_CENTER	grid	-420	40	15248.534	15248.727	0.193	248.53	-
CTRL_VALLEY_CENTER	grid	-420	60	15249.527	15249.993	0.466	249.53	-
CTRL_VALLEY_CENTER	grid	-420	80	15250.638	15251.010	0.372	250.64	-
CTRL_VALLEY_CENTER	grid	-420	100	15251.810	15252.096	0.286	251.81	-
CTRL_VALLEY_CENTER	grid	-420	120	15253.011	15253.402	0.391	253.01	-
CTRL_VALLEY_CENTER	grid	-420	140	15254.186	15254.510	0.324	254.19	-
CTRL_VALLEY_CENTER	grid	-420	160	15255.291	15255.528	0.237	255.29	-
CTRL_VALLEY_CENTER	grid	-420	180	15256.293	15256.486	0.192	256.29	-
CTRL_VALLEY_CENTER	grid	-420	200	15257.159	15257.383	0.224	257.16	-
CTRL_VALLEY_CENTER	grid	-420	220	15257.875	15258.007	0.133	257.87	-
CTRL_VALLEY_CENTER	grid	-420	240	15258.468	15258.551	0.083	258.47	-
CTRL_VALLEY_CENTER	grid	-420	260	15258.941	15259.102	0.161	258.94	-
CTRL_VALLEY_CENTER	grid	-420	280	15259.356	15259.457	0.101	259.36	-
CTRL_VALLEY_CENTER	grid	-420	300	15259.771	15259.828	0.058	259.77	-
CTRL_VALLEY_CENTER	grid	-420	320	15260.226	15260.250	0.023	260.23	-
CTRL_VALLEY_CENTER	grid	-420	340	15260.803	15260.981	0.178	260.80	-
CTRL_VALLEY_CENTER	grid	-420	360	15261.542	15261.739	0.197	261.54	-
CTRL_VALLEY_CENTER	grid	-420	380	15262.450	15262.714	0.264	262.45	-
CTRL_VALLEY_CENTER	grid	-420	400	15263.569	15263.894	0.325	263.57	-
CTRL_VALLEY_CENTER	grid	-420	420	15264.869	15265.102	0.233	264.87	-
CTRL_VALLEY_CENTER	grid	-420	440	15266.327	15266.488	0.161	266.33	-
CTRL_VALLEY_CENTER	grid	-420	460	15267.942	15268.084	0.142	267.94	-
CTRL_VALLEY_CENTER	grid	-420	480	15269.662	15269.738	0.076	269.66	-
CTRL_VALLEY_CENTER	grid	-420	500	15271.491	15271.478	-0.013	271.49	-
CTRL_VALLEY_CENTER	grid	-400	-500	15233.541	15233.491	-0.051	233.54	-
CTRL_VALLEY_CENTER	grid	-400	-480	15234.099	15234.102	0.004	234.10	-
CTRL_VALLEY_CENTER	grid	-400	-460	15240.842	15241.382	0.540	240.84	-
CTRL_VALLEY_CENTER	grid	-400	-440	15260.316	15249.808	-10.508	260.32	-
CTRL_VALLEY_CENTER	grid	-400	-420	15261.044	15257.817	-3.227	261.04	-
CTRL_VALLEY_CENTER	grid	-400	-400	15261.226	15260.263	-0.963	261.23	-
CTRL_VALLEY_CENTER	grid	-400	-380	15260.805	15260.155	-0.650	260.81	-
CTRL_VALLEY_CENTER	grid	-400	-360	15259.865	15259.049	-0.817	259.87	-
CTRL_VALLEY_CENTER	grid	-400	-340	15258.477	15257.988	-0.490	258.48	-
CTRL_VALLEY_CENTER	grid	-400	-320	15256.796	15256.530	-0.266	256.80	-
CTRL_VALLEY_CENTER	grid	-400	-300	15254.976	15254.822	-0.154	254.98	-
CTRL_VALLEY_CENTER	grid	-400	-280	15253.153	15253.107	-0.045	253.15	-
CTRL_VALLEY_CENTER	grid	-400	-260	15251.465	15251.615	0.150	251.47	-
CTRL_VALLEY_CENTER	grid	-400	-240	15250.002	15250.175	0.173	250.00	-
CTRL_VALLEY_CENTER	grid	-400	-220	15248.795	15248.851	0.056	248.80	-
CTRL_VALLEY_CENTER	grid	-400	-200	15247.858	15248.048	0.190	247.86	-
CTRL_VALLEY_CENTER	grid	-400	-180	15247.160	15247.328	0.168	247.16	-
CTRL_VALLEY_CENTER	grid	-400	-160	15246.660	15246.830	0.170	246.66	-
CTRL_VALLEY_CENTER	grid	-400	-140	15246.323	15246.546	0.223	246.32	-
CTRL_VALLEY_CENTER	grid	-400	-120	15246.099	15246.289	0.190	246.10	-
CTRL_VALLEY_CENTER	grid	-400	-100	15246.004	15246.271	0.267	246.00	-
CTRL_VALLEY_CENTER	grid	-400	-80	15246.007	15246.280	0.273	246.01	-
CTRL_VALLEY_CENTER	grid	-400	-60	15246.135	15246.322	0.187	246.13	-
CTRL_VALLEY_CENTER	grid	-400	-40	15246.400	15246.808	0.408	246.40	-
CTRL_VALLEY_CENTER	grid	-400	-20	15246.827	15247.177	0.351	246.83	-
CTRL_VALLEY_CENTER	grid	-400	0	15247.436	15247.713	0.277	247.44	-
CTRL_VALLEY_CENTER	grid	-400	20	15248.220	15248.703	0.483	248.22	-
CTRL_VALLEY_CENTER	grid	-400	40	15249.190	15249.541	0.351	249.19	-
CTRL_VALLEY_CENTER	grid	-400	60	15250.322	15250.611	0.290	250.32	-
CTRL_VALLEY_CENTER	grid	-400	80	15251.585	15251.955	0.371	251.58	-
CTRL_VALLEY_CENTER	grid	-400	100	15252.935	15253.177	0.242	252.94	-
CTRL_VALLEY_CENTER	grid	-400	120	15254.331	15254.439	0.108	254.33	-
CTRL_VALLEY_CENTER	grid	-400	140	15255.705	15255.772	0.067	255.71	-
CTRL_VALLEY_CENTER	grid	-400	160	15257.004	15257.050	0.045	257.00	-
CTRL_VALLEY_CENTER	grid	-400	180	15258.181	15258.007	-0.174	258.18	-
CTRL_VALLEY_CENTER	grid	-400	200	15259.212	15259.108	-0.104	259.21	-
CTRL_VALLEY_CENTER	grid	-400	220	15260.074	15260.120	0.046	260.07	-
CTRL_VALLEY_CENTER	grid	-400	240	15260.788	15260.792	0.004	260.79	-
CTRL_VALLEY_CENTER	grid	-400	260	15261.386	15261.490	0.104	261.39	-
CTRL_VALLEY_CENTER	grid	-400	280	15261.908	15262.203	0.295	261.91	-
CTRL_VALLEY_CENTER	grid	-400	300	15262.432	15262.759	0.327	262.43	-
CTRL_VALLEY_CENTER	grid	-400	320	15263.012	15263.312	0.301	263.01	-
CTRL_VALLEY_CENTER	grid	-400	340	15263.688	15264.194	0.505	263.69	-
CTRL_VALLEY_CENTER	grid	-400	360	15264.532	15265.031	0.500	264.53	-
CTRL_VALLEY_CENTER	grid	-400	380	15265.534	15265.843	0.308	265.53	-
CTRL_VALLEY_CENTER	grid	-400	400	15266.690	15267.087	0.397	266.69	-
CTRL_VALLEY_CENTER	grid	-400	420	15268.021	15268.333	0.312	268.02	-
CTRL_VALLEY_CENTER	grid	-400	440	15269.467	15269.634	0.167	269.47	-
CTRL_VALLEY_CENTER	grid	-400	460	15271.002	15271.121	0.119	271.00	-
CTRL_VALLEY_CENTER	grid	-400	480	15272.635	15272.659	0.025	272.63	-
CTRL_VALLEY_CENTER	grid	-400	500	15274.328	15274.375	0.047	274.33	-
CTRL_VALLEY_CENTER	grid	-380	-500	15232.725	15232.660	-0.065	232.72	-
CTRL_VALLEY_CENTER	grid	-380	-480	15233.315	15233.301	-0.014	233.32	-
CTRL_VALLEY_CENTER	grid	-380	-460	15233.921	15233.917	-0.004	233.92	-
CTRL_VALLEY_CENTER	grid	-380	-440	15238.493	15237.331	-1.162	238.49	-
CTRL_VALLEY_CENTER	grid	-380	-420	15258.358	15245.476	-12.881	258.36	-
CTRL_VALLEY_CENTER	grid	-380	-400	15260.320	15253.508	-6.812	260.32	-
CTRL_VALLEY_CENTER	grid	-380	-380	15260.043	15259.864	-0.179	260.04	-
CTRL_VALLEY_CENTER	grid	-380	-360	15259.217	15258.802	-0.415	259.22	-
CTRL_VALLEY_CENTER	grid	-380	-340	15257.990	15257.630	-0.359	257.99	-
CTRL_VALLEY_CENTER	grid	-380	-320	15256.451	15256.518	0.067	256.45	-
CTRL_VALLEY_CENTER	grid	-380	-300	15254.774	15254.833	0.059	254.77	-
CTRL_VALLEY_CENTER	grid	-380	-280	15253.083	15253.175	0.092	253.08	-
CTRL_VALLEY_CENTER	grid	-380	-260	15251.508	15251.917	0.409	251.51	-
CTRL_VALLEY_CENTER	grid	-380	-240	15250.134	15250.587	0.454	250.13	-
CTRL_VALLEY_CENTER	grid	-380	-220	15249.000	15249.255	0.255	249.00	-
CTRL_VALLEY_CENTER	grid	-380	-200	15248.107	15248.574	0.468	248.11	-
CTRL_VALLEY_CENTER	grid	-380	-180	15247.459	15247.898	0.439	247.46	-
CTRL_VALLEY_CENTER	grid	-380	-160	15246.989	15247.251	0.262	246.99	-
CTRL_VALLEY_CENTER	grid	-380	-140	15246.673	15247.022	0.348	246.67	-
CTRL_VALLEY_CENTER	grid	-380	-120	15246.485	15246.786	0.301	246.48	-
CTRL_VALLEY_CENTER	grid	-380	-100	15246.400	15246.665	0.265	246.40	-
CTRL_VALLEY_CENTER	grid	-380	-80	15246.442	15246.746	0.304	246.44	-
CTRL_VALLEY_CENTER	grid	-380	-60	15246.596	15246.822	0.226	246.60	-
CTRL_VALLEY_CENTER	grid	-380	-40	15246.905	15247.161	0.256	246.90	-
CTRL_VALLEY_CENTER	grid	-380	-20	15247.387	15247.675	0.288	247.39	-
CTRL_VALLEY_CENTER	grid	-380	0	15248.055	15248.168	0.113	248.05	-
CTRL_VALLEY_CENTER	grid	-380	20	15248.930	15249.111	0.181	248.93	-
CTRL_VALLEY_CENTER	grid	-380	40	15250.011	15250.128	0.118	250.01	-
CTRL_VALLEY_CENTER	grid	-380	60	15251.284	15251.372	0.087	251.28	-
CTRL_VALLEY_CENTER	grid	-380	80	15252.713	15252.869	0.156	252.71	-
CTRL_VALLEY_CENTER	grid	-380	100	15254.252	15254.393	0.141	254.25	-
CTRL_VALLEY_CENTER	grid	-380	120	15255.848	15256.032	0.185	255.85	-
CTRL_VALLEY_CENTER	grid	-380	140	15257.427	15257.546	0.120	257.43	-
CTRL_VALLEY_CENTER	grid	-380	160	15258.930	15259.055	0.125	258.93	-
CTRL_VALLEY_CENTER	grid	-380	180	15260.299	15260.387	0.089	260.30	-
CTRL_VALLEY_CENTER	grid	-380	200	15261.497	15261.551	0.054	261.50	-
CTRL_VALLEY_CENTER	grid	-380	220	15262.515	15262.693	0.178	262.52	-
CTRL_VALLEY_CENTER	grid	-380	240	15263.366	15263.508	0.142	263.37	-
CTRL_VALLEY_CENTER	grid	-380	260	15264.089	15264.271	0.182	264.09	-
CTRL_VALLEY_CENTER	grid	-380	280	15264.740	15264.993	0.252	264.74	-
CTRL_VALLEY_CENTER	grid	-380	300	15265.386	15265.722	0.336	265.39	-
CTRL_VALLEY_CENTER	grid	-380	320	15266.086	15266.426	0.340	266.09	-
CTRL_VALLEY_CENTER	grid	-380	340	15266.888	15267.168	0.281	266.89	-
CTRL_VALLEY_CENTER	grid	-380	360	15267.826	15268.144	0.318	267.83	-
CTRL_VALLEY_CENTER	grid	-380	380	15268.909	15269.138	0.229	268.91	-
CTRL_VALLEY_CENTER	grid	-380	400	15270.122	15270.244	0.122	270.12	-
CTRL_VALLEY_CENTER	grid	-380	420	15271.439	15271.517	0.078	271.44	-
CTRL_VALLEY_CENTER	grid	-380	440	15272.840	15272.840	-0.001	272.84	-
CTRL_VALLEY_CENTER	grid	-380	460	15274.287	15274.222	-0.066	274.29	-
CTRL_VALLEY_CENTER	grid	-380	480	15275.759	15275.689	-0.070	275.76	-
CTRL_VALLEY_CENTER	grid	-380	500	15277.280	15277.129	-0.151	277.28	-
CTRL_VALLEY_CENTER	grid	-360	-500	15231.915	15231.908	-0.008	231.92	-
CTRL_VALLEY_CENTER	grid	-360	-480	15232.525	15232.520	-0.005	232.53	-
CTRL_VALLEY_CENTER	grid	-360	-460	15233.136	15233.113	-0.023	233.14	-
CTRL_VALLEY_CENTER	grid	-360	-440	15233.797	15233.733	-0.064	233.80	-
CTRL_VALLEY_CENTER	grid	-360	-420	15235.201	15234.216	-0.985	235.20	-
CTRL_VALLEY_CENTER	grid	-360	-400	15246.288	15241.042	-5.246	246.29	-
CTRL_VALLEY_CENTER	grid	-360	-380	15243.719	15249.060	5.340	243.72	-
CTRL_VALLEY_CENTER	grid	-360	-360	15256.238	15255.202	-1.036	256.24	-
CTRL_VALLEY_CENTER	grid	-360	-340	15257.177	15255.721	-1.456	257.18	-
CTRL_VALLEY_CENTER	grid	-360	-320	15255.890	15254.427	-1.464	255.89	-
CTRL_VALLEY_CENTER	grid	-360	-300	15254.430	15254.256	-0.174	254.43	-
CTRL_VALLEY_CENTER	grid	-360	-280	15252.965	15253.314	0.349	252.96	-
CTRL_VALLEY_CENTER	grid	-360	-260	15251.583	15251.814	0.230	251.58	-
CTRL_VALLEY_CENTER	grid	-360	-240	15250.372	15250.892	0.520	250.37	-
CTRL_VALLEY_CENTER	grid	-360	-220	15249.369	15249.821	0.452	249.37	-
CTRL_VALLEY_CENTER	grid	-360	-200	15248.583	15248.871	0.288	248.58	-
CTRL_VALLEY_CENTER	grid	-360	-180	15247.992	15248.347	0.354	247.99	-
CTRL_VALLEY_CENTER	grid	-360	-160	15247.584	15247.801	0.217	247.58	-
CTRL_VALLEY_CENTER	grid	-360	-140	15247.298	15247.462	0.164	247.30	-
CTRL_VALLEY_CENTER	grid	-360	-120	15247.131	15247.259	0.128	247.13	-
CTRL_VALLEY_CENTER	grid	-360	-100	15247.069	15247.085	0.016	247.07	-
CTRL_VALLEY_CENTER	grid	-360	-80	15247.112	15247.234	0.122	247.11	-
CTRL_VALLEY_CENTER	grid	-360	-60	15247.292	15247.440	0.148	247.29	-
CTRL_VALLEY_CENTER	grid	-360	-40	15247.616	15247.825	0.209	247.62	-
CTRL_VALLEY_CENTER	grid	-360	-20	15248.139	15248.466	0.327	248.14	-
CTRL_VALLEY_CENTER	grid	-360	0	15248.866	15249.118	0.252	248.87	-
CTRL_VALLEY_CENTER	grid	-360	20	15249.813	15250.223	0.410	249.81	-
CTRL_VALLEY_CENTER	grid	-360	40	15251.001	15251.468	0.467	251.00	-
CTRL_VALLEY_CENTER	grid	-360	60	15252.403	15252.648	0.245	252.40	-
CTRL_VALLEY_CENTER	grid	-360	80	15253.994	15254.405	0.411	253.99	-
CTRL_VALLEY_CENTER	grid	-360	100	15255.715	15256.114	0.399	255.71	-
CTRL_VALLEY_CENTER	grid	-360	120	15257.510	15257.681	0.171	257.51	-
CTRL_VALLEY_CENTER	grid	-360	140	15259.296	15259.458	0.162	259.30	-
CTRL_VALLEY_CENTER	grid	-360	160	15261.001	15261.169	0.168	261.00	-
CTRL_VALLEY_CENTER	grid	-360	180	15262.562	15262.610	0.048	262.56	-
CTRL_VALLEY_CENTER	grid	-360	200	15263.937	15263.883	-0.055	263.94	-
CTRL_VALLEY_CENTER	grid	-360	220	15265.124	15265.165	0.041	265.12	-
CTRL_VALLEY_CENTER	grid	-360	240	15266.123	15266.119	-0.004	266.12	-
CTRL_VALLEY_CENTER	grid	-360	260	15266.989	15266.943	-0.046	266.99	-
CTRL_VALLEY_CENTER	grid	-360	280	15267.780	15267.794	0.013	267.78	-
CTRL_VALLEY_CENTER	grid	-360	300	15268.562	15268.589	0.027	268.56	-
CTRL_VALLEY_CENTER	grid	-360	320	15269.398	15269.470	0.071	269.40	-
CTRL_VALLEY_CENTER	grid	-360	340	15270.324	15270.396	0.071	270.32	-
CTRL_VALLEY_CENTER	grid	-360	360	15271.371	15271.531	0.160	271.37	-
CTRL_VALLEY_CENTER	grid	-360	380	15272.526	15272.647	0.121	272.53	-
CTRL_VALLEY_CENTER	grid	-360	400	15273.770	15273.773	0.003	273.77	-
CTRL_VALLEY_CENTER	grid	-360	420	15275.075	15274.973	-0.102	275.08	-
CTRL_VALLEY_CENTER	grid	-360	440	15276.392	15276.315	-0.077	276.39	-
CTRL_VALLEY_CENTER	grid	-360	460	15277.715	15277.476	-0.238	277.71	-
CTRL_VALLEY_CENTER	grid	-360	480	15279.018	15278.566	-0.452	279.02	-
CTRL_VALLEY_CENTER	grid	-360	500	15280.301	15280.061	-0.241	280.30	-
CTRL_VALLEY_CENTER	grid	-340	-500	15231.131	15231.120	-0.012	231.13	-
CTRL_VALLEY_CENTER	grid	-340	-480	15231.738	15231.728	-0.010	231.74	-
CTRL_VALLEY_CENTER	grid	-340	-460	15232.377	15232.265	-0.112	232.38	-
CTRL_VALLEY_CENTER	grid	-340	-440	15233.013	15232.833	-0.181	233.01	-
CTRL_VALLEY_CENTER	grid	-340	-420	15233.607	15233.480	-0.127	233.61	-
CTRL_VALLEY_CENTER	grid	-340	-400	15233.953	15233.665	-0.289	233.95	-
CTRL_VALLEY_CENTER	grid	-340	-380	15234.027	15236.530	2.503	234.03	-
CTRL_VALLEY_CENTER	grid	-340	-360	15234.263	15243.741	9.477	234.26	-
CTRL_VALLEY_CENTER	grid	-340	-340	15234.606	15248.738	14.132	234.61	-
CTRL_VALLEY_CENTER	grid	-340	-320	15243.812	15252.545	8.734	243.81	-
CTRL_VALLEY_CENTER	grid	-340	-300	15254.000	15251.949	-2.051	254.00	-
CTRL_VALLEY_CENTER	grid	-340	-280	15252.816	15251.917	-0.899	252.82	-
CTRL_VALLEY_CENTER	grid	-340	-260	15251.713	15251.849	0.136	251.71	-
CTRL_VALLEY_CENTER	grid	-340	-240	15250.731	15250.816	0.085	250.73	-
CTRL_VALLEY_CENTER	grid	-340	-220	15249.917	15250.025	0.108	249.92	-
CTRL_VALLEY_CENTER	grid	-340	-200	15249.274	15249.387	0.113	249.27	-
CTRL_VALLEY_CENTER	grid	-340	-180	15248.797	15249.021	0.224	248.80	-
CTRL_VALLEY_CENTER	grid	-340	-160	15248.447	15248.659	0.212	248.45	-
CTRL_VALLEY_CENTER	grid	-340	-140	15248.211	15248.405	0.193	248.21	-
CTRL_VALLEY_CENTER	grid	-340	-120	15248.059	15248.305	0.246	248.06	-
CTRL_VALLEY_CENTER	grid	-340	-100	15248.009	15248.233	0.225	248.01	-
CTRL_VALLEY_CENTER	grid	-340	-80	15248.055	15248.347	0.292	248.06	-
CTRL_VALLEY_CENTER	grid	-340	-60	15248.231	15248.561	0.329	248.23	-
CTRL_VALLEY_CENTER	grid	-340	-40	15248.573	15248.794	0.221	248.57	-
CTRL_VALLEY_CENTER	grid	-340	-20	15249.100	15249.539	0.439	249.10	-
CTRL_VALLEY_CENTER	grid	-340	0	15249.870	15250.295	0.425	249.87	-
CTRL_VALLEY_CENTER	grid	-340	20	15250.875	15251.120	0.245	250.87	-
CTRL_VALLEY_CENTER	grid	-340	40	15252.141	15252.592	0.451	252.14	-
CTRL_VALLEY_CENTER	grid	-340	60	15253.658	15254.043	0.385	253.66	-
CTRL_VALLEY_CENTER	grid	-340	80	15255.388	15255.553	0.165	255.39	-
CTRL_VALLEY_CENTER	grid	-340	100	15257.270	15257.462	0.192	257.27	-
CTRL_VALLEY_CENTER	grid	-340	120	15259.250	15259.397	0.147	259.25	-
CTRL_VALLEY_CENTER	grid	-340	140	15261.231	15261.135	-0.096	261.23	-
CTRL_VALLEY_CENTER	grid	-340	160	15263.124	15262.953	-0.171	263.12	-
CTRL_VALLEY_CENTER	grid	-340	180	15264.881	15264.847	-0.034	264.88	-
CTRL_VALLEY_CENTER	grid	-340	200	15266.440	15266.260	-0.181	266.44	-
CTRL_VALLEY_CENTER	grid	-340	220	15267.790	15267.617	-0.172	267.79	-
CTRL_VALLEY_CENTER	grid	-340	240	15268.964	15268.968	0.004	268.96	-
CTRL_VALLEY_CENTER	grid	-340	260	15269.982	15270.036	0.054	269.98	-
CTRL_VALLEY_CENTER	grid	-340	280	15270.934	15270.974	0.040	270.93	-
CTRL_VALLEY_CENTER	grid	-340	300	15271.872	15272.042	0.171	271.87	-
CTRL_VALLEY_CENTER	grid	-340	320	15272.854	15273.164	0.309	272.85	-
CTRL_VALLEY_CENTER	grid	-340	340	15273.917	15274.072	0.155	273.92	-
CTRL_VALLEY_CENTER	grid	-340	360	15275.069	15275.208	0.138	275.07	-
CTRL_VALLEY_CENTER	grid	-340	380	15276.296	15276.454	0.158	276.30	-
CTRL_VALLEY_CENTER	grid	-340	400	15277.566	15277.598	0.032	277.57	-
CTRL_VALLEY_CENTER	grid	-340	420	15278.836	15278.715	-0.120	278.84	-
CTRL_VALLEY_CENTER	grid	-340	440	15280.063	15279.855	-0.208	280.06	-
CTRL_VALLEY_CENTER	grid	-340	460	15281.224	15281.132	-0.093	281.22	-
CTRL_VALLEY_CENTER	grid	-340	480	15282.313	15282.135	-0.178	282.31	-
CTRL_VALLEY_CENTER	grid	-340	500	15283.343	15283.166	-0.177	283.34	-
CTRL_VALLEY_CENTER	grid	-320	-500	15230.346	15230.331	-0.015	230.35	-
CTRL_VALLEY_CENTER	grid	-320	-480	15230.949	15230.958	0.009	230.95	-
CTRL_VALLEY_CENTER	grid	-320	-460	15231.615	15231.544	-0.071	231.61	-
CTRL_VALLEY_CENTER	grid	-320	-440	15232.238	15232.063	-0.175	232.24	-
CTRL_VALLEY_CENTER	grid	-320	-420	15232.763	15232.609	-0.154	232.76	-
CTRL_VALLEY_CENTER	grid	-320	-400	15233.067	15232.965	-0.102	233.07	-
CTRL_VALLEY_CENTER	grid	-320	-380	15233.123	15233.167	0.044	233.12	-
CTRL_VALLEY_CENTER	grid	-320	-360	15233.378	15233.388	0.010	233.38	-
CTRL_VALLEY_CENTER	grid	-320	-340	15233.744	15237.993	4.249	233.74	-
CTRL_VALLEY_CENTER	grid	-320	-320	15234.269	15243.476	9.207	234.27	-
CTRL_VALLEY_CENTER	grid	-320	-300	15240.554	15249.068	8.513	240.55	-
CTRL_VALLEY_CENTER	grid	-320	-280	15252.688	15251.227	-1.461	252.69	-
CTRL_VALLEY_CENTER	grid	-320	-260	15251.904	15251.578	-0.326	251.90	-
CTRL_VALLEY_CENTER	grid	-320	-240	15251.217	15251.663	0.446	251.22	-
CTRL_VALLEY_CENTER	grid	-320	-220	15250.638	15251.199	0.562	250.64	-
CTRL_VALLEY_CENTER	grid	-320	-200	15250.180	15250.510	0.330	250.18	-
CTRL_VALLEY_CENTER	grid	-320	-180	15249.839	15250.191	0.352	249.84	-
CTRL_VALLEY_CENTER	grid	-320	-160	15249.582	15249.948	0.366	249.58	-
CTRL_VALLEY_CENTER	grid	-320	-140	15249.392	15249.620	0.228	249.39	-
CTRL_VALLEY_CENTER	grid	-320	-120	15249.275	15249.518	0.243	249.27	-
CTRL_VALLEY_CENTER	grid	-320	-100	15249.214	15249.443	0.230	249.21	-
CTRL_VALLEY_CENTER	grid	-320	-80	15249.266	15249.470	0.204	249.27	-
CTRL_VALLEY_CENTER	grid	-320	-60	15249.429	15249.692	0.264	249.43	-
CTRL_VALLEY_CENTER	grid	-320	-40	15249.754	15249.942	0.187	249.75	-
CTRL_VALLEY_CENTER	grid	-320	-20	15250.291	15250.497	0.207	250.29	-
CTRL_VALLEY_CENTER	grid	-320	0	15251.057	15251.307	0.251	251.06	-
CTRL_VALLEY_CENTER	grid	-320	20	15252.097	15252.149	0.052	252.10	-
CTRL_VALLEY_CENTER	grid	-320	40	15253.415	15253.610	0.196	253.41	-
CTRL_VALLEY_CENTER	grid	-320	60	15255.007	15255.200	0.192	255.01	-
CTRL_VALLEY_CENTER	grid	-320	80	15256.839	15256.867	0.027	256.84	-
CTRL_VALLEY_CENTER	grid	-320	100	15258.856	15258.969	0.112	258.86	-
CTRL_VALLEY_CENTER	grid	-320	120	15260.984	15260.986	0.003	260.98	-
CTRL_VALLEY_CENTER	grid	-320	140	15263.127	15263.050	-0.078	263.13	-
CTRL_VALLEY_CENTER	grid	-320	160	15265.210	15265.078	-0.132	265.21	-
CTRL_VALLEY_CENTER	grid	-320	180	15267.134	15266.972	-0.162	267.13	-
CTRL_VALLEY_CENTER	grid	-320	200	15268.879	15268.705	-0.175	268.88	-
CTRL_VALLEY_CENTER	grid	-320	220	15270.406	15270.287	-0.119	270.41	-
CTRL_VALLEY_CENTER	grid	-320	240	15271.747	15271.672	-0.076	271.75	-
CTRL_VALLEY_CENTER	grid	-320	260	15272.961	15272.944	-0.017	272.96	-
CTRL_VALLEY_CENTER	grid	-320	280	15274.078	15274.215	0.137	274.08	-
CTRL_VALLEY_CENTER	grid	-320	300	15275.192	15275.219	0.026	275.19	-
CTRL_VALLEY_CENTER	grid	-320	320	15276.345	15276.442	0.098	276.34	-
CTRL_VALLEY_CENTER	grid	-320	340	15277.546	15277.694	0.147	277.55	-
CTRL_VALLEY_CENTER	grid	-320	360	15278.812	15278.821	0.009	278.81	-
CTRL_VALLEY_CENTER	grid	-320	380	15280.113	15280.077	-0.036	280.11	-
CTRL_VALLEY_CENTER	grid	-320	400	15281.393	15281.360	-0.033	281.39	-
CTRL_VALLEY_CENTER	grid	-320	420	15282.615	15282.434	-0.181	282.61	-
CTRL_VALLEY_CENTER	grid	-320	440	15283.726	15283.431	-0.295	283.73	-
CTRL_VALLEY_CENTER	grid	-320	460	15284.713	15284.455	-0.258	284.71	-
CTRL_VALLEY_CENTER	grid	-320	480	15285.570	15284.951	-0.619	285.57	-
CTRL_VALLEY_CENTER	grid	-320	500	15286.311	15285.764	-0.547	286.31	-
CTRL_VALLEY_CENTER	grid	-300	-500	15229.558	15229.551	-0.007	229.56	-
CTRL_VALLEY_CENTER	grid	-300	-480	15230.213	15230.167	-0.046	230.21	-
CTRL_VALLEY_CENTER	grid	-300	-460	15230.828	15230.809	-0.018	230.83	-
CTRL_VALLEY_CENTER	grid	-300	-440	15231.436	15231.195	-0.240	231.44	-
CTRL_VALLEY_CENTER	grid	-300	-420	15231.894	15231.690	-0.205	231.89	-
CTRL_VALLEY_CENTER	grid	-300	-400	15232.190	15232.137	-0.053	232.19	-
CTRL_VALLEY_CENTER	grid	-300	-380	15232.225	15232.378	0.153	232.23	-
CTRL_VALLEY_CENTER	grid	-300	-360	15232.492	15232.589	0.097	232.49	-
CTRL_VALLEY_CENTER	grid	-300	-340	15232.899	15233.083	0.184	232.90	-
CTRL_VALLEY_CENTER	grid	-300	-320	15233.486	15235.269	1.783	233.49	-
CTRL_VALLEY_CENTER	grid	-300	-300	15234.198	15240.777	6.580	234.20	-
CTRL_VALLEY_CENTER	grid	-300	-280	15240.154	15246.640	6.485	240.15	-
CTRL_VALLEY_CENTER	grid	-300	-260	15252.184	15251.776	-0.408	252.18	-
CTRL_VALLEY_CENTER	grid	-300	-240	15251.818	15252.077	0.260	251.82	-
CTRL_VALLEY_CENTER	grid	-300	-220	15251.516	15251.875	0.359	251.52	-
CTRL_VALLEY_CENTER	grid	-300	-200	15251.278	15251.699	0.421	251.28	-
CTRL_VALLEY_CENTER	grid	-300	-180	15251.094	15251.231	0.137	251.09	-
CTRL_VALLEY_CENTER	grid	-300	-160	15250.945	15251.049	0.103	250.95	-
CTRL_VALLEY_CENTER	grid	-300	-140	15250.824	15250.894	0.070	250.82	-
CTRL_VALLEY_CENTER	grid	-300	-120	15250.733	15250.760	0.027	250.73	-
CTRL_VALLEY_CENTER	grid	-300	-100	15250.688	15250.741	0.053	250.69	-
CTRL_VALLEY_CENTER	grid	-300	-80	15250.710	15250.758	0.048	250.71	-
CTRL_VALLEY_CENTER	grid	-300	-60	15250.861	15251.035	0.174	250.86	-
CTRL_VALLEY_CENTER	grid	-300	-40	15251.160	15251.351	0.190	251.16	-
CTRL_VALLEY_CENTER	grid	-300	-20	15251.670	15251.817	0.147	251.67	-
CTRL_VALLEY_CENTER	grid	-300	0	15252.427	15252.763	0.337	252.43	-
CTRL_VALLEY_CENTER	grid	-300	20	15253.456	15253.681	0.225	253.46	-
CTRL_VALLEY_CENTER	grid	-300	40	15254.787	15255.007	0.220	254.79	-
CTRL_VALLEY_CENTER	grid	-300	60	15256.411	15256.763	0.352	256.41	-
CTRL_VALLEY_CENTER	grid	-300	80	15258.302	15258.380	0.078	258.30	-
CTRL_VALLEY_CENTER	grid	-300	100	15260.393	15260.464	0.071	260.39	-
CTRL_VALLEY_CENTER	grid	-300	120	15262.633	15262.749	0.116	262.63	-
CTRL_VALLEY_CENTER	grid	-300	140	15264.897	15264.795	-0.102	264.90	-
CTRL_VALLEY_CENTER	grid	-300	160	15267.118	15266.919	-0.199	267.12	-
CTRL_VALLEY_CENTER	grid	-300	180	15269.216	15269.073	-0.143	269.22	-
CTRL_VALLEY_CENTER	grid	-300	200	15271.115	15270.979	-0.136	271.11	-
CTRL_VALLEY_CENTER	grid	-300	220	15272.836	15272.604	-0.232	272.84	-
CTRL_VALLEY_CENTER	grid	-300	240	15274.365	15274.256	-0.109	274.37	-
CTRL_VALLEY_CENTER	grid	-300	260	15275.757	15275.706	-0.051	275.76	-
CTRL_VALLEY_CENTER	grid	-300	280	15277.094	15276.986	-0.108	277.09	-
CTRL_VALLEY_CENTER	grid	-300	300	15278.385	15278.296	-0.089	278.38	-
CTRL_VALLEY_CENTER	grid	-300	320	15279.716	15279.705	-0.011	279.72	-
CTRL_VALLEY_CENTER	grid	-300	340	15281.092	15280.977	-0.115	281.09	-
CTRL_VALLEY_CENTER	grid	-300	360	15282.465	15282.277	-0.188	282.46	-
CTRL_VALLEY_CENTER	grid	-300	380	15283.831	15283.464	-0.367	283.83	-
CTRL_VALLEY_CENTER	grid	-300	400	15285.124	15284.702	-0.422	285.12	-
CTRL_VALLEY_CENTER	grid	-300	420	15286.282	15285.854	-0.428	286.28	-
CTRL_VALLEY_CENTER	grid	-300	440	15287.270	15286.414	-0.856	287.27	-
CTRL_VALLEY_CENTER	grid	-300	460	15288.065	15287.371	-0.694	288.06	-
CTRL_VALLEY_CENTER	grid	-300	480	15288.672	15288.080	-0.592	288.67	-
CTRL_VALLEY_CENTER	grid	-300	500	15289.115	15288.259	-0.855	289.11	-
CTRL_VALLEY_CENTER	grid	-280	-500	15228.798	15228.934	0.136	228.80	-
CTRL_VALLEY_CENTER	grid	-280	-480	15229.431	15229.323	-0.108	229.43	-
CTRL_VALLEY_CENTER	grid	-280	-460	15230.067	15229.966	-0.101	230.07	-
CTRL_VALLEY_CENTER	grid	-280	-440	15230.604	15230.364	-0.240	230.60	-
CTRL_VALLEY_CENTER	grid	-280	-420	15231.009	15230.667	-0.341	231.01	-
CTRL_VALLEY_CENTER	grid	-280	-400	15231.322	15231.188	-0.134	231.32	-
CTRL_VALLEY_CENTER	grid	-280	-380	15231.326	15231.495	0.169	231.33	-
CTRL_VALLEY_CENTER	grid	-280	-360	15231.610	15231.812	0.203	231.61	-
CTRL_VALLEY_CENTER	grid	-280	-340	15232.079	15232.154	0.075	232.08	-
CTRL_VALLEY_CENTER	grid	-280	-320	15232.750	15232.870	0.119	232.75	-
CTRL_VALLEY_CENTER	grid	-280	-300	15233.502	15233.613	0.110	233.50	-
CTRL_VALLEY_CENTER	grid	-280	-280	15234.342	15238.321	3.979	234.34	-
CTRL_VALLEY_CENTER	grid	-280	-260	15252.551	15244.267	-8.284	252.55	-
CTRL_VALLEY_CENTER	grid	-280	-240	15252.526	15250.963	-1.563	252.53	-
CTRL_VALLEY_CENTER	grid	-280	-220	15252.517	15252.587	0.070	252.52	-
CTRL_VALLEY_CENTER	grid	-280	-200	15252.521	15252.570	0.050	252.52	-
CTRL_VALLEY_CENTER	grid	-280	-180	15252.512	15252.580	0.068	252.51	-
CTRL_VALLEY_CENTER	grid	-280	-160	15252.485	15252.557	0.072	252.49	-
CTRL_VALLEY_CENTER	grid	-280	-140	15252.443	15252.496	0.053	252.44	-
CTRL_VALLEY_CENTER	grid	-280	-120	15252.387	15252.461	0.074	252.39	-
CTRL_VALLEY_CENTER	grid	-280	-100	15252.349	15252.450	0.100	252.35	-
CTRL_VALLEY_CENTER	grid	-280	-80	15252.371	15252.466	0.095	252.37	-
CTRL_VALLEY_CENTER	grid	-280	-60	15252.483	15252.657	0.174	252.48	-
CTRL_VALLEY_CENTER	grid	-280	-40	15252.754	15252.984	0.230	252.75	-
CTRL_VALLEY_CENTER	grid	-280	-20	15253.217	15253.327	0.111	253.22	-
CTRL_VALLEY_CENTER	grid	-280	0	15253.930	15254.213	0.283	253.93	-
CTRL_VALLEY_CENTER	grid	-280	20	15254.921	15255.227	0.306	254.92	-
CTRL_VALLEY_CENTER	grid	-280	40	15256.215	15256.263	0.049	256.21	-
CTRL_VALLEY_CENTER	grid	-280	60	15257.821	15258.066	0.246	257.82	-
CTRL_VALLEY_CENTER	grid	-280	80	15259.706	15259.897	0.191	259.71	-
CTRL_VALLEY_CENTER	grid	-280	100	15261.822	15261.829	0.007	261.82	-
CTRL_VALLEY_CENTER	grid	-280	120	15264.097	15264.118	0.021	264.10	-
CTRL_VALLEY_CENTER	grid	-280	140	15266.453	15266.400	-0.054	266.45	-
CTRL_VALLEY_CENTER	grid	-280	160	15268.762	15268.581	-0.182	268.76	-
CTRL_VALLEY_CENTER	grid	-280	180	15270.980	15270.662	-0.318	270.98	-
CTRL_VALLEY_CENTER	grid	-280	200	15273.051	15272.771	-0.280	273.05	-
CTRL_VALLEY_CENTER	grid	-280	220	15274.921	15274.725	-0.196	274.92	-
CTRL_VALLEY_CENTER	grid	-280	240	15276.654	15276.338	-0.317	276.65	-
CTRL_VALLEY_CENTER	grid	-280	260	15278.260	15277.993	-0.267	278.26	-
CTRL_VALLEY_CENTER	grid	-280	280	15279.790	15279.844	0.054	279.79	-
CTRL_VALLEY_CENTER	grid	-280	300	15281.319	15281.165	-0.153	281.32	-
CTRL_VALLEY_CENTER	grid	-280	320	15282.836	15282.596	-0.240	282.84	-
CTRL_VALLEY_CENTER	grid	-280	340	15284.362	15284.252	-0.110	284.36	-
CTRL_VALLEY_CENTER	grid	-280	360	15285.886	15285.652	-0.234	285.89	-
CTRL_VALLEY_CENTER	grid	-280	380	15287.304	15286.894	-0.410	287.30	-
CTRL_VALLEY_CENTER	grid	-280	400	15288.596	15288.093	-0.503	288.60	-
CTRL_VALLEY_CENTER	grid	-280	420	15289.707	15289.340	-0.367	289.71	-
CTRL_VALLEY_CENTER	grid	-280	440	15290.549	15290.064	-0.485	290.55	-
CTRL_VALLEY_CENTER	grid	-280	460	15291.147	15290.651	-0.496	291.15	-
CTRL_VALLEY_CENTER	grid	-280	480	15291.508	15291.367	-0.141	291.51	-
CTRL_VALLEY_CENTER	grid	-280	500	15291.645	15291.548	-0.097	291.64	-
CTRL_VALLEY_CENTER	grid	-260	-500	15228.393	15228.575	0.182	228.39	-
CTRL_VALLEY_CENTER	grid	-260	-480	15228.661	15228.887	0.226	228.66	-
CTRL_VALLEY_CENTER	grid	-260	-460	15229.295	15229.225	-0.070	229.30	-
CTRL_VALLEY_CENTER	grid	-260	-440	15229.789	15229.692	-0.097	229.79	-
CTRL_VALLEY_CENTER	grid	-260	-420	15230.124	15229.972	-0.151	230.12	-
CTRL_VALLEY_CENTER	grid	-260	-400	15230.481	15230.280	-0.201	230.48	-
CTRL_VALLEY_CENTER	grid	-260	-380	15230.425	15230.622	0.197	230.43	-
CTRL_VALLEY_CENTER	grid	-260	-360	15230.735	15231.000	0.265	230.73	-
CTRL_VALLEY_CENTER	grid	-260	-340	15231.306	15231.404	0.099	231.31	-
CTRL_VALLEY_CENTER	grid	-260	-320	15232.043	15232.203	0.160	232.04	-
CTRL_VALLEY_CENTER	grid	-260	-300	15232.884	15233.013	0.129	232.88	-
CTRL_VALLEY_CENTER	grid	-260	-280	15233.795	15234.872	1.078	233.79	-
CTRL_VALLEY_CENTER	grid	-260	-260	15239.511	15242.585	3.074	239.51	-
CTRL_VALLEY_CENTER	grid	-260	-240	15253.319	15249.572	-3.748	253.32	-
CTRL_VALLEY_CENTER	grid	-260	-220	15253.603	15253.799	0.196	253.60	-
CTRL_VALLEY_CENTER	grid	-260	-200	15253.845	15254.121	0.276	253.85	-
CTRL_VALLEY_CENTER	grid	-260	-180	15254.023	15254.131	0.108	254.02	-
CTRL_VALLEY_CENTER	grid	-260	-160	15254.128	15254.163	0.034	254.13	-
CTRL_VALLEY_CENTER	grid	-260	-140	15254.168	15254.218	0.050	254.17	-
CTRL_VALLEY_CENTER	grid	-260	-120	15254.160	15254.196	0.036	254.16	-
CTRL_VALLEY_CENTER	grid	-260	-100	15254.138	15254.186	0.047	254.14	-
CTRL_VALLEY_CENTER	grid	-260	-80	15254.146	15254.202	0.056	254.15	-
CTRL_VALLEY_CENTER	grid	-260	-60	15254.235	15254.301	0.065	254.24	-
CTRL_VALLEY_CENTER	grid	-260	-40	15254.455	15254.628	0.173	254.45	-
CTRL_VALLEY_CENTER	grid	-260	-20	15254.871	15254.982	0.111	254.87	-
CTRL_VALLEY_CENTER	grid	-260	0	15255.516	15255.644	0.128	255.52	-
CTRL_VALLEY_CENTER	grid	-260	20	15256.432	15256.636	0.204	256.43	-
CTRL_VALLEY_CENTER	grid	-260	40	15257.649	15257.655	0.006	257.65	-
CTRL_VALLEY_CENTER	grid	-260	60	15259.177	15259.210	0.033	259.18	-
CTRL_VALLEY_CENTER	grid	-260	80	15260.995	15260.998	0.003	261.00	-
CTRL_VALLEY_CENTER	grid	-260	100	15263.066	15262.813	-0.253	263.07	-
CTRL_VALLEY_CENTER	grid	-260	120	15265.320	15265.081	-0.239	265.32	-
CTRL_VALLEY_CENTER	grid	-260	140	15267.670	15267.330	-0.340	267.67	-
CTRL_VALLEY_CENTER	grid	-260	160	15270.048	15269.611	-0.438	270.05	-
CTRL_VALLEY_CENTER	grid	-260	180	15272.337	15271.932	-0.405	272.34	-
CTRL_VALLEY_CENTER	grid	-260	200	15274.518	15274.076	-0.442	274.52	-
CTRL_VALLEY_CENTER	grid	-260	220	15276.577	15276.165	-0.412	276.58	-
CTRL_VALLEY_CENTER	grid	-260	240	15278.474	15278.227	-0.247	278.47	-
CTRL_VALLEY_CENTER	grid	-260	260	15280.300	15280.037	-0.263	280.30	-
CTRL_VALLEY_CENTER	grid	-260	280	15282.067	15281.835	-0.233	282.07	-
CTRL_VALLEY_CENTER	grid	-260	300	15283.797	15283.714	-0.084	283.80	-
CTRL_VALLEY_CENTER	grid	-260	320	15285.544	15285.402	-0.143	285.54	-
CTRL_VALLEY_CENTER	grid	-260	340	15287.241	15287.041	-0.200	287.24	-
CTRL_VALLEY_CENTER	grid	-260	360	15288.864	15288.726	-0.138	288.86	-
CTRL_VALLEY_CENTER	grid	-260	380	15290.380	15290.267	-0.112	290.38	-
CTRL_VALLEY_CENTER	grid	-260	400	15291.665	15291.217	-0.448	291.66	-
CTRL_VALLEY_CENTER	grid	-260	420	15292.693	15292.194	-0.499	292.69	-
CTRL_VALLEY_CENTER	grid	-260	440	15293.432	15292.702	-0.730	293.43	-
CTRL_VALLEY_CENTER	grid	-260	460	15293.824	15292.903	-0.921	293.82	-
CTRL_VALLEY_CENTER	grid	-260	480	15293.933	15293.190	-0.743	293.93	-
CTRL_VALLEY_CENTER	grid	-260	500	15293.795	15292.867	-0.928	293.79	-
CTRL_VALLEY_CENTER	grid	-240	-500	15228.393	15228.376	-0.017	228.39	-
CTRL_VALLEY_CENTER	grid	-240	-480	15228.393	15228.487	0.094	228.39	-
CTRL_VALLEY_CENTER	grid	-240	-460	15228.529	15228.797	0.268	228.53	-
CTRL_VALLEY_CENTER	grid	-240	-440	15228.921	15229.134	0.213	228.92	-
CTRL_VALLEY_CENTER	grid	-240	-420	15229.235	15229.145	-0.090	229.24	-
CTRL_VALLEY_CENTER	grid	-240	-400	15229.670	15229.418	-0.252	229.67	-
CTRL_VALLEY_CENTER	grid	-240	-380	15229.535	15229.818	0.283	229.54	-
CTRL_VALLEY_CENTER	grid	-240	-360	15229.890	15230.533	0.643	229.89	-
CTRL_VALLEY_CENTER	grid	-240	-340	15230.588	15230.938	0.350	230.59	-
CTRL_VALLEY_CENTER	grid	-240	-320	15231.428	15231.625	0.197	231.43	-
CTRL_VALLEY_CENTER	grid	-240	-300	15232.358	15232.578	0.220	232.36	-
CTRL_VALLEY_CENTER	grid	-240	-280	15233.324	15233.428	0.104	233.32	-
CTRL_VALLEY_CENTER	grid	-240	-260	15234.319	15239.918	5.600	234.32	-
CTRL_VALLEY_CENTER	grid	-240	-240	15254.015	15247.927	-6.088	254.01	-
CTRL_VALLEY_CENTER	grid	-240	-220	15254.728	15254.811	0.084	254.73	-
CTRL_VALLEY_CENTER	grid	-240	-200	15255.191	15255.163	-0.028	255.19	-
CTRL_VALLEY_CENTER	grid	-240	-180	15255.550	15255.541	-0.009	255.55	-
CTRL_VALLEY_CENTER	grid	-240	-160	15255.786	15255.745	-0.041	255.79	-
CTRL_VALLEY_CENTER	grid	-240	-140	15255.914	15255.800	-0.115	255.91	-
CTRL_VALLEY_CENTER	grid	-240	-120	15255.958	15255.872	-0.086	255.96	-
CTRL_VALLEY_CENTER	grid	-240	-100	15255.953	15255.907	-0.046	255.95	-
CTRL_VALLEY_CENTER	grid	-240	-80	15255.960	15255.903	-0.057	255.96	-
CTRL_VALLEY_CENTER	grid	-240	-60	15256.021	15255.926	-0.095	256.02	-
CTRL_VALLEY_CENTER	grid	-240	-40	15256.199	15256.217	0.018	256.20	-
CTRL_VALLEY_CENTER	grid	-240	-20	15256.549	15256.555	0.007	256.55	-
CTRL_VALLEY_CENTER	grid	-240	0	15257.109	15256.984	-0.125	257.11	-
CTRL_VALLEY_CENTER	grid	-240	20	15257.922	15257.952	0.030	257.92	-
CTRL_VALLEY_CENTER	grid	-240	40	15259.018	15258.970	-0.048	259.02	-
CTRL_VALLEY_CENTER	grid	-240	60	15260.417	15260.266	-0.151	260.42	-
CTRL_VALLEY_CENTER	grid	-240	80	15262.111	15262.027	-0.084	262.11	-
CTRL_VALLEY_CENTER	grid	-240	100	15264.057	15263.835	-0.222	264.06	-
CTRL_VALLEY_CENTER	grid	-240	120	15266.218	15265.947	-0.270	266.22	-
CTRL_VALLEY_CENTER	grid	-240	140	15268.507	15268.258	-0.249	268.51	-
CTRL_VALLEY_CENTER	grid	-240	160	15270.850	15270.565	-0.285	270.85	-
CTRL_VALLEY_CENTER	grid	-240	180	15273.197	15272.884	-0.313	273.20	-
CTRL_VALLEY_CENTER	grid	-240	200	15275.447	15275.234	-0.214	275.45	-
CTRL_VALLEY_CENTER	grid	-240	220	15277.622	15277.536	-0.086	277.62	-
CTRL_VALLEY_CENTER	grid	-240	240	15279.733	15279.590	-0.143	279.73	-
CTRL_VALLEY_CENTER	grid	-240	260	15281.740	15281.553	-0.186	281.74	-
CTRL_VALLEY_CENTER	grid	-240	280	15283.742	15283.656	-0.087	283.74	-
CTRL_VALLEY_CENTER	grid	-240	300	15285.720	15285.440	-0.280	285.72	-
CTRL_VALLEY_CENTER	grid	-240	320	15287.650	15287.252	-0.399	287.65	-
CTRL_VALLEY_CENTER	grid	-240	340	15289.547	15289.044	-0.503	289.55	-
CTRL_VALLEY_CENTER	grid	-240	360	15291.307	15290.633	-0.673	291.31	-
CTRL_VALLEY_CENTER	grid	-240	380	15292.870	15292.196	-0.674	292.87	-
CTRL_VALLEY_CENTER	grid	-240	400	15294.182	15293.125	-1.057	294.18	-
CTRL_VALLEY_CENTER	grid	-240	420	15295.145	15294.010	-1.135	295.15	-
CTRL_VALLEY_CENTER	grid	-240	440	15295.744	15294.995	-0.749	295.74	-
CTRL_VALLEY_CENTER	grid	-240	460	15295.975	15294.773	-1.202	295.98	-
CTRL_VALLEY_CENTER	grid	-240	480	15295.850	15294.702	-1.149	295.85	-
CTRL_VALLEY_CENTER	grid	-240	500	15295.438	15294.774	-0.664	295.44	-
CTRL_VALLEY_CENTER	grid	-220	-500	15228.393	15228.345	-0.048	228.39	-
CTRL_VALLEY_CENTER	grid	-220	-480	15228.393	15228.353	-0.040	228.39	-
CTRL_VALLEY_CENTER	grid	-220	-460	15228.393	15228.334	-0.060	228.39	-
CTRL_VALLEY_CENTER	grid	-220	-440	15228.408	15228.633	0.225	228.41	-
CTRL_VALLEY_CENTER	grid	-220	-420	15228.474	15228.721	0.247	228.47	-
CTRL_VALLEY_CENTER	grid	-220	-400	15228.812	15228.661	-0.151	228.81	-
CTRL_VALLEY_CENTER	grid	-220	-380	15228.679	15228.868	0.189	228.68	-
CTRL_VALLEY_CENTER	grid	-220	-360	15229.142	15229.566	0.424	229.14	-
CTRL_VALLEY_CENTER	grid	-220	-340	15229.981	15230.335	0.354	229.98	-
CTRL_VALLEY_CENTER	grid	-220	-320	15230.946	15231.013	0.067	230.95	-
CTRL_VALLEY_CENTER	grid	-220	-300	15231.949	15231.965	0.016	231.95	-
CTRL_VALLEY_CENTER	grid	-220	-280	15232.957	15232.945	-0.012	232.96	-
CTRL_VALLEY_CENTER	grid	-220	-260	15233.966	15237.175	3.210	233.97	-
CTRL_VALLEY_CENTER	grid	-220	-240	15249.252	15245.375	-3.876	249.25	-
CTRL_VALLEY_CENTER	grid	-220	-220	15255.830	15253.612	-2.218	255.83	-
CTRL_VALLEY_CENTER	grid	-220	-200	15256.502	15256.359	-0.143	256.50	-
CTRL_VALLEY_CENTER	grid	-220	-180	15257.013	15256.779	-0.234	257.01	-
CTRL_VALLEY_CENTER	grid	-220	-160	15257.370	15257.226	-0.144	257.37	-
CTRL_VALLEY_CENTER	grid	-220	-140	15257.574	15257.338	-0.236	257.57	-
CTRL_VALLEY_CENTER	grid	-220	-120	15257.667	15257.410	-0.256	257.67	-
CTRL_VALLEY_CENTER	grid	-220	-100	15257.689	15257.492	-0.197	257.69	-
CTRL_VALLEY_CENTER	grid	-220	-80	15257.689	15257.544	-0.146	257.69	-
CTRL_VALLEY_CENTER	grid	-220	-60	15257.736	15257.578	-0.158	257.74	-
CTRL_VALLEY_CENTER	grid	-220	-40	15257.868	15257.770	-0.099	257.87	-
CTRL_VALLEY_CENTER	grid	-220	-20	15258.151	15258.133	-0.017	258.15	-
CTRL_VALLEY_CENTER	grid	-220	0	15258.615	15258.510	-0.105	258.61	-
CTRL_VALLEY_CENTER	grid	-220	20	15259.302	15259.332	0.030	259.30	-
CTRL_VALLEY_CENTER	grid	-220	40	15260.249	15260.328	0.079	260.25	-
CTRL_VALLEY_CENTER	grid	-220	60	15261.474	15261.359	-0.115	261.47	-
CTRL_VALLEY_CENTER	grid	-220	80	15262.979	15263.119	0.140	262.98	-
CTRL_VALLEY_CENTER	grid	-220	100	15264.747	15264.908	0.161	264.75	-
CTRL_VALLEY_CENTER	grid	-220	120	15266.732	15266.660	-0.072	266.73	-
CTRL_VALLEY_CENTER	grid	-220	140	15268.891	15268.746	-0.145	268.89	-
CTRL_VALLEY_CENTER	grid	-220	160	15271.149	15270.859	-0.290	271.15	-
CTRL_VALLEY_CENTER	grid	-220	180	15273.441	15273.117	-0.324	273.44	-
CTRL_VALLEY_CENTER	grid	-220	200	15275.756	15275.294	-0.462	275.76	-
CTRL_VALLEY_CENTER	grid	-220	220	15278.009	15277.479	-0.529	278.01	-
CTRL_VALLEY_CENTER	grid	-220	240	15280.252	15279.938	-0.313	280.25	-
CTRL_VALLEY_CENTER	grid	-220	260	15282.502	15282.100	-0.402	282.50	-
CTRL_VALLEY_CENTER	grid	-220	280	15284.692	15284.092	-0.600	284.69	-
CTRL_VALLEY_CENTER	grid	-220	300	15286.899	15286.489	-0.411	286.90	-
CTRL_VALLEY_CENTER	grid	-220	320	15289.080	15288.659	-0.421	289.08	-
CTRL_VALLEY_CENTER	grid	-220	340	15291.119	15290.483	-0.636	291.12	-
CTRL_VALLEY_CENTER	grid	-220	360	15293.026	15292.267	-0.759	293.03	-
CTRL_VALLEY_CENTER	grid	-220	380	15294.683	15294.036	-0.647	294.68	-
CTRL_VALLEY_CENTER	grid	-220	400	15295.975	15295.281	-0.694	295.97	-
CTRL_VALLEY_CENTER	grid	-220	420	15296.903	15296.065	-0.839	296.90	-
CTRL_VALLEY_CENTER	grid	-220	440	15297.408	15296.875	-0.532	297.41	-
CTRL_VALLEY_CENTER	grid	-220	460	15297.459	15297.094	-0.365	297.46	-
CTRL_VALLEY_CENTER	grid	-220	480	15297.148	15296.870	-0.278	297.15	-
CTRL_VALLEY_CENTER	grid	-220	500	15296.518	15296.300	-0.218	296.52	-
CTRL_VALLEY_CENTER	grid	-200	-500	15228.393	15228.351	-0.042	228.39	-
CTRL_VALLEY_CENTER	grid	-200	-480	15228.393	15228.376	-0.017	228.39	-
CTRL_VALLEY_CENTER	grid	-200	-460	15228.393	15228.358	-0.035	228.39	-
CTRL_VALLEY_CENTER	grid	-200	-440	15228.393	15228.365	-0.028	228.39	-
CTRL_VALLEY_CENTER	grid	-200	-420	15228.393	15228.404	0.011	228.39	-
CTRL_VALLEY_CENTER	grid	-200	-400	15228.393	15228.366	-0.027	228.39	-
CTRL_VALLEY_CENTER	grid	-200	-380	15228.393	15228.371	-0.022	228.39	-
CTRL_VALLEY_CENTER	grid	-200	-360	15228.625	15228.825	0.201	228.62	-
CTRL_VALLEY_CENTER	grid	-200	-340	15229.579	15229.682	0.103	229.58	-
CTRL_VALLEY_CENTER	grid	-200	-320	15230.583	15230.567	-0.016	230.58	-
CTRL_VALLEY_CENTER	grid	-200	-300	15231.594	15231.517	-0.077	231.59	-
CTRL_VALLEY_CENTER	grid	-200	-280	15232.603	15232.521	-0.081	232.60	-
CTRL_VALLEY_CENTER	grid	-200	-260	15233.597	15234.265	0.668	233.60	-
CTRL_VALLEY_CENTER	grid	-200	-240	15236.072	15243.625	7.552	236.07	-
CTRL_VALLEY_CENTER	grid	-200	-220	15256.902	15252.049	-4.853	256.90	-
CTRL_VALLEY_CENTER	grid	-200	-200	15257.717	15257.575	-0.143	257.72	-
CTRL_VALLEY_CENTER	grid	-200	-180	15258.354	15258.090	-0.263	258.35	-
CTRL_VALLEY_CENTER	grid	-200	-160	15258.794	15258.571	-0.223	258.79	-
CTRL_VALLEY_CENTER	grid	-200	-140	15259.074	15258.816	-0.257	259.07	-
CTRL_VALLEY_CENTER	grid	-200	-120	15259.191	15258.945	-0.246	259.19	-
CTRL_VALLEY_CENTER	grid	-200	-100	15259.230	15259.076	-0.154	259.23	-
CTRL_VALLEY_CENTER	grid	-200	-80	15259.233	15259.137	-0.096	259.23	-
CTRL_VALLEY_CENTER	grid	-200	-60	15259.252	15259.216	-0.036	259.25	-
CTRL_VALLEY_CENTER	grid	-200	-40	15259.355	15259.346	-0.009	259.36	-
CTRL_VALLEY_CENTER	grid	-200	-20	15259.556	15259.640	0.084	259.56	-
CTRL_VALLEY_CENTER	grid	-200	0	15259.920	15259.888	-0.032	259.92	-
CTRL_VALLEY_CENTER	grid	-200	20	15260.477	15260.307	-0.170	260.48	-
CTRL_VALLEY_CENTER	grid	-200	40	15261.247	15261.128	-0.119	261.25	-
CTRL_VALLEY_CENTER	grid	-200	60	15262.267	15261.977	-0.290	262.27	-
CTRL_VALLEY_CENTER	grid	-200	80	15263.537	15263.126	-0.410	263.54	-
CTRL_VALLEY_CENTER	grid	-200	100	15265.062	15264.656	-0.406	265.06	-
CTRL_VALLEY_CENTER	grid	-200	120	15266.825	15266.260	-0.565	266.83	-
CTRL_VALLEY_CENTER	grid	-200	140	15268.766	15268.198	-0.568	268.77	-
CTRL_VALLEY_CENTER	grid	-200	160	15270.867	15270.265	-0.602	270.87	-
CTRL_VALLEY_CENTER	grid	-200	180	15273.069	15272.434	-0.635	273.07	-
CTRL_VALLEY_CENTER	grid	-200	200	15275.329	15274.842	-0.487	275.33	-
CTRL_VALLEY_CENTER	grid	-200	220	15277.667	15277.196	-0.471	277.67	-
CTRL_VALLEY_CENTER	grid	-200	240	15280.011	15279.529	-0.482	280.01	-
CTRL_VALLEY_CENTER	grid	-200	260	15282.399	15282.109	-0.290	282.40	-
CTRL_VALLEY_CENTER	grid	-200	280	15284.858	15284.666	-0.192	284.86	-
CTRL_VALLEY_CENTER	grid	-200	300	15287.245	15286.916	-0.329	287.24	-
CTRL_VALLEY_CENTER	grid	-200	320	15289.621	15289.357	-0.264	289.62	-
CTRL_VALLEY_CENTER	grid	-200	340	15291.896	15291.826	-0.070	291.90	-
CTRL_VALLEY_CENTER	grid	-200	360	15293.902	15293.516	-0.386	293.90	-
CTRL_VALLEY_CENTER	grid	-200	380	15295.642	15295.025	-0.617	295.64	-
CTRL_VALLEY_CENTER	grid	-200	400	15297.000	15296.512	-0.488	297.00	-
CTRL_VALLEY_CENTER	grid	-200	420	15297.860	15296.821	-1.039	297.86	-
CTRL_VALLEY_CENTER	grid	-200	440	15298.285	15297.248	-1.037	298.29	-
CTRL_VALLEY_CENTER	grid	-200	460	15298.243	15297.352	-0.890	298.24	-
CTRL_VALLEY_CENTER	grid	-200	480	15297.745	15296.543	-1.203	297.75	-
CTRL_VALLEY_CENTER	grid	-200	500	15296.935	15295.973	-0.962	296.93	-
CTRL_VALLEY_CENTER	grid	-180	-500	15228.716	15228.403	-0.312	228.72	-
CTRL_VALLEY_CENTER	grid	-180	-480	15228.453	15228.415	-0.039	228.45	-
CTRL_VALLEY_CENTER	grid	-180	-460	15228.393	15228.351	-0.043	228.39	-
CTRL_VALLEY_CENTER	grid	-180	-440	15228.393	15228.345	-0.049	228.39	-
CTRL_VALLEY_CENTER	grid	-180	-420	15228.393	15228.366	-0.028	228.39	-
CTRL_VALLEY_CENTER	grid	-180	-400	15228.393	15228.338	-0.055	228.39	-
CTRL_VALLEY_CENTER	grid	-180	-380	15228.393	15228.342	-0.051	228.39	-
CTRL_VALLEY_CENTER	grid	-180	-360	15228.419	15228.522	0.103	228.42	-
CTRL_VALLEY_CENTER	grid	-180	-340	15229.243	15229.346	0.103	229.24	-
CTRL_VALLEY_CENTER	grid	-180	-320	15230.242	15230.220	-0.021	230.24	-
CTRL_VALLEY_CENTER	grid	-180	-300	15231.215	15231.153	-0.062	231.21	-
CTRL_VALLEY_CENTER	grid	-180	-280	15232.207	15232.138	-0.069	232.21	-
CTRL_VALLEY_CENTER	grid	-180	-260	15233.204	15233.160	-0.044	233.20	-
CTRL_VALLEY_CENTER	grid	-180	-240	15234.192	15240.303	6.111	234.19	-
CTRL_VALLEY_CENTER	grid	-180	-220	15257.932	15249.698	-8.235	257.93	-
CTRL_VALLEY_CENTER	grid	-180	-200	15258.825	15258.782	-0.042	258.82	-
CTRL_VALLEY_CENTER	grid	-180	-180	15259.522	15259.315	-0.206	259.52	-
CTRL_VALLEY_CENTER	grid	-180	-160	15260.016	15259.839	-0.177	260.02	-
CTRL_VALLEY_CENTER	grid	-180	-140	15260.309	15260.166	-0.143	260.31	-
CTRL_VALLEY_CENTER	grid	-180	-120	15260.460	15260.164	-0.296	260.46	-
CTRL_VALLEY_CENTER	grid	-180	-100	15260.479	15260.189	-0.290	260.48	-
CTRL_VALLEY_CENTER	grid	-180	-80	15260.473	15260.193	-0.280	260.47	-
CTRL_VALLEY_CENTER	grid	-180	-60	15260.463	15260.142	-0.321	260.46	-
CTRL_VALLEY_CENTER	grid	-180	-40	15260.510	15260.114	-0.395	260.51	-
CTRL_VALLEY_CENTER	grid	-180	-20	15260.657	15260.282	-0.375	260.66	-
CTRL_VALLEY_CENTER	grid	-180	0	15260.905	15260.528	-0.377	260.91	-
CTRL_VALLEY_CENTER	grid	-180	20	15261.318	15260.810	-0.507	261.32	-
CTRL_VALLEY_CENTER	grid	-180	40	15261.906	15261.479	-0.428	261.91	-
CTRL_VALLEY_CENTER	grid	-180	60	15262.693	15262.244	-0.449	262.69	-
CTRL_VALLEY_CENTER	grid	-180	80	15263.712	15263.235	-0.477	263.71	-
CTRL_VALLEY_CENTER	grid	-180	100	15264.951	15264.571	-0.380	264.95	-
CTRL_VALLEY_CENTER	grid	-180	120	15266.423	15265.988	-0.435	266.42	-
CTRL_VALLEY_CENTER	grid	-180	140	15268.116	15267.797	-0.319	268.12	-
CTRL_VALLEY_CENTER	grid	-180	160	15269.980	15269.805	-0.175	269.98	-
CTRL_VALLEY_CENTER	grid	-180	180	15272.025	15271.841	-0.184	272.02	-
CTRL_VALLEY_CENTER	grid	-180	200	15274.211	15274.187	-0.024	274.21	-
CTRL_VALLEY_CENTER	grid	-180	220	15276.508	15276.531	0.023	276.51	-
CTRL_VALLEY_CENTER	grid	-180	240	15278.954	15278.745	-0.209	278.95	-
CTRL_VALLEY_CENTER	grid	-180	260	15281.465	15281.278	-0.187	281.46	-
CTRL_VALLEY_CENTER	grid	-180	280	15284.060	15283.696	-0.363	284.06	-
CTRL_VALLEY_CENTER	grid	-180	300	15286.715	15286.190	-0.526	286.72	-
CTRL_VALLEY_CENTER	grid	-180	320	15289.259	15288.661	-0.597	289.26	-
CTRL_VALLEY_CENTER	grid	-180	340	15291.686	15290.916	-0.770	291.69	-
CTRL_VALLEY_CENTER	grid	-180	360	15293.898	15292.901	-0.997	293.90	-
CTRL_VALLEY_CENTER	grid	-180	380	15295.689	15294.503	-1.186	295.69	-
CTRL_VALLEY_CENTER	grid	-180	400	15297.078	15296.039	-1.039	297.08	-
CTRL_VALLEY_CENTER	grid	-180	420	15297.989	15296.701	-1.288	297.99	-
CTRL_VALLEY_CENTER	grid	-180	440	15298.329	15296.920	-1.409	298.33	-
CTRL_VALLEY_CENTER	grid	-180	460	15298.202	15297.362	-0.839	298.20	-
CTRL_VALLEY_CENTER	grid	-180	480	15297.636	15296.641	-0.994	297.64	-
CTRL_VALLEY_CENTER	grid	-180	500	15296.669	15295.774	-0.895	296.67	-
CTRL_VALLEY_CENTER	grid	-160	-500	15229.435	15228.669	-0.766	229.44	-
CTRL_VALLEY_CENTER	grid	-160	-480	15228.975	15228.486	-0.489	228.97	-
CTRL_VALLEY_CENTER	grid	-160	-460	15228.424	15228.475	0.052	228.42	-
CTRL_VALLEY_CENTER	grid	-160	-440	15228.393	15228.377	-0.016	228.39	-
CTRL_VALLEY_CENTER	grid	-160	-420	15228.393	15228.353	-0.040	228.39	-
CTRL_VALLEY_CENTER	grid	-160	-400	15228.393	15228.354	-0.039	228.39	-
CTRL_VALLEY_CENTER	grid	-160	-380	15228.393	15228.347	-0.046	228.39	-
CTRL_VALLEY_CENTER	grid	-160	-360	15228.393	15228.371	-0.022	228.39	-
CTRL_VALLEY_CENTER	grid	-160	-340	15228.834	15229.077	0.243	228.83	-
CTRL_VALLEY_CENTER	grid	-160	-320	15229.833	15229.929	0.096	229.83	-
CTRL_VALLEY_CENTER	grid	-160	-300	15230.816	15230.817	0.001	230.82	-
CTRL_VALLEY_CENTER	grid	-160	-280	15231.808	15231.792	-0.015	231.81	-
CTRL_VALLEY_CENTER	grid	-160	-260	15232.818	15232.793	-0.025	232.82	-
CTRL_VALLEY_CENTER	grid	-160	-240	15233.828	15237.395	3.566	233.83	-
CTRL_VALLEY_CENTER	grid	-160	-220	15242.684	15246.974	4.290	242.68	-
CTRL_VALLEY_CENTER	grid	-160	-200	15259.837	15256.552	-3.285	259.84	-
CTRL_VALLEY_CENTER	grid	-160	-180	15260.525	15260.063	-0.462	260.52	-
CTRL_VALLEY_CENTER	grid	-160	-160	15261.001	15260.435	-0.566	261.00	-
CTRL_VALLEY_CENTER	grid	-160	-140	15261.274	15260.907	-0.368	261.27	-
CTRL_VALLEY_CENTER	grid	-160	-120	15261.383	15260.865	-0.518	261.38	-
CTRL_VALLEY_CENTER	grid	-160	-100	15261.386	15260.845	-0.540	261.39	-
CTRL_VALLEY_CENTER	grid	-160	-80	15261.319	15260.883	-0.436	261.32	-
CTRL_VALLEY_CENTER	grid	-160	-60	15261.268	15260.867	-0.401	261.27	-
CTRL_VALLEY_CENTER	grid	-160	-40	15261.250	15260.865	-0.384	261.25	-
CTRL_VALLEY_CENTER	grid	-160	-20	15261.300	15260.954	-0.346	261.30	-
CTRL_VALLEY_CENTER	grid	-160	0	15261.464	15261.199	-0.265	261.46	-
CTRL_VALLEY_CENTER	grid	-160	20	15261.711	15261.471	-0.241	261.71	-
CTRL_VALLEY_CENTER	grid	-160	40	15262.116	15262.013	-0.103	262.12	-
CTRL_VALLEY_CENTER	grid	-160	60	15262.670	15262.709	0.039	262.67	-
CTRL_VALLEY_CENTER	grid	-160	80	15263.403	15263.427	0.024	263.40	-
CTRL_VALLEY_CENTER	grid	-160	100	15264.350	15264.363	0.012	264.35	-
CTRL_VALLEY_CENTER	grid	-160	120	15265.499	15265.387	-0.112	265.50	-
CTRL_VALLEY_CENTER	grid	-160	140	15266.878	15266.507	-0.371	266.88	-
CTRL_VALLEY_CENTER	grid	-160	160	15268.491	15268.149	-0.342	268.49	-
CTRL_VALLEY_CENTER	grid	-160	180	15270.301	15269.864	-0.436	270.30	-
CTRL_VALLEY_CENTER	grid	-160	200	15272.344	15271.876	-0.468	272.34	-
CTRL_VALLEY_CENTER	grid	-160	220	15274.595	15274.243	-0.352	274.60	-
CTRL_VALLEY_CENTER	grid	-160	240	15277.023	15276.457	-0.566	277.02	-
CTRL_VALLEY_CENTER	grid	-160	260	15279.652	15279.150	-0.502	279.65	-
CTRL_VALLEY_CENTER	grid	-160	280	15282.386	15282.081	-0.305	282.39	-
CTRL_VALLEY_CENTER	grid	-160	300	15285.169	15284.527	-0.643	285.17	-
CTRL_VALLEY_CENTER	grid	-160	320	15287.953	15287.188	-0.765	287.95	-
CTRL_VALLEY_CENTER	grid	-160	340	15290.538	15289.913	-0.625	290.54	-
CTRL_VALLEY_CENTER	grid	-160	360	15292.855	15292.214	-0.641	292.86	-
CTRL_VALLEY_CENTER	grid	-160	380	15294.821	15293.842	-0.979	294.82	-
CTRL_VALLEY_CENTER	grid	-160	400	15296.259	15295.497	-0.762	296.26	-
CTRL_VALLEY_CENTER	grid	-160	420	15297.166	15296.725	-0.441	297.17	-
CTRL_VALLEY_CENTER	grid	-160	440	15297.555	15296.944	-0.610	297.55	-
CTRL_VALLEY_CENTER	grid	-160	460	15297.378	15297.029	-0.348	297.38	-
CTRL_VALLEY_CENTER	grid	-160	480	15296.740	15296.408	-0.332	296.74	-
CTRL_VALLEY_CENTER	grid	-160	500	15295.749	15295.236	-0.514	295.75	-
CTRL_VALLEY_CENTER	grid	-140	-500	15230.203	15229.707	-0.496	230.20	-
CTRL_VALLEY_CENTER	grid	-140	-480	15229.578	15229.097	-0.481	229.58	-
CTRL_VALLEY_CENTER	grid	-140	-460	15228.660	15228.622	-0.038	228.66	-
CTRL_VALLEY_CENTER	grid	-140	-440	15228.393	15228.531	0.138	228.39	-
CTRL_VALLEY_CENTER	grid	-140	-420	15228.393	15228.444	0.051	228.39	-
CTRL_VALLEY_CENTER	grid	-140	-400	15228.393	15228.375	-0.018	228.39	-
CTRL_VALLEY_CENTER	grid	-140	-380	15228.393	15228.354	-0.039	228.39	-
CTRL_VALLEY_CENTER	grid	-140	-360	15228.393	15228.361	-0.032	228.39	-
CTRL_VALLEY_CENTER	grid	-140	-340	15228.534	15228.761	0.227	228.53	-
CTRL_VALLEY_CENTER	grid	-140	-320	15229.438	15229.587	0.150	229.44	-
CTRL_VALLEY_CENTER	grid	-140	-300	15230.444	15230.448	0.004	230.44	-
CTRL_VALLEY_CENTER	grid	-140	-280	15231.451	15231.406	-0.046	231.45	-
CTRL_VALLEY_CENTER	grid	-140	-260	15232.443	15232.409	-0.034	232.44	-
CTRL_VALLEY_CENTER	grid	-140	-240	15233.434	15233.697	0.263	233.43	-
CTRL_VALLEY_CENTER	grid	-140	-220	15234.442	15244.151	9.709	234.44	-
CTRL_VALLEY_CENTER	grid	-140	-200	15260.808	15254.267	-6.541	260.81	-
CTRL_VALLEY_CENTER	grid	-140	-180	15261.399	15261.145	-0.254	261.40	-
CTRL_VALLEY_CENTER	grid	-140	-160	15261.782	15261.293	-0.489	261.78	-
CTRL_VALLEY_CENTER	grid	-140	-140	15261.966	15261.530	-0.436	261.97	-
CTRL_VALLEY_CENTER	grid	-140	-120	15261.978	15261.702	-0.277	261.98	-
CTRL_VALLEY_CENTER	grid	-140	-100	15261.880	15261.628	-0.252	261.88	-
CTRL_VALLEY_CENTER	grid	-140	-80	15261.739	15261.582	-0.157	261.74	-
CTRL_VALLEY_CENTER	grid	-140	-60	15261.583	15261.584	0.001	261.58	-
CTRL_VALLEY_CENTER	grid	-140	-40	15261.481	15261.428	-0.053	261.48	-
CTRL_VALLEY_CENTER	grid	-140	-20	15261.425	15261.216	-0.209	261.42	-
CTRL_VALLEY_CENTER	grid	-140	0	15261.448	15261.160	-0.288	261.45	-
CTRL_VALLEY_CENTER	grid	-140	20	15261.572	15261.155	-0.417	261.57	-
CTRL_VALLEY_CENTER	grid	-140	40	15261.765	15261.214	-0.551	261.76	-
CTRL_VALLEY_CENTER	grid	-140	60	15262.096	15261.500	-0.596	262.10	-
CTRL_VALLEY_CENTER	grid	-140	80	15262.555	15261.910	-0.645	262.56	-
CTRL_VALLEY_CENTER	grid	-140	100	15263.181	15262.485	-0.695	263.18	-
CTRL_VALLEY_CENTER	grid	-140	120	15264.016	15263.298	-0.718	264.02	-
CTRL_VALLEY_CENTER	grid	-140	140	15265.056	15264.349	-0.707	265.06	-
CTRL_VALLEY_CENTER	grid	-140	160	15266.351	15265.800	-0.551	266.35	-
CTRL_VALLEY_CENTER	grid	-140	180	15267.924	15267.394	-0.530	267.92	-
CTRL_VALLEY_CENTER	grid	-140	200	15269.757	15269.142	-0.615	269.76	-
CTRL_VALLEY_CENTER	grid	-140	220	15271.894	15271.625	-0.269	271.89	-
CTRL_VALLEY_CENTER	grid	-140	240	15274.307	15274.135	-0.172	274.31	-
CTRL_VALLEY_CENTER	grid	-140	260	15276.947	15276.612	-0.334	276.95	-
CTRL_VALLEY_CENTER	grid	-140	280	15279.800	15279.624	-0.177	279.80	-
CTRL_VALLEY_CENTER	grid	-140	300	15282.740	15282.663	-0.077	282.74	-
CTRL_VALLEY_CENTER	grid	-140	320	15285.643	15285.504	-0.139	285.64	-
CTRL_VALLEY_CENTER	grid	-140	340	15288.435	15287.977	-0.458	288.43	-
CTRL_VALLEY_CENTER	grid	-140	360	15290.902	15290.479	-0.423	290.90	-
CTRL_VALLEY_CENTER	grid	-140	380	15292.952	15292.192	-0.760	292.95	-
CTRL_VALLEY_CENTER	grid	-140	400	15294.532	15293.521	-1.011	294.53	-
CTRL_VALLEY_CENTER	grid	-140	420	15295.513	15294.879	-0.634	295.51	-
CTRL_VALLEY_CENTER	grid	-140	440	15295.911	15294.872	-1.039	295.91	-
CTRL_VALLEY_CENTER	grid	-140	460	15295.796	15294.767	-1.029	295.80	-
CTRL_VALLEY_CENTER	grid	-140	480	15295.177	15294.569	-0.608	295.18	-
CTRL_VALLEY_CENTER	grid	-140	500	15294.165	15293.450	-0.715	294.17	-
CTRL_VALLEY_CENTER	grid	-120	-500	15230.955	15230.560	-0.396	230.96	-
CTRL_VALLEY_CENTER	grid	-120	-480	15230.089	15229.881	-0.208	230.09	-
CTRL_VALLEY_CENTER	grid	-120	-460	15229.162	15229.233	0.071	229.16	-
CTRL_VALLEY_CENTER	grid	-120	-440	15228.425	15228.681	0.255	228.43	-
CTRL_VALLEY_CENTER	grid	-120	-420	15228.393	15228.451	0.058	228.39	-
CTRL_VALLEY_CENTER	grid	-120	-400	15228.393	15228.381	-0.012	228.39	-
CTRL_VALLEY_CENTER	grid	-120	-380	15228.393	15228.342	-0.051	228.39	-
CTRL_VALLEY_CENTER	grid	-120	-360	15228.393	15228.339	-0.054	228.39	-
CTRL_VALLEY_CENTER	grid	-120	-340	15228.400	15228.482	0.083	228.40	-
CTRL_VALLEY_CENTER	grid	-120	-320	15229.090	15229.280	0.190	229.09	-
CTRL_VALLEY_CENTER	grid	-120	-300	15230.058	15230.114	0.056	230.06	-
CTRL_VALLEY_CENTER	grid	-120	-280	15231.055	15231.040	-0.015	231.06	-
CTRL_VALLEY_CENTER	grid	-120	-260	15232.070	15232.046	-0.024	232.07	-
CTRL_VALLEY_CENTER	grid	-120	-240	15233.081	15233.079	-0.002	233.08	-
CTRL_VALLEY_CENTER	grid	-120	-220	15234.102	15240.477	6.375	234.10	-
CTRL_VALLEY_CENTER	grid	-120	-200	15258.277	15250.967	-7.310	258.28	-
CTRL_VALLEY_CENTER	grid	-120	-180	15262.229	15261.530	-0.699	262.23	-
CTRL_VALLEY_CENTER	grid	-120	-160	15262.423	15262.137	-0.286	262.42	-
CTRL_VALLEY_CENTER	grid	-120	-140	15262.428	15262.111	-0.318	262.43	-
CTRL_VALLEY_CENTER	grid	-120	-120	15262.273	15261.955	-0.318	262.27	-
CTRL_VALLEY_CENTER	grid	-120	-100	15262.005	15261.473	-0.532	262.01	-
CTRL_VALLEY_CENTER	grid	-120	-80	15261.694	15261.190	-0.503	261.69	-
CTRL_VALLEY_CENTER	grid	-120	-60	15261.399	15260.843	-0.556	261.40	-
CTRL_VALLEY_CENTER	grid	-120	-40	15261.138	15260.490	-0.647	261.14	-
CTRL_VALLEY_CENTER	grid	-120	-20	15260.953	15260.276	-0.678	260.95	-
CTRL_VALLEY_CENTER	grid	-120	0	15260.823	15260.126	-0.696	260.82	-
CTRL_VALLEY_CENTER	grid	-120	20	15260.769	15260.041	-0.729	260.77	-
CTRL_VALLEY_CENTER	grid	-120	40	15260.798	15260.062	-0.735	260.80	-
CTRL_VALLEY_CENTER	grid	-120	60	15260.883	15260.228	-0.655	260.88	-
CTRL_VALLEY_CENTER	grid	-120	80	15261.085	15260.429	-0.656	261.09	-
CTRL_VALLEY_CENTER	grid	-120	100	15261.416	15260.902	-0.515	261.42	-
CTRL_VALLEY_CENTER	grid	-120	120	15261.912	15261.624	-0.288	261.91	-
CTRL_VALLEY_CENTER	grid	-120	140	15262.639	15262.373	-0.265	262.64	-
CTRL_VALLEY_CENTER	grid	-120	160	15263.607	15263.561	-0.046	263.61	-
CTRL_VALLEY_CENTER	grid	-120	180	15264.885	15265.148	0.263	264.89	-
CTRL_VALLEY_CENTER	grid	-120	200	15266.513	15266.570	0.057	266.51	-
CTRL_VALLEY_CENTER	grid	-120	220	15268.472	15268.550	0.078	268.47	-
CTRL_VALLEY_CENTER	grid	-120	240	15270.804	15270.835	0.031	270.80	-
CTRL_VALLEY_CENTER	grid	-120	260	15273.462	15273.148	-0.314	273.46	-
CTRL_VALLEY_CENTER	grid	-120	280	15276.345	15276.184	-0.160	276.34	-
CTRL_VALLEY_CENTER	grid	-120	300	15279.403	15279.022	-0.381	279.40	-
CTRL_VALLEY_CENTER	grid	-120	320	15282.470	15281.878	-0.592	282.47	-
CTRL_VALLEY_CENTER	grid	-120	340	15285.381	15284.655	-0.725	285.38	-
CTRL_VALLEY_CENTER	grid	-120	360	15288.029	15287.179	-0.850	288.03	-
CTRL_VALLEY_CENTER	grid	-120	380	15290.241	15289.347	-0.895	290.24	-
CTRL_VALLEY_CENTER	grid	-120	400	15291.915	15290.729	-1.187	291.92	-
CTRL_VALLEY_CENTER	grid	-120	420	15293.038	15292.105	-0.934	293.04	-
CTRL_VALLEY_CENTER	grid	-120	440	15293.548	15292.682	-0.866	293.55	-
CTRL_VALLEY_CENTER	grid	-120	460	15293.492	15292.550	-0.942	293.49	-
CTRL_VALLEY_CENTER	grid	-120	480	15292.976	15292.454	-0.522	292.98	-
CTRL_VALLEY_CENTER	grid	-120	500	15292.060	15291.622	-0.438	292.06	-
CTRL_VALLEY_CENTER	grid	-100	-500	15231.533	15231.241	-0.291	231.53	-
CTRL_VALLEY_CENTER	grid	-100	-480	15230.606	15230.551	-0.055	230.61	-
CTRL_VALLEY_CENTER	grid	-100	-460	15229.777	15229.889	0.112	229.78	-
CTRL_VALLEY_CENTER	grid	-100	-440	15229.183	15229.298	0.115	229.18	-
CTRL_VALLEY_CENTER	grid	-100	-420	15228.572	15228.817	0.245	228.57	-
CTRL_VALLEY_CENTER	grid	-100	-400	15228.393	15228.415	0.022	228.39	-
CTRL_VALLEY_CENTER	grid	-100	-380	15228.393	15228.375	-0.018	228.39	-
CTRL_VALLEY_CENTER	grid	-100	-360	15228.393	15228.364	-0.030	228.39	-
CTRL_VALLEY_CENTER	grid	-100	-340	15228.393	15228.380	-0.014	228.39	-
CTRL_VALLEY_CENTER	grid	-100	-320	15228.710	15229.029	0.318	228.71	-
CTRL_VALLEY_CENTER	grid	-100	-300	15229.691	15229.883	0.193	229.69	-
CTRL_VALLEY_CENTER	grid	-100	-280	15230.716	15230.770	0.054	230.72	-
CTRL_VALLEY_CENTER	grid	-100	-260	15231.758	15231.782	0.024	231.76	-
CTRL_VALLEY_CENTER	grid	-100	-240	15232.798	15232.840	0.042	232.80	-
CTRL_VALLEY_CENTER	grid	-100	-220	15233.843	15237.114	3.271	233.84	-
CTRL_VALLEY_CENTER	grid	-100	-200	15242.470	15247.899	5.430	242.47	-
CTRL_VALLEY_CENTER	grid	-100	-180	15263.130	15258.526	-4.605	263.13	-
CTRL_VALLEY_CENTER	grid	-100	-160	15263.042	15262.505	-0.537	263.04	-
CTRL_VALLEY_CENTER	grid	-100	-140	15262.769	15261.904	-0.865	262.77	-
CTRL_VALLEY_CENTER	grid	-100	-120	15262.346	15261.905	-0.441	262.35	-
CTRL_VALLEY_CENTER	grid	-100	-100	15261.813	15261.242	-0.572	261.81	-
CTRL_VALLEY_CENTER	grid	-100	-80	15261.254	15260.511	-0.743	261.25	-
CTRL_VALLEY_CENTER	grid	-100	-60	15260.717	15260.239	-0.478	260.72	-
CTRL_VALLEY_CENTER	grid	-100	-40	15260.246	15259.802	-0.445	260.25	-
CTRL_VALLEY_CENTER	grid	-100	-20	15259.845	15259.392	-0.453	259.85	-
CTRL_VALLEY_CENTER	grid	-100	0	15259.542	15259.196	-0.346	259.54	-
CTRL_VALLEY_CENTER	grid	-100	20	15259.292	15259.091	-0.202	259.29	-
CTRL_VALLEY_CENTER	grid	-100	40	15259.110	15259.013	-0.097	259.11	-
CTRL_VALLEY_CENTER	grid	-100	60	15259.004	15259.014	0.010	259.00	-
CTRL_VALLEY_CENTER	grid	-100	80	15258.942	15258.854	-0.088	258.94	-
CTRL_VALLEY_CENTER	grid	-100	100	15259.004	15258.721	-0.283	259.00	-
CTRL_VALLEY_CENTER	grid	-100	120	15259.204	15258.922	-0.283	259.20	-
CTRL_VALLEY_CENTER	grid	-100	140	15259.600	15259.316	-0.284	259.60	-
CTRL_VALLEY_CENTER	grid	-100	160	15260.271	15259.769	-0.502	260.27	-
CTRL_VALLEY_CENTER	grid	-100	180	15261.258	15261.063	-0.195	261.26	-
CTRL_VALLEY_CENTER	grid	-100	200	15262.628	15262.375	-0.252	262.63	-
CTRL_VALLEY_CENTER	grid	-100	220	15264.427	15264.043	-0.384	264.43	-
CTRL_VALLEY_CENTER	grid	-100	240	15266.629	15266.633	0.004	266.63	-
CTRL_VALLEY_CENTER	grid	-100	260	15269.234	15268.987	-0.246	269.23	-
CTRL_VALLEY_CENTER	grid	-100	280	15272.171	15271.772	-0.399	272.17	-
CTRL_VALLEY_CENTER	grid	-100	300	15275.283	15275.042	-0.241	275.28	-
CTRL_VALLEY_CENTER	grid	-100	320	15278.469	15278.084	-0.385	278.47	-
CTRL_VALLEY_CENTER	grid	-100	340	15281.555	15280.894	-0.661	281.55	-
CTRL_VALLEY_CENTER	grid	-100	360	15284.338	15283.698	-0.640	284.34	-
CTRL_VALLEY_CENTER	grid	-100	380	15286.722	15286.435	-0.286	286.72	-
CTRL_VALLEY_CENTER	grid	-100	400	15288.585	15287.898	-0.687	288.58	-
CTRL_VALLEY_CENTER	grid	-100	420	15289.838	15289.307	-0.531	289.84	-
CTRL_VALLEY_CENTER	grid	-100	440	15290.513	15290.403	-0.110	290.51	-
CTRL_VALLEY_CENTER	grid	-100	460	15290.636	15290.126	-0.510	290.64	-
CTRL_VALLEY_CENTER	grid	-100	480	15290.250	15289.876	-0.373	290.25	-
CTRL_VALLEY_CENTER	grid	-100	500	15289.495	15289.450	-0.045	289.50	-
CTRL_VALLEY_CENTER	grid	-80	-500	15232.059	15231.774	-0.285	232.06	-
CTRL_VALLEY_CENTER	grid	-80	-480	15231.228	15231.264	0.036	231.23	-
CTRL_VALLEY_CENTER	grid	-80	-460	15230.512	15230.596	0.084	230.51	-
CTRL_VALLEY_CENTER	grid	-80	-440	15229.962	15229.957	-0.005	229.96	-
CTRL_VALLEY_CENTER	grid	-80	-420	15229.278	15229.510	0.232	229.28	-
CTRL_VALLEY_CENTER	grid	-80	-400	15228.752	15229.087	0.335	228.75	-
CTRL_VALLEY_CENTER	grid	-80	-380	15228.557	15228.719	0.162	228.56	-
CTRL_VALLEY_CENTER	grid	-80	-360	15228.554	15228.659	0.105	228.55	-
CTRL_VALLEY_CENTER	grid	-80	-340	15228.464	15228.725	0.262	228.46	-
CTRL_VALLEY_CENTER	grid	-80	-320	15228.482	15229.091	0.610	228.48	-
CTRL_VALLEY_CENTER	grid	-80	-300	15229.499	15229.868	0.369	229.50	-
CTRL_VALLEY_CENTER	grid	-80	-280	15230.527	15230.752	0.225	230.53	-
CTRL_VALLEY_CENTER	grid	-80	-260	15231.582	15231.696	0.113	231.58	-
CTRL_VALLEY_CENTER	grid	-80	-240	15232.635	15232.695	0.059	232.64	-
CTRL_VALLEY_CENTER	grid	-80	-220	15233.684	15233.780	0.096	233.68	-
CTRL_VALLEY_CENTER	grid	-80	-200	15240.802	15244.489	3.687	240.80	-
CTRL_VALLEY_CENTER	grid	-80	-180	15264.218	15255.541	-8.677	264.22	-
CTRL_VALLEY_CENTER	grid	-80	-160	15263.768	15263.628	-0.140	263.77	-
CTRL_VALLEY_CENTER	grid	-80	-140	15263.111	15262.763	-0.348	263.11	-
CTRL_VALLEY_CENTER	grid	-80	-120	15262.312	15261.926	-0.386	262.31	-
CTRL_VALLEY_CENTER	grid	-80	-100	15261.416	15261.358	-0.058	261.42	-
CTRL_VALLEY_CENTER	grid	-80	-80	15260.495	15260.582	0.088	260.49	-
CTRL_VALLEY_CENTER	grid	-80	-60	15259.623	15259.574	-0.049	259.62	-
CTRL_VALLEY_CENTER	grid	-80	-40	15258.838	15258.618	-0.220	258.84	-
CTRL_VALLEY_CENTER	grid	-80	-20	15258.169	15257.875	-0.294	258.17	-
CTRL_VALLEY_CENTER	grid	-80	0	15257.596	15257.159	-0.437	257.60	-
CTRL_VALLEY_CENTER	grid	-80	20	15257.137	15256.523	-0.613	257.14	-
CTRL_VALLEY_CENTER	grid	-80	40	15256.731	15256.099	-0.632	256.73	-
CTRL_VALLEY_CENTER	grid	-80	60	15256.398	15255.707	-0.691	256.40	-
CTRL_VALLEY_CENTER	grid	-80	80	15256.136	15255.369	-0.767	256.14	-
CTRL_VALLEY_CENTER	grid	-80	100	15255.930	15255.237	-0.693	255.93	-
CTRL_VALLEY_CENTER	grid	-80	120	15255.870	15255.263	-0.608	255.87	-
CTRL_VALLEY_CENTER	grid	-80	140	15255.991	15255.483	-0.507	255.99	-
CTRL_VALLEY_CENTER	grid	-80	160	15256.365	15255.868	-0.497	256.37	-
CTRL_VALLEY_CENTER	grid	-80	180	15257.092	15256.884	-0.208	257.09	-
CTRL_VALLEY_CENTER	grid	-80	200	15258.223	15258.205	-0.018	258.22	-
CTRL_VALLEY_CENTER	grid	-80	220	15259.814	15259.549	-0.265	259.81	-
CTRL_VALLEY_CENTER	grid	-80	240	15261.907	15262.013	0.106	261.91	-
CTRL_VALLEY_CENTER	grid	-80	260	15264.434	15264.630	0.195	264.43	-
CTRL_VALLEY_CENTER	grid	-80	280	15267.353	15267.304	-0.049	267.35	-
CTRL_VALLEY_CENTER	grid	-80	300	15270.544	15270.535	-0.009	270.54	-
CTRL_VALLEY_CENTER	grid	-80	320	15273.816	15273.725	-0.090	273.82	-
CTRL_VALLEY_CENTER	grid	-80	340	15277.027	15276.799	-0.228	277.03	-
CTRL_VALLEY_CENTER	grid	-80	360	15280.011	15279.453	-0.558	280.01	-
CTRL_VALLEY_CENTER	grid	-80	380	15282.557	15282.131	-0.426	282.56	-
CTRL_VALLEY_CENTER	grid	-80	400	15284.610	15284.086	-0.525	284.61	-
CTRL_VALLEY_CENTER	grid	-80	420	15286.104	15285.361	-0.742	286.10	-
CTRL_VALLEY_CENTER	grid	-80	440	15286.977	15286.617	-0.359	286.98	-
CTRL_VALLEY_CENTER	grid	-80	460	15287.306	15286.898	-0.408	287.31	-
CTRL_VALLEY_CENTER	grid	-80	480	15287.175	15286.800	-0.374	287.17	-
CTRL_VALLEY_CENTER	grid	-80	500	15286.633	15286.578	-0.055	286.63	-
CTRL_VALLEY_CENTER	grid	-60	-500	15232.689	15232.563	-0.126	232.69	-
CTRL_VALLEY_CENTER	grid	-60	-480	15231.945	15232.011	0.066	231.94	-
CTRL_VALLEY_CENTER	grid	-60	-460	15231.329	15231.355	0.025	231.33	-
CTRL_VALLEY_CENTER	grid	-60	-440	15230.722	15230.717	-0.006	230.72	-
CTRL_VALLEY_CENTER	grid	-60	-420	15230.028	15230.279	0.251	230.03	-
CTRL_VALLEY_CENTER	grid	-60	-400	15229.639	15229.957	0.318	229.64	-
CTRL_VALLEY_CENTER	grid	-60	-380	15229.359	15229.561	0.201	229.36	-
CTRL_VALLEY_CENTER	grid	-60	-360	15229.390	15229.321	-0.069	229.39	-
CTRL_VALLEY_CENTER	grid	-60	-340	15229.043	15229.152	0.109	229.04	-
CTRL_VALLEY_CENTER	grid	-60	-320	15228.933	15229.308	0.375	228.93	-
CTRL_VALLEY_CENTER	grid	-60	-300	15229.646	15230.031	0.384	229.65	-
CTRL_VALLEY_CENTER	grid	-60	-280	15230.628	15230.781	0.153	230.63	-
CTRL_VALLEY_CENTER	grid	-60	-260	15231.633	15231.691	0.059	231.63	-
CTRL_VALLEY_CENTER	grid	-60	-240	15232.653	15232.676	0.023	232.65	-
CTRL_VALLEY_CENTER	grid	-60	-220	15233.681	15233.688	0.006	233.68	-
CTRL_VALLEY_CENTER	grid	-60	-200	15234.719	15240.897	6.178	234.72	-
CTRL_VALLEY_CENTER	grid	-60	-180	15265.687	15251.990	-13.697	265.69	-
CTRL_VALLEY_CENTER	grid	-60	-160	15264.720	15263.126	-1.594	264.72	-
CTRL_VALLEY_CENTER	grid	-60	-140	15263.616	15262.960	-0.656	263.62	-
CTRL_VALLEY_CENTER	grid	-60	-120	15262.323	15261.843	-0.480	262.32	-
CTRL_VALLEY_CENTER	grid	-60	-100	15260.946	15260.626	-0.320	260.95	-
CTRL_VALLEY_CENTER	grid	-60	-80	15259.557	15258.688	-0.869	259.56	-
CTRL_VALLEY_CENTER	grid	-60	-60	15258.222	15257.621	-0.601	258.22	-
CTRL_VALLEY_CENTER	grid	-60	-40	15257.029	15256.470	-0.559	257.03	-
CTRL_VALLEY_CENTER	grid	-60	-20	15255.982	15255.150	-0.832	255.98	-
CTRL_VALLEY_CENTER	grid	-60	0	15255.093	15254.410	-0.683	255.09	-
CTRL_VALLEY_CENTER	grid	-60	20	15254.333	15253.707	-0.626	254.33	-
CTRL_VALLEY_CENTER	grid	-60	40	15253.700	15253.022	-0.678	253.70	-
CTRL_VALLEY_CENTER	grid	-60	60	15253.133	15252.550	-0.583	253.13	-
CTRL_VALLEY_CENTER	grid	-60	80	15252.645	15252.200	-0.445	252.65	-
CTRL_VALLEY_CENTER	grid	-60	100	15252.245	15251.881	-0.364	252.25	-
CTRL_VALLEY_CENTER	grid	-60	120	15251.944	15251.698	-0.247	251.94	-
CTRL_VALLEY_CENTER	grid	-60	140	15251.829	15251.918	0.090	251.83	-
CTRL_VALLEY_CENTER	grid	-60	160	15251.972	15252.166	0.195	251.97	-
CTRL_VALLEY_CENTER	grid	-60	180	15252.454	15252.593	0.139	252.45	-
CTRL_VALLEY_CENTER	grid	-60	200	15253.374	15253.754	0.381	253.37	-
CTRL_VALLEY_CENTER	grid	-60	220	15254.788	15254.943	0.155	254.79	-
CTRL_VALLEY_CENTER	grid	-60	240	15256.734	15256.998	0.264	256.73	-
CTRL_VALLEY_CENTER	grid	-60	260	15259.197	15259.531	0.334	259.20	-
CTRL_VALLEY_CENTER	grid	-60	280	15262.093	15262.070	-0.022	262.09	-
CTRL_VALLEY_CENTER	grid	-60	300	15265.304	15265.299	-0.005	265.30	-
CTRL_VALLEY_CENTER	grid	-60	320	15268.689	15268.589	-0.100	268.69	-
CTRL_VALLEY_CENTER	grid	-60	340	15272.023	15271.805	-0.218	272.02	-
CTRL_VALLEY_CENTER	grid	-60	360	15275.158	15274.640	-0.517	275.16	-
CTRL_VALLEY_CENTER	grid	-60	380	15277.947	15277.427	-0.519	277.95	-
CTRL_VALLEY_CENTER	grid	-60	400	15280.210	15279.889	-0.321	280.21	-
CTRL_VALLEY_CENTER	grid	-60	420	15281.933	15281.270	-0.663	281.93	-
CTRL_VALLEY_CENTER	grid	-60	440	15283.107	15282.667	-0.440	283.11	-
CTRL_VALLEY_CENTER	grid	-60	460	15283.706	15283.443	-0.264	283.71	-
CTRL_VALLEY_CENTER	grid	-60	480	15283.849	15283.443	-0.405	283.85	-
CTRL_VALLEY_CENTER	grid	-60	500	15283.626	15283.471	-0.155	283.63	-
CTRL_VALLEY_CENTER	grid	-40	-500	15233.395	15233.264	-0.131	233.40	-
CTRL_VALLEY_CENTER	grid	-40	-480	15232.708	15232.767	0.059	232.71	-
CTRL_VALLEY_CENTER	grid	-40	-460	15232.148	15232.124	-0.024	232.15	-
CTRL_VALLEY_CENTER	grid	-40	-440	15231.448	15231.503	0.055	231.45	-
CTRL_VALLEY_CENTER	grid	-40	-420	15230.867	15230.963	0.096	230.87	-
CTRL_VALLEY_CENTER	grid	-40	-400	15230.527	15230.680	0.152	230.53	-
CTRL_VALLEY_CENTER	grid	-40	-380	15230.249	15230.424	0.175	230.25	-
CTRL_VALLEY_CENTER	grid	-40	-360	15230.254	15230.166	-0.089	230.25	-
CTRL_VALLEY_CENTER	grid	-40	-340	15229.929	15229.977	0.048	229.93	-
CTRL_VALLEY_CENTER	grid	-40	-320	15229.748	15229.828	0.080	229.75	-
CTRL_VALLEY_CENTER	grid	-40	-300	15230.169	15230.313	0.143	230.17	-
CTRL_VALLEY_CENTER	grid	-40	-280	15230.917	15231.083	0.166	230.92	-
CTRL_VALLEY_CENTER	grid	-40	-260	15231.839	15232.032	0.193	231.84	-
CTRL_VALLEY_CENTER	grid	-40	-240	15232.810	15242.930	10.121	232.81	-
CTRL_VALLEY_CENTER	grid	-40	-220	15233.815	15245.995	12.180	233.82	-
CTRL_VALLEY_CENTER	grid	-40	-200	15238.684	15248.112	9.428	238.68	-
CTRL_VALLEY_CENTER	grid	-40	-180	15267.578	15248.702	-18.877	267.58	-
CTRL_VALLEY_CENTER	grid	-40	-160	15266.101	15259.833	-6.268	266.10	-
CTRL_VALLEY_CENTER	grid	-40	-140	15264.381	15263.930	-0.451	264.38	-
CTRL_VALLEY_CENTER	grid	-40	-120	15262.539	15261.365	-1.174	262.54	-
CTRL_VALLEY_CENTER	grid	-40	-100	15260.555	15260.086	-0.469	260.55	-
CTRL_VALLEY_CENTER	grid	-40	-80	15258.579	15258.200	-0.378	258.58	-
CTRL_VALLEY_CENTER	grid	-40	-60	15256.689	15256.082	-0.607	256.69	-
CTRL_VALLEY_CENTER	grid	-40	-40	15254.950	15254.655	-0.295	254.95	-
CTRL_VALLEY_CENTER	grid	-40	-20	15253.438	15253.335	-0.102	253.44	-
CTRL_VALLEY_CENTER	grid	-40	0	15252.129	15252.043	-0.086	252.13	-
CTRL_VALLEY_CENTER	grid	-40	20	15251.026	15250.996	-0.030	251.03	-
CTRL_VALLEY_CENTER	grid	-40	40	15250.090	15250.189	0.099	250.09	-
CTRL_VALLEY_CENTER	grid	-40	60	15249.295	15249.234	-0.061	249.29	-
CTRL_VALLEY_CENTER	grid	-40	80	15248.591	15248.417	-0.174	248.59	-
CTRL_VALLEY_CENTER	grid	-40	100	15247.988	15247.828	-0.160	247.99	-
CTRL_VALLEY_CENTER	grid	-40	120	15247.516	15247.266	-0.250	247.52	-
CTRL_VALLEY_CENTER	grid	-40	140	15247.204	15247.146	-0.058	247.20	-
CTRL_VALLEY_CENTER	grid	-40	160	15247.155	15247.174	0.019	247.15	-
CTRL_VALLEY_CENTER	grid	-40	180	15247.453	15247.221	-0.232	247.45	-
CTRL_VALLEY_CENTER	grid	-40	200	15248.196	15248.509	0.313	248.20	-
CTRL_VALLEY_CENTER	grid	-40	220	15249.460	15249.781	0.320	249.46	-
CTRL_VALLEY_CENTER	grid	-40	240	15251.288	15251.248	-0.040	251.29	-
CTRL_VALLEY_CENTER	grid	-40	260	15253.674	15254.076	0.402	253.67	-
CTRL_VALLEY_CENTER	grid	-40	280	15256.546	15256.829	0.283	256.55	-
CTRL_VALLEY_CENTER	grid	-40	300	15259.790	15259.728	-0.062	259.79	-
CTRL_VALLEY_CENTER	grid	-40	320	15263.235	15263.203	-0.031	263.23	-
CTRL_VALLEY_CENTER	grid	-40	340	15266.714	15266.697	-0.017	266.71	-
CTRL_VALLEY_CENTER	grid	-40	360	15270.021	15269.689	-0.332	270.02	-
CTRL_VALLEY_CENTER	grid	-40	380	15273.006	15272.537	-0.469	273.01	-
CTRL_VALLEY_CENTER	grid	-40	400	15275.548	15275.417	-0.131	275.55	-
CTRL_VALLEY_CENTER	grid	-40	420	15277.559	15277.172	-0.387	277.56	-
CTRL_VALLEY_CENTER	grid	-40	440	15279.023	15278.640	-0.382	279.02	-
CTRL_VALLEY_CENTER	grid	-40	460	15279.979	15280.128	0.148	279.98	-
CTRL_VALLEY_CENTER	grid	-40	480	15280.472	15280.539	0.067	280.47	-
CTRL_VALLEY_CENTER	grid	-40	500	15280.596	15280.692	0.097	280.60	-
CTRL_VALLEY_CENTER	grid	-20	-500	15234.128	15257.270	23.142	234.13	-
CTRL_VALLEY_CENTER	grid	-20	-480	15233.514	15239.766	6.251	233.51	-
CTRL_VALLEY_CENTER	grid	-20	-460	15232.894	15232.925	0.032	232.89	-
CTRL_VALLEY_CENTER	grid	-20	-440	15232.218	15232.325	0.106	232.22	-
CTRL_VALLEY_CENTER	grid	-20	-420	15231.736	15231.751	0.015	231.74	-
CTRL_VALLEY_CENTER	grid	-20	-400	15231.415	15231.474	0.059	231.42	-
CTRL_VALLEY_CENTER	grid	-20	-380	15231.152	15231.242	0.090	231.15	-
CTRL_VALLEY_CENTER	grid	-20	-360	15231.130	15231.048	-0.082	231.13	-
CTRL_VALLEY_CENTER	grid	-20	-340	15230.818	15230.931	0.113	230.82	-
CTRL_VALLEY_CENTER	grid	-20	-320	15230.626	15230.782	0.155	230.63	-
CTRL_VALLEY_CENTER	grid	-20	-300	15230.893	15230.924	0.032	230.89	-
CTRL_VALLEY_CENTER	grid	-20	-280	15231.450	15231.481	0.031	231.45	-
CTRL_VALLEY_CENTER	grid	-20	-260	15232.210	15232.278	0.068	232.21	-
CTRL_VALLEY_CENTER	grid	-20	-240	15233.090	15242.241	9.151	233.09	-
CTRL_VALLEY_CENTER	grid	-20	-220	15234.024	15256.953	22.929	234.02	-
CTRL_VALLEY_CENTER	grid	-20	-200	15262.034	15262.673	0.638	262.03	-
CTRL_VALLEY_CENTER	grid	-20	-180	15269.994	15262.425	-7.569	269.99	-
CTRL_VALLEY_CENTER	grid	-20	-160	15267.922	15261.878	-6.044	267.92	-
CTRL_VALLEY_CENTER	grid	-20	-140	15265.597	15265.548	-0.050	265.60	-
CTRL_VALLEY_CENTER	grid	-20	-120	15263.044	15262.982	-0.062	263.04	-
CTRL_VALLEY_CENTER	grid	-20	-100	15260.412	15260.445	0.033	260.41	-
CTRL_VALLEY_CENTER	grid	-20	-80	15257.721	15257.613	-0.108	257.72	-
CTRL_VALLEY_CENTER	grid	-20	-60	15255.162	15255.141	-0.021	255.16	-
CTRL_VALLEY_CENTER	grid	-20	-40	15252.795	15252.696	-0.100	252.80	-
CTRL_VALLEY_CENTER	grid	-20	-20	15250.678	15250.256	-0.423	250.68	-
CTRL_VALLEY_CENTER	grid	-20	0	15248.883	15248.635	-0.248	248.88	-
CTRL_VALLEY_CENTER	grid	-20	20	15247.349	15247.043	-0.306	247.35	-
CTRL_VALLEY_CENTER	grid	-20	40	15246.072	15245.643	-0.429	246.07	-
CTRL_VALLEY_CENTER	grid	-20	60	15244.997	15244.612	-0.384	245.00	-
CTRL_VALLEY_CENTER	grid	-20	80	15244.084	15243.708	-0.376	244.08	-
CTRL_VALLEY_CENTER	grid	-20	100	15243.303	15243.010	-0.293	243.30	-
CTRL_VALLEY_CENTER	grid	-20	120	15242.669	15242.399	-0.270	242.67	-
CTRL_VALLEY_CENTER	grid	-20	140	15242.224	15242.065	-0.160	242.22	-
CTRL_VALLEY_CENTER	grid	-20	160	15242.032	15242.142	0.111	242.03	-
CTRL_VALLEY_CENTER	grid	-20	180	15242.197	15242.231	0.035	242.20	-
CTRL_VALLEY_CENTER	grid	-20	200	15242.814	15243.042	0.228	242.81	-
CTRL_VALLEY_CENTER	grid	-20	220	15243.972	15244.439	0.467	243.97	-
CTRL_VALLEY_CENTER	grid	-20	240	15245.705	15245.863	0.158	245.71	-
CTRL_VALLEY_CENTER	grid	-20	260	15248.036	15248.355	0.319	248.04	-
CTRL_VALLEY_CENTER	grid	-20	280	15250.892	15251.256	0.364	250.89	-
CTRL_VALLEY_CENTER	grid	-20	300	15254.157	15254.219	0.062	254.16	-
CTRL_VALLEY_CENTER	grid	-20	320	15257.681	15257.799	0.119	257.68	-
CTRL_VALLEY_CENTER	grid	-20	340	15261.278	15261.354	0.076	261.28	-
CTRL_VALLEY_CENTER	grid	-20	360	15264.765	15264.817	0.052	264.77	-
CTRL_VALLEY_CENTER	grid	-20	380	15267.979	15267.801	-0.178	267.98	-
CTRL_VALLEY_CENTER	grid	-20	400	15270.786	15270.708	-0.078	270.79	-
CTRL_VALLEY_CENTER	grid	-20	420	15273.116	15273.143	0.028	273.12	-
CTRL_VALLEY_CENTER	grid	-20	440	15274.936	15274.899	-0.038	274.94	-
CTRL_VALLEY_CENTER	grid	-20	460	15276.265	15276.393	0.128	276.27	-
CTRL_VALLEY_CENTER	grid	-20	480	15277.158	15277.352	0.195	277.16	-
CTRL_VALLEY_CENTER	grid	-20	500	15277.696	15278.008	0.313	277.70	-
CTRL_VALLEY_CENTER	grid	0	-500	15269.609	15271.977	2.368	269.61	-
CTRL_VALLEY_CENTER	grid	0	-480	15235.162	15252.142	16.981	235.16	-
CTRL_VALLEY_CENTER	grid	0	-460	15233.633	15236.836	3.202	233.63	-
CTRL_VALLEY_CENTER	grid	0	-440	15233.038	15233.278	0.241	233.04	-
CTRL_VALLEY_CENTER	grid	0	-420	15232.620	15232.705	0.084	232.62	-
CTRL_VALLEY_CENTER	grid	0	-400	15232.304	15232.331	0.027	232.30	-
CTRL_VALLEY_CENTER	grid	0	-380	15232.055	15232.130	0.075	232.06	-
CTRL_VALLEY_CENTER	grid	0	-360	15232.015	15231.928	-0.087	232.02	-
CTRL_VALLEY_CENTER	grid	0	-340	15231.707	15231.812	0.105	231.71	-
CTRL_VALLEY_CENTER	grid	0	-320	15231.524	15231.738	0.214	231.52	-
CTRL_VALLEY_CENTER	grid	0	-300	15231.678	15231.678	-0.000	231.68	-
CTRL_VALLEY_CENTER	grid	0	-280	15232.124	15232.235	0.111	232.12	-
CTRL_VALLEY_CENTER	grid	0	-260	15232.743	15232.820	0.076	232.74	-
CTRL_VALLEY_CENTER	grid	0	-240	15233.509	15237.814	4.305	233.51	-
CTRL_VALLEY_CENTER	grid	0	-220	15234.361	15252.639	18.278	234.36	-
CTRL_VALLEY_CENTER	grid	0	-200	15274.479	15267.658	-6.821	274.48	-
CTRL_VALLEY_CENTER	grid	0	-180	15272.957	15272.254	-0.703	272.96	-
CTRL_VALLEY_CENTER	grid	0	-160	15270.239	15269.636	-0.603	270.24	-
CTRL_VALLEY_CENTER	grid	0	-140	15267.256	15267.046	-0.210	267.26	-
CTRL_VALLEY_CENTER	grid	0	-120	15264.006	15262.744	-1.262	264.01	-
CTRL_VALLEY_CENTER	grid	0	-100	15260.575	15259.829	-0.746	260.58	-
CTRL_VALLEY_CENTER	grid	0	-80	15257.154	15256.919	-0.235	257.15	-
CTRL_VALLEY_CENTER	grid	0	-60	15253.796	15252.981	-0.815	253.80	-
CTRL_VALLEY_CENTER	grid	0	-40	15250.710	15250.153	-0.557	250.71	-
CTRL_VALLEY_CENTER	grid	0	-20	15247.937	15247.702	-0.235	247.94	-
CTRL_VALLEY_CENTER	grid	0	0	15245.517	15245.193	-0.324	245.52	-
CTRL_VALLEY_CENTER	grid	0	20	15243.510	15243.143	-0.367	243.51	-
CTRL_VALLEY_CENTER	grid	0	40	15241.823	15241.676	-0.147	241.82	-
CTRL_VALLEY_CENTER	grid	0	60	15240.438	15240.327	-0.112	240.44	-
CTRL_VALLEY_CENTER	grid	0	80	15239.289	15239.093	-0.196	239.29	-
CTRL_VALLEY_CENTER	grid	0	100	15238.332	15238.346	0.013	238.33	-
CTRL_VALLEY_CENTER	grid	0	120	15237.571	15237.675	0.104	237.57	-
CTRL_VALLEY_CENTER	grid	0	140	15237.019	15237.026	0.008	237.02	-
CTRL_VALLEY_CENTER	grid	0	160	15236.737	15237.092	0.355	236.74	-
CTRL_VALLEY_CENTER	grid	0	180	15236.823	15237.197	0.374	236.82	-
CTRL_VALLEY_CENTER	grid	0	200	15237.370	15237.663	0.293	237.37	-
CTRL_VALLEY_CENTER	grid	0	220	15238.453	15239.239	0.787	238.45	-
CTRL_VALLEY_CENTER	grid	0	240	15240.147	15240.721	0.574	240.15	-
CTRL_VALLEY_CENTER	grid	0	260	15242.432	15242.943	0.510	242.43	-
CTRL_VALLEY_CENTER	grid	0	280	15245.286	15246.059	0.772	245.29	-
CTRL_VALLEY_CENTER	grid	0	300	15248.589	15249.015	0.426	248.59	-
CTRL_VALLEY_CENTER	grid	0	320	15252.182	15252.461	0.279	252.18	-
CTRL_VALLEY_CENTER	grid	0	340	15255.904	15256.183	0.279	255.90	-
CTRL_VALLEY_CENTER	grid	0	360	15259.564	15259.765	0.201	259.56	-
CTRL_VALLEY_CENTER	grid	0	380	15263.003	15262.907	-0.096	263.00	-
CTRL_VALLEY_CENTER	grid	0	400	15266.101	15265.992	-0.109	266.10	-
CTRL_VALLEY_CENTER	grid	0	420	15268.757	15268.904	0.146	268.76	-
CTRL_VALLEY_CENTER	grid	0	440	15270.955	15270.694	-0.261	270.95	-
CTRL_VALLEY_CENTER	grid	0	460	15272.700	15272.512	-0.188	272.70	-
CTRL_VALLEY_CENTER	grid	0	480	15274.022	15273.976	-0.045	274.02	-
CTRL_VALLEY_CENTER	grid	0	500	15275.006	15274.637	-0.369	275.01	-
CTRL_VALLEY_CENTER	grid	20	-500	15296.795	15282.586	-14.209	296.79	-
CTRL_VALLEY_CENTER	grid	20	-480	15279.946	15263.450	-16.496	279.95	-
CTRL_VALLEY_CENTER	grid	20	-460	15237.197	15243.818	6.621	237.20	-
CTRL_VALLEY_CENTER	grid	20	-440	15233.881	15238.955	5.074	233.88	-
CTRL_VALLEY_CENTER	grid	20	-420	15233.507	15235.081	1.574	233.51	-
CTRL_VALLEY_CENTER	grid	20	-400	15233.193	15233.202	0.009	233.19	-
CTRL_VALLEY_CENTER	grid	20	-380	15232.954	15233.001	0.047	232.95	-
CTRL_VALLEY_CENTER	grid	20	-360	15232.904	15232.828	-0.076	232.90	-
CTRL_VALLEY_CENTER	grid	20	-340	15232.597	15232.705	0.108	232.60	-
CTRL_VALLEY_CENTER	grid	20	-320	15232.420	15232.633	0.213	232.42	-
CTRL_VALLEY_CENTER	grid	20	-300	15232.519	15232.588	0.069	232.52	-
CTRL_VALLEY_CENTER	grid	20	-280	15232.865	15244.891	12.026	232.87	-
CTRL_VALLEY_CENTER	grid	20	-260	15233.386	15248.448	15.061	233.39	-
CTRL_VALLEY_CENTER	grid	20	-240	15234.043	15252.033	17.991	234.04	-
CTRL_VALLEY_CENTER	grid	20	-220	15242.681	15251.449	8.768	242.68	-
CTRL_VALLEY_CENTER	grid	20	-200	15279.303	15264.932	-14.370	279.30	-
CTRL_VALLEY_CENTER	grid	20	-180	15276.356	15275.997	-0.360	276.36	-
CTRL_VALLEY_CENTER	grid	20	-160	15273.070	15271.667	-1.403	273.07	-
CTRL_VALLEY_CENTER	grid	20	-140	15269.372	15268.502	-0.870	269.37	-
CTRL_VALLEY_CENTER	grid	20	-120	15265.404	15264.967	-0.437	265.40	-
CTRL_VALLEY_CENTER	grid	20	-100	15261.198	15260.270	-0.929	261.20	-
CTRL_VALLEY_CENTER	grid	20	-80	15256.914	15256.361	-0.553	256.91	-
CTRL_VALLEY_CENTER	grid	20	-60	15252.772	15252.767	-0.006	252.77	-
CTRL_VALLEY_CENTER	grid	20	-40	15248.849	15248.857	0.008	248.85	-
CTRL_VALLEY_CENTER	grid	20	-20	15245.348	15245.222	-0.125	245.35	-
CTRL_VALLEY_CENTER	grid	20	0	15242.284	15242.723	0.439	242.28	-
CTRL_VALLEY_CENTER	grid	20	20	15239.676	15240.120	0.444	239.68	-
CTRL_VALLEY_CENTER	grid	20	40	15237.559	15237.572	0.013	237.56	-
CTRL_VALLEY_CENTER	grid	20	60	15235.810	15236.056	0.246	235.81	-
CTRL_VALLEY_CENTER	grid	20	80	15234.401	15234.605	0.204	234.40	-
CTRL_VALLEY_CENTER	grid	20	100	15233.271	15233.428	0.157	233.27	-
CTRL_VALLEY_CENTER	grid	20	120	15232.383	15232.686	0.303	232.38	-
CTRL_VALLEY_CENTER	grid	20	140	15231.757	15231.979	0.222	231.76	-
CTRL_VALLEY_CENTER	grid	20	160	15231.432	15231.914	0.482	231.43	-
CTRL_VALLEY_CENTER	grid	20	180	15231.466	15232.176	0.711	231.47	-
CTRL_VALLEY_CENTER	grid	20	200	15231.995	15232.308	0.313	231.99	-
CTRL_VALLEY_CENTER	grid	20	220	15233.062	15233.859	0.797	233.06	-
CTRL_VALLEY_CENTER	grid	20	240	15234.723	15235.689	0.966	234.72	-
CTRL_VALLEY_CENTER	grid	20	260	15237.017	15237.282	0.264	237.02	-
CTRL_VALLEY_CENTER	grid	20	280	15239.882	15240.516	0.633	239.88	-
CTRL_VALLEY_CENTER	grid	20	300	15243.216	15243.778	0.562	243.22	-
CTRL_VALLEY_CENTER	grid	20	320	15246.893	15247.020	0.127	246.89	-
CTRL_VALLEY_CENTER	grid	20	340	15250.724	15250.757	0.033	250.72	-
CTRL_VALLEY_CENTER	grid	20	360	15254.556	15254.524	-0.033	254.56	-
CTRL_VALLEY_CENTER	grid	20	380	15258.222	15258.048	-0.173	258.22	-
CTRL_VALLEY_CENTER	grid	20	400	15261.593	15261.314	-0.280	261.59	-
CTRL_VALLEY_CENTER	grid	20	420	15264.594	15264.607	0.013	264.59	-
CTRL_VALLEY_CENTER	grid	20	440	15267.176	15267.312	0.136	267.18	-
CTRL_VALLEY_CENTER	grid	20	460	15269.346	15269.370	0.025	269.35	-
CTRL_VALLEY_CENTER	grid	20	480	15271.137	15271.456	0.319	271.14	-
CTRL_VALLEY_CENTER	grid	20	500	15272.581	15273.112	0.530	272.58	-
CTRL_VALLEY_CENTER	grid	40	-500	15300.113	15293.012	-7.101	300.11	-
CTRL_VALLEY_CENTER	grid	40	-480	15301.532	15275.397	-26.134	301.53	-
CTRL_VALLEY_CENTER	grid	40	-460	15289.956	15259.202	-30.754	289.96	-
CTRL_VALLEY_CENTER	grid	40	-440	15251.652	15253.731	2.079	251.65	-
CTRL_VALLEY_CENTER	grid	40	-420	15234.394	15253.295	18.901	234.39	-
CTRL_VALLEY_CENTER	grid	40	-400	15234.081	15252.887	18.806	234.08	-
CTRL_VALLEY_CENTER	grid	40	-380	15233.857	15236.012	2.155	233.86	-
CTRL_VALLEY_CENTER	grid	40	-360	15233.800	15236.220	2.420	233.80	-
CTRL_VALLEY_CENTER	grid	40	-340	15233.488	15236.183	2.695	233.49	-
CTRL_VALLEY_CENTER	grid	40	-320	15233.322	15233.954	0.632	233.32	-
CTRL_VALLEY_CENTER	grid	40	-300	15233.379	15233.515	0.137	233.38	-
CTRL_VALLEY_CENTER	grid	40	-280	15233.649	15240.933	7.283	233.65	-
CTRL_VALLEY_CENTER	grid	40	-260	15234.095	15261.602	27.508	234.09	-
CTRL_VALLEY_CENTER	grid	40	-240	15238.663	15272.287	33.623	238.66	-
CTRL_VALLEY_CENTER	grid	40	-220	15286.558	15273.240	-13.319	286.56	-
CTRL_VALLEY_CENTER	grid	40	-200	15283.545	15272.502	-11.043	283.55	-
CTRL_VALLEY_CENTER	grid	40	-180	15280.126	15277.300	-2.826	280.13	-
CTRL_VALLEY_CENTER	grid	40	-160	15276.255	15275.819	-0.436	276.25	-
CTRL_VALLEY_CENTER	grid	40	-140	15271.945	15271.516	-0.429	271.95	-
CTRL_VALLEY_CENTER	grid	40	-120	15267.200	15267.202	0.003	267.20	-
CTRL_VALLEY_CENTER	grid	40	-100	15262.234	15262.113	-0.121	262.23	-
CTRL_VALLEY_CENTER	grid	40	-80	15257.127	15257.055	-0.072	257.13	-
CTRL_VALLEY_CENTER	grid	40	-60	15252.106	15251.824	-0.282	252.11	-
CTRL_VALLEY_CENTER	grid	40	-40	15247.394	15247.391	-0.003	247.39	-
CTRL_VALLEY_CENTER	grid	40	-20	15243.066	15243.195	0.129	243.07	-
CTRL_VALLEY_CENTER	grid	40	0	15239.313	15239.340	0.027	239.31	-
CTRL_VALLEY_CENTER	grid	40	20	15236.112	15236.277	0.164	236.11	-
CTRL_VALLEY_CENTER	grid	40	40	15233.453	15233.609	0.156	233.45	-
CTRL_VALLEY_CENTER	grid	40	60	15231.339	15231.578	0.239	231.34	-
CTRL_VALLEY_CENTER	grid	40	80	15229.635	15229.857	0.222	229.63	-
CTRL_VALLEY_CENTER	grid	40	100	15228.304	15228.449	0.145	228.30	-
CTRL_VALLEY_CENTER	grid	40	120	15227.308	15227.692	0.384	227.31	-
CTRL_VALLEY_CENTER	grid	40	140	15226.606	15226.962	0.357	226.61	-
CTRL_VALLEY_CENTER	grid	40	160	15226.257	15226.531	0.273	226.26	-
CTRL_VALLEY_CENTER	grid	40	180	15226.303	15226.881	0.578	226.30	-
CTRL_VALLEY_CENTER	grid	40	200	15226.810	15227.259	0.449	226.81	-
CTRL_VALLEY_CENTER	grid	40	220	15227.905	15228.254	0.349	227.90	-
CTRL_VALLEY_CENTER	grid	40	240	15229.593	15230.110	0.518	229.59	-
CTRL_VALLEY_CENTER	grid	40	260	15231.884	15232.187	0.302	231.88	-
CTRL_VALLEY_CENTER	grid	40	280	15234.783	15235.253	0.470	234.78	-
CTRL_VALLEY_CENTER	grid	40	300	15238.167	15238.713	0.546	238.17	-
CTRL_VALLEY_CENTER	grid	40	320	15241.897	15242.201	0.304	241.90	-
CTRL_VALLEY_CENTER	grid	40	340	15245.851	15246.163	0.311	245.85	-
CTRL_VALLEY_CENTER	grid	40	360	15249.833	15250.096	0.262	249.83	-
CTRL_VALLEY_CENTER	grid	40	380	15253.705	15254.012	0.307	253.71	-
CTRL_VALLEY_CENTER	grid	40	400	15257.352	15257.533	0.180	257.35	-
CTRL_VALLEY_CENTER	grid	40	420	15260.680	15260.864	0.184	260.68	-
CTRL_VALLEY_CENTER	grid	40	440	15263.651	15263.947	0.296	263.65	-
CTRL_VALLEY_CENTER	grid	40	460	15266.248	15266.501	0.254	266.25	-
CTRL_VALLEY_CENTER	grid	40	480	15268.492	15268.822	0.329	268.49	-
CTRL_VALLEY_CENTER	grid	40	500	15270.427	15270.675	0.247	270.43	-
CTRL_VALLEY_CENTER	grid	60	-500	15302.716	15302.214	-0.502	302.72	-
CTRL_VALLEY_CENTER	grid	60	-480	15304.516	15303.925	-0.591	304.52	-
CTRL_VALLEY_CENTER	grid	60	-460	15305.866	15288.594	-17.272	305.87	-
CTRL_VALLEY_CENTER	grid	60	-440	15306.854	15277.406	-29.448	306.85	-
CTRL_VALLEY_CENTER	grid	60	-420	15307.336	15280.887	-26.448	307.34	-
CTRL_VALLEY_CENTER	grid	60	-400	15290.929	15281.537	-9.392	290.93	-
CTRL_VALLEY_CENTER	grid	60	-380	15249.786	15270.726	20.940	249.79	-
CTRL_VALLEY_CENTER	grid	60	-360	15243.041	15249.983	6.943	243.04	-
CTRL_VALLEY_CENTER	grid	60	-340	15235.072	15239.876	4.804	235.07	-
CTRL_VALLEY_CENTER	grid	60	-320	15234.224	15238.237	4.013	234.22	-
CTRL_VALLEY_CENTER	grid	60	-300	15234.248	15236.034	1.787	234.25	-
CTRL_VALLEY_CENTER	grid	60	-280	15234.465	15234.701	0.236	234.47	-
CTRL_VALLEY_CENTER	grid	60	-260	15256.652	15255.354	-1.299	256.65	-
CTRL_VALLEY_CENTER	grid	60	-240	15294.148	15276.225	-17.923	294.15	-
CTRL_VALLEY_CENTER	grid	60	-220	15291.210	15290.715	-0.495	291.21	-
CTRL_VALLEY_CENTER	grid	60	-200	15287.874	15287.064	-0.810	287.87	-
CTRL_VALLEY_CENTER	grid	60	-180	15284.053	15283.441	-0.612	284.05	-
CTRL_VALLEY_CENTER	grid	60	-160	15279.691	15278.527	-1.164	279.69	-
CTRL_VALLEY_CENTER	grid	60	-140	15274.780	15273.510	-1.270	274.78	-
CTRL_VALLEY_CENTER	grid	60	-120	15269.397	15268.839	-0.558	269.40	-
CTRL_VALLEY_CENTER	grid	60	-100	15263.630	15262.635	-0.996	263.63	-
CTRL_VALLEY_CENTER	grid	60	-80	15257.758	15256.802	-0.956	257.76	-
CTRL_VALLEY_CENTER	grid	60	-60	15251.906	15251.774	-0.132	251.91	-
CTRL_VALLEY_CENTER	grid	60	-40	15246.341	15246.182	-0.159	246.34	-
CTRL_VALLEY_CENTER	grid	60	-20	15241.268	15240.984	-0.284	241.27	-
CTRL_VALLEY_CENTER	grid	60	0	15236.742	15236.933	0.190	236.74	-
CTRL_VALLEY_CENTER	grid	60	20	15232.928	15233.347	0.419	232.93	-
CTRL_VALLEY_CENTER	grid	60	40	15229.757	15229.795	0.038	229.76	-
CTRL_VALLEY_CENTER	grid	60	60	15227.181	15227.490	0.309	227.18	-
CTRL_VALLEY_CENTER	grid	60	80	15225.197	15225.643	0.446	225.20	-
CTRL_VALLEY_CENTER	grid	60	100	15223.645	15223.823	0.178	223.65	-
CTRL_VALLEY_CENTER	grid	60	120	15222.508	15222.784	0.276	222.51	-
CTRL_VALLEY_CENTER	grid	60	140	15221.761	15222.205	0.444	221.76	-
CTRL_VALLEY_CENTER	grid	60	160	15221.380	15221.653	0.272	221.38	-
CTRL_VALLEY_CENTER	grid	60	180	15221.440	15222.210	0.770	221.44	-
CTRL_VALLEY_CENTER	grid	60	200	15221.987	15222.796	0.809	221.99	-
CTRL_VALLEY_CENTER	grid	60	220	15223.089	15223.582	0.493	223.09	-
CTRL_VALLEY_CENTER	grid	60	240	15224.816	15225.950	1.134	224.82	-
CTRL_VALLEY_CENTER	grid	60	260	15227.152	15228.058	0.906	227.15	-
CTRL_VALLEY_CENTER	grid	60	280	15230.057	15230.666	0.610	230.06	-
CTRL_VALLEY_CENTER	grid	60	300	15233.488	15234.353	0.865	233.49	-
CTRL_VALLEY_CENTER	grid	60	320	15237.292	15237.874	0.582	237.29	-
CTRL_VALLEY_CENTER	grid	60	340	15241.318	15241.661	0.343	241.32	-
CTRL_VALLEY_CENTER	grid	60	360	15245.438	15245.729	0.291	245.44	-
CTRL_VALLEY_CENTER	grid	60	380	15249.498	15249.752	0.254	249.50	-
CTRL_VALLEY_CENTER	grid	60	400	15253.387	15253.402	0.014	253.39	-
CTRL_VALLEY_CENTER	grid	60	420	15257.024	15256.949	-0.075	257.02	-
CTRL_VALLEY_CENTER	grid	60	440	15260.357	15260.469	0.112	260.36	-
CTRL_VALLEY_CENTER	grid	60	460	15263.376	15263.083	-0.293	263.38	-
CTRL_VALLEY_CENTER	grid	60	480	15266.073	15265.744	-0.329	266.07	-
CTRL_VALLEY_CENTER	grid	60	500	15268.466	15268.542	0.077	268.47	-
CTRL_VALLEY_CENTER	grid	80	-500	15304.624	15304.129	-0.496	304.62	-
CTRL_VALLEY_CENTER	grid	80	-480	15306.644	15305.962	-0.682	306.64	-
CTRL_VALLEY_CENTER	grid	80	-460	15308.344	15307.700	-0.645	308.34	-
CTRL_VALLEY_CENTER	grid	80	-440	15309.578	15301.869	-7.709	309.58	-
CTRL_VALLEY_CENTER	grid	80	-420	15310.428	15303.645	-6.783	310.43	-
CTRL_VALLEY_CENTER	grid	80	-400	15310.723	15307.167	-3.556	310.72	-
CTRL_VALLEY_CENTER	grid	80	-380	15310.606	15306.529	-4.077	310.61	-
CTRL_VALLEY_CENTER	grid	80	-360	15309.996	15285.390	-24.606	310.00	-
CTRL_VALLEY_CENTER	grid	80	-340	15290.546	15264.330	-26.216	290.55	-
CTRL_VALLEY_CENTER	grid	80	-320	15307.573	15252.859	-54.713	307.57	-
CTRL_VALLEY_CENTER	grid	80	-300	15286.282	15254.139	-32.142	286.28	-
CTRL_VALLEY_CENTER	grid	80	-280	15302.735	15255.423	-47.312	302.74	-
CTRL_VALLEY_CENTER	grid	80	-260	15301.388	15256.310	-45.078	301.39	-
CTRL_VALLEY_CENTER	grid	80	-240	15298.709	15271.694	-27.015	298.71	-
CTRL_VALLEY_CENTER	grid	80	-220	15295.628	15292.766	-2.861	295.63	-
CTRL_VALLEY_CENTER	grid	80	-200	15292.066	15290.594	-1.473	292.07	-
CTRL_VALLEY_CENTER	grid	80	-180	15287.935	15286.501	-1.434	287.94	-
CTRL_VALLEY_CENTER	grid	80	-160	15283.162	15282.515	-0.647	283.16	-
CTRL_VALLEY_CENTER	grid	80	-140	15277.755	15276.313	-1.442	277.75	-
CTRL_VALLEY_CENTER	grid	80	-120	15271.776	15270.478	-1.299	271.78	-
CTRL_VALLEY_CENTER	grid	80	-100	15265.377	15265.022	-0.355	265.38	-
CTRL_VALLEY_CENTER	grid	80	-80	15258.721	15258.298	-0.423	258.72	-
CTRL_VALLEY_CENTER	grid	80	-60	15252.142	15251.608	-0.534	252.14	-
CTRL_VALLEY_CENTER	grid	80	-40	15245.796	15246.174	0.377	245.80	-
CTRL_VALLEY_CENTER	grid	80	-20	15239.941	15240.598	0.657	239.94	-
CTRL_VALLEY_CENTER	grid	80	0	15234.759	15234.932	0.173	234.76	-
CTRL_VALLEY_CENTER	grid	80	20	15230.260	15230.919	0.660	230.26	-
CTRL_VALLEY_CENTER	grid	80	40	15226.572	15227.334	0.762	226.57	-
CTRL_VALLEY_CENTER	grid	80	60	15223.586	15223.886	0.300	223.59	-
CTRL_VALLEY_CENTER	grid	80	80	15221.218	15221.941	0.722	221.22	-
CTRL_VALLEY_CENTER	grid	80	100	15219.475	15220.198	0.723	219.47	-
CTRL_VALLEY_CENTER	grid	80	120	15218.183	15218.817	0.634	218.18	-
CTRL_VALLEY_CENTER	grid	80	140	15217.341	15218.253	0.911	217.34	-
CTRL_VALLEY_CENTER	grid	80	160	15216.963	15217.701	0.738	216.96	-
CTRL_VALLEY_CENTER	grid	80	180	15217.020	15217.885	0.866	217.02	-
CTRL_VALLEY_CENTER	grid	80	200	15217.593	15218.763	1.170	217.59	-
CTRL_VALLEY_CENTER	grid	80	220	15218.739	15219.422	0.683	218.74	-
CTRL_VALLEY_CENTER	grid	80	240	15220.475	15221.359	0.884	220.48	-
CTRL_VALLEY_CENTER	grid	80	260	15222.840	15223.803	0.964	222.84	-
CTRL_VALLEY_CENTER	grid	80	280	15225.780	15226.094	0.314	225.78	-
CTRL_VALLEY_CENTER	grid	80	300	15229.213	15229.688	0.475	229.21	-
CTRL_VALLEY_CENTER	grid	80	320	15233.057	15233.400	0.344	233.06	-
CTRL_VALLEY_CENTER	grid	80	340	15237.153	15237.166	0.013	237.15	-
CTRL_VALLEY_CENTER	grid	80	360	15241.367	15241.333	-0.034	241.37	-
CTRL_VALLEY_CENTER	grid	80	380	15245.578	15245.571	-0.007	245.58	-
CTRL_VALLEY_CENTER	grid	80	400	15249.677	15249.750	0.074	249.68	-
CTRL_VALLEY_CENTER	grid	80	420	15253.585	15253.503	-0.081	253.58	-
CTRL_VALLEY_CENTER	grid	80	440	15257.254	15257.256	0.002	257.25	-
CTRL_VALLEY_CENTER	grid	80	460	15260.646	15260.811	0.164	260.65	-
CTRL_VALLEY_CENTER	grid	80	480	15263.772	15263.873	0.100	263.77	-
CTRL_VALLEY_CENTER	grid	80	500	15266.621	15266.719	0.098	266.62	-
CTRL_VALLEY_CENTER	grid	100	-500	15305.765	15305.511	-0.255	305.77	-
CTRL_VALLEY_CENTER	grid	100	-480	15307.986	15307.697	-0.289	307.99	-
CTRL_VALLEY_CENTER	grid	100	-460	15309.894	15309.211	-0.683	309.89	-
CTRL_VALLEY_CENTER	grid	100	-440	15311.425	15310.753	-0.673	311.43	-
CTRL_VALLEY_CENTER	grid	100	-420	15312.500	15311.874	-0.626	312.50	-
CTRL_VALLEY_CENTER	grid	100	-400	15313.166	15312.197	-0.969	313.17	-
CTRL_VALLEY_CENTER	grid	100	-380	15313.291	15312.486	-0.805	313.29	-
CTRL_VALLEY_CENTER	grid	100	-360	15313.026	15312.158	-0.868	313.03	-
CTRL_VALLEY_CENTER	grid	100	-340	15312.251	15298.154	-14.097	312.25	-
CTRL_VALLEY_CENTER	grid	100	-320	15311.099	15278.693	-32.406	311.10	-
CTRL_VALLEY_CENTER	grid	100	-300	15309.556	15280.590	-28.966	309.56	-
CTRL_VALLEY_CENTER	grid	100	-280	15307.639	15282.250	-25.389	307.64	-
CTRL_VALLEY_CENTER	grid	100	-260	15305.402	15283.365	-22.037	305.40	-
CTRL_VALLEY_CENTER	grid	100	-240	15302.707	15284.066	-18.641	302.71	-
CTRL_VALLEY_CENTER	grid	100	-220	15299.589	15288.252	-11.337	299.59	-
CTRL_VALLEY_CENTER	grid	100	-200	15295.888	15295.081	-0.807	295.89	-
CTRL_VALLEY_CENTER	grid	100	-180	15291.535	15290.559	-0.976	291.53	-
CTRL_VALLEY_CENTER	grid	100	-160	15286.469	15286.066	-0.403	286.47	-
CTRL_VALLEY_CENTER	grid	100	-140	15280.666	15280.281	-0.385	280.67	-
CTRL_VALLEY_CENTER	grid	100	-120	15274.211	15273.681	-0.530	274.21	-
CTRL_VALLEY_CENTER	grid	100	-100	15267.252	15267.069	-0.183	267.25	-
CTRL_VALLEY_CENTER	grid	100	-80	15260.012	15259.688	-0.323	260.01	-
CTRL_VALLEY_CENTER	grid	100	-60	15252.716	15252.668	-0.048	252.72	-
CTRL_VALLEY_CENTER	grid	100	-40	15245.722	15245.784	0.062	245.72	-
CTRL_VALLEY_CENTER	grid	100	-20	15239.181	15239.537	0.356	239.18	-
CTRL_VALLEY_CENTER	grid	100	0	15233.319	15233.816	0.497	233.32	-
CTRL_VALLEY_CENTER	grid	100	20	15228.276	15228.873	0.597	228.28	-
CTRL_VALLEY_CENTER	grid	100	40	15224.014	15224.796	0.782	224.01	-
CTRL_VALLEY_CENTER	grid	100	60	15220.617	15221.241	0.624	220.62	-
CTRL_VALLEY_CENTER	grid	100	80	15217.942	15218.753	0.811	217.94	-
CTRL_VALLEY_CENTER	grid	100	100	15215.891	15216.710	0.818	215.89	-
CTRL_VALLEY_CENTER	grid	100	120	15214.476	15214.942	0.466	214.48	-
CTRL_VALLEY_CENTER	grid	100	140	15213.541	15214.306	0.765	213.54	-
CTRL_VALLEY_CENTER	grid	100	160	15213.091	15213.771	0.680	213.09	-
CTRL_VALLEY_CENTER	grid	100	180	15213.168	15213.461	0.293	213.17	-
CTRL_VALLEY_CENTER	grid	100	200	15213.741	15214.338	0.596	213.74	-
CTRL_VALLEY_CENTER	grid	100	220	15214.884	15215.259	0.375	214.88	-
CTRL_VALLEY_CENTER	grid	100	240	15216.653	15216.999	0.346	216.65	-
CTRL_VALLEY_CENTER	grid	100	260	15219.001	15219.678	0.677	219.00	-
CTRL_VALLEY_CENTER	grid	100	280	15221.928	15222.384	0.456	221.93	-
CTRL_VALLEY_CENTER	grid	100	300	15225.366	15225.758	0.392	225.37	-
CTRL_VALLEY_CENTER	grid	100	320	15229.194	15229.642	0.448	229.19	-
CTRL_VALLEY_CENTER	grid	100	340	15233.308	15233.556	0.248	233.31	-
CTRL_VALLEY_CENTER	grid	100	360	15237.582	15237.752	0.170	237.58	-
CTRL_VALLEY_CENTER	grid	100	380	15241.889	15242.014	0.125	241.89	-
CTRL_VALLEY_CENTER	grid	100	400	15246.144	15246.280	0.135	246.14	-
CTRL_VALLEY_CENTER	grid	100	420	15250.270	15250.328	0.057	250.27	-
CTRL_VALLEY_CENTER	grid	100	440	15254.224	15254.311	0.087	254.22	-
CTRL_VALLEY_CENTER	grid	100	460	15257.965	15258.021	0.056	257.96	-
CTRL_VALLEY_CENTER	grid	100	480	15261.458	15261.415	-0.043	261.46	-
CTRL_VALLEY_CENTER	grid	100	500	15264.711	15264.838	0.128	264.71	-
CTRL_VALLEY_CENTER	grid	120	-500	15306.133	15305.384	-0.749	306.13	-
CTRL_VALLEY_CENTER	grid	120	-480	15308.517	15307.784	-0.733	308.52	-
CTRL_VALLEY_CENTER	grid	120	-460	15310.567	15309.689	-0.878	310.57	-
CTRL_VALLEY_CENTER	grid	120	-440	15312.311	15311.389	-0.922	312.31	-
CTRL_VALLEY_CENTER	grid	120	-420	15313.634	15312.778	-0.856	313.63	-
CTRL_VALLEY_CENTER	grid	120	-400	15314.533	15313.590	-0.944	314.53	-
CTRL_VALLEY_CENTER	grid	120	-380	15315.003	15314.236	-0.767	315.00	-
CTRL_VALLEY_CENTER	grid	120	-360	15314.973	15314.178	-0.795	314.97	-
CTRL_VALLEY_CENTER	grid	120	-340	15314.570	15313.737	-0.833	314.57	-
CTRL_VALLEY_CENTER	grid	120	-320	15313.641	15310.995	-2.646	313.64	-
CTRL_VALLEY_CENTER	grid	120	-300	15312.365	15306.545	-5.820	312.37	-
CTRL_VALLEY_CENTER	grid	120	-280	15310.655	15308.477	-2.179	310.66	-
CTRL_VALLEY_CENTER	grid	120	-260	15308.535	15308.406	-0.129	308.53	-
CTRL_VALLEY_CENTER	grid	120	-240	15305.982	15305.196	-0.785	305.98	-
CTRL_VALLEY_CENTER	grid	120	-220	15302.850	15301.965	-0.884	302.85	-
CTRL_VALLEY_CENTER	grid	120	-200	15299.137	15298.290	-0.847	299.14	-
CTRL_VALLEY_CENTER	grid	120	-180	15294.651	15293.137	-1.514	294.65	-
CTRL_VALLEY_CENTER	grid	120	-160	15289.387	15288.216	-1.172	289.39	-
CTRL_VALLEY_CENTER	grid	120	-140	15283.326	15282.160	-1.165	283.33	-
CTRL_VALLEY_CENTER	grid	120	-120	15276.522	15274.982	-1.540	276.52	-
CTRL_VALLEY_CENTER	grid	120	-100	15269.148	15268.413	-0.735	269.15	-
CTRL_VALLEY_CENTER	grid	120	-80	15261.422	15260.887	-0.535	261.42	-
CTRL_VALLEY_CENTER	grid	120	-60	15253.628	15252.995	-0.633	253.63	-
CTRL_VALLEY_CENTER	grid	120	-40	15246.019	15246.008	-0.011	246.02	-
CTRL_VALLEY_CENTER	grid	120	-20	15238.942	15239.412	0.470	238.94	-
CTRL_VALLEY_CENTER	grid	120	0	15232.514	15232.886	0.372	232.51	-
CTRL_VALLEY_CENTER	grid	120	20	15226.913	15227.238	0.326	226.91	-
CTRL_VALLEY_CENTER	grid	120	40	15222.220	15223.103	0.882	222.22	-
CTRL_VALLEY_CENTER	grid	120	60	15218.366	15218.996	0.630	218.37	-
CTRL_VALLEY_CENTER	grid	120	80	15215.377	15215.719	0.342	215.38	-
CTRL_VALLEY_CENTER	grid	120	100	15213.112	15213.770	0.658	213.11	-
CTRL_VALLEY_CENTER	grid	120	120	15211.453	15211.975	0.522	211.45	-
CTRL_VALLEY_CENTER	grid	120	140	15210.434	15211.036	0.602	210.43	-
CTRL_VALLEY_CENTER	grid	120	160	15209.927	15210.770	0.843	209.93	-
CTRL_VALLEY_CENTER	grid	120	180	15209.926	15210.530	0.604	209.93	-
CTRL_VALLEY_CENTER	grid	120	200	15210.509	15211.435	0.926	210.51	-
CTRL_VALLEY_CENTER	grid	120	220	15211.629	15212.619	0.990	211.63	-
CTRL_VALLEY_CENTER	grid	120	240	15213.335	15213.826	0.491	213.33	-
CTRL_VALLEY_CENTER	grid	120	260	15215.665	15216.568	0.903	215.66	-
CTRL_VALLEY_CENTER	grid	120	280	15218.533	15219.301	0.769	218.53	-
CTRL_VALLEY_CENTER	grid	120	300	15221.890	15222.260	0.370	221.89	-
CTRL_VALLEY_CENTER	grid	120	320	15225.676	15226.141	0.465	225.68	-
CTRL_VALLEY_CENTER	grid	120	340	15229.746	15230.051	0.305	229.75	-
CTRL_VALLEY_CENTER	grid	120	360	15234.003	15234.124	0.120	234.00	-
CTRL_VALLEY_CENTER	grid	120	380	15238.354	15238.421	0.067	238.35	-
CTRL_VALLEY_CENTER	grid	120	400	15242.702	15242.748	0.046	242.70	-
CTRL_VALLEY_CENTER	grid	120	420	15246.988	15246.891	-0.097	246.99	-
CTRL_VALLEY_CENTER	grid	120	440	15251.150	15250.960	-0.190	251.15	-
CTRL_VALLEY_CENTER	grid	120	460	15255.165	15255.077	-0.089	255.17	-
CTRL_VALLEY_CENTER	grid	120	480	15259.010	15258.746	-0.264	259.01	-
CTRL_VALLEY_CENTER	grid	120	500	15262.597	15262.226	-0.371	262.60	-
CTRL_VALLEY_CENTER	grid	140	-500	15305.797	15305.164	-0.633	305.80	-
CTRL_VALLEY_CENTER	grid	140	-480	15308.199	15307.684	-0.515	308.20	-
CTRL_VALLEY_CENTER	grid	140	-460	15310.404	15309.772	-0.632	310.40	-
CTRL_VALLEY_CENTER	grid	140	-440	15312.249	15311.692	-0.557	312.25	-
CTRL_VALLEY_CENTER	grid	140	-420	15313.801	15313.621	-0.180	313.80	-
CTRL_VALLEY_CENTER	grid	140	-400	15314.913	15314.522	-0.392	314.91	-
CTRL_VALLEY_CENTER	grid	140	-380	15315.636	15315.100	-0.536	315.64	-
CTRL_VALLEY_CENTER	grid	140	-360	15315.917	15315.587	-0.330	315.92	-
CTRL_VALLEY_CENTER	grid	140	-340	15315.744	15314.980	-0.764	315.74	-
CTRL_VALLEY_CENTER	grid	140	-320	15315.185	15314.293	-0.892	315.18	-
CTRL_VALLEY_CENTER	grid	140	-300	15314.113	15313.312	-0.800	314.11	-
CTRL_VALLEY_CENTER	grid	140	-280	15312.679	15311.580	-1.099	312.68	-
CTRL_VALLEY_CENTER	grid	140	-260	15310.731	15309.681	-1.050	310.73	-
CTRL_VALLEY_CENTER	grid	140	-240	15308.301	15306.973	-1.328	308.30	-
CTRL_VALLEY_CENTER	grid	140	-220	15305.297	15303.766	-1.531	305.30	-
CTRL_VALLEY_CENTER	grid	140	-200	15301.573	15300.563	-1.010	301.57	-
CTRL_VALLEY_CENTER	grid	140	-180	15297.108	15295.426	-1.683	297.11	-
CTRL_VALLEY_CENTER	grid	140	-160	15291.742	15290.012	-1.730	291.74	-
CTRL_VALLEY_CENTER	grid	140	-140	15285.541	15284.883	-0.658	285.54	-
CTRL_VALLEY_CENTER	grid	140	-120	15278.547	15277.393	-1.154	278.55	-
CTRL_VALLEY_CENTER	grid	140	-100	15270.907	15269.937	-0.970	270.91	-
CTRL_VALLEY_CENTER	grid	140	-80	15262.866	15262.734	-0.133	262.87	-
CTRL_VALLEY_CENTER	grid	140	-60	15254.696	15254.764	0.069	254.70	-
CTRL_VALLEY_CENTER	grid	140	-40	15246.701	15246.831	0.130	246.70	-
CTRL_VALLEY_CENTER	grid	140	-20	15239.134	15239.650	0.516	239.13	-
CTRL_VALLEY_CENTER	grid	140	0	15232.291	15233.156	0.865	232.29	-
CTRL_VALLEY_CENTER	grid	140	20	15226.247	15226.695	0.448	226.25	-
CTRL_VALLEY_CENTER	grid	140	40	15221.114	15222.066	0.951	221.11	-
CTRL_VALLEY_CENTER	grid	140	60	15216.939	15218.110	1.171	216.94	-
CTRL_VALLEY_CENTER	grid	140	80	15213.604	15214.183	0.579	213.60	-
CTRL_VALLEY_CENTER	grid	140	100	15211.096	15212.173	1.077	211.10	-
CTRL_VALLEY_CENTER	grid	140	120	15209.290	15210.365	1.074	209.29	-
CTRL_VALLEY_CENTER	grid	140	140	15208.078	15208.895	0.818	208.08	-
CTRL_VALLEY_CENTER	grid	140	160	15207.487	15208.596	1.109	207.49	-
CTRL_VALLEY_CENTER	grid	140	180	15207.436	15208.344	0.908	207.44	-
CTRL_VALLEY_CENTER	grid	140	200	15207.898	15208.729	0.831	207.90	-
CTRL_VALLEY_CENTER	grid	140	220	15208.981	15209.967	0.986	208.98	-
CTRL_VALLEY_CENTER	grid	140	240	15210.609	15211.214	0.605	210.61	-
CTRL_VALLEY_CENTER	grid	140	260	15212.795	15213.398	0.603	212.80	-
CTRL_VALLEY_CENTER	grid	140	280	15215.568	15216.174	0.607	215.57	-
CTRL_VALLEY_CENTER	grid	140	300	15218.805	15218.979	0.174	218.80	-
CTRL_VALLEY_CENTER	grid	140	320	15222.437	15222.669	0.233	222.44	-
CTRL_VALLEY_CENTER	grid	140	340	15226.407	15225.014	-1.393	226.41	-
CTRL_VALLEY_CENTER	grid	140	360	15230.580	15227.145	-3.435	230.58	-
CTRL_VALLEY_CENTER	grid	140	380	15234.885	15227.789	-7.096	234.89	-
CTRL_VALLEY_CENTER	grid	140	400	15239.250	15229.714	-9.536	239.25	-
CTRL_VALLEY_CENTER	grid	140	420	15243.608	15235.059	-8.549	243.61	-
CTRL_VALLEY_CENTER	grid	140	440	15247.929	15247.730	-0.198	247.93	-
CTRL_VALLEY_CENTER	grid	140	460	15252.140	15251.857	-0.283	252.14	-
CTRL_VALLEY_CENTER	grid	140	480	15256.218	15255.910	-0.308	256.22	-
CTRL_VALLEY_CENTER	grid	140	500	15260.124	15259.849	-0.274	260.12	-
CTRL_VALLEY_CENTER	grid	160	-500	15304.769	15304.454	-0.315	304.77	-
CTRL_VALLEY_CENTER	grid	160	-480	15307.167	15306.742	-0.425	307.17	-
CTRL_VALLEY_CENTER	grid	160	-460	15309.369	15308.891	-0.478	309.37	-
CTRL_VALLEY_CENTER	grid	160	-440	15311.344	15310.562	-0.782	311.34	-
CTRL_VALLEY_CENTER	grid	160	-420	15312.985	15312.227	-0.758	312.98	-
CTRL_VALLEY_CENTER	grid	160	-400	15314.337	15313.518	-0.819	314.34	-
CTRL_VALLEY_CENTER	grid	160	-380	15315.239	15314.287	-0.952	315.24	-
CTRL_VALLEY_CENTER	grid	160	-360	15315.792	15314.877	-0.915	315.79	-
CTRL_VALLEY_CENTER	grid	160	-340	15315.896	15314.887	-1.009	315.90	-
CTRL_VALLEY_CENTER	grid	160	-320	15315.569	15314.613	-0.956	315.57	-
CTRL_VALLEY_CENTER	grid	160	-300	15314.828	15313.928	-0.900	314.83	-
CTRL_VALLEY_CENTER	grid	160	-280	15313.576	15312.444	-1.132	313.58	-
CTRL_VALLEY_CENTER	grid	160	-260	15311.901	15310.984	-0.917	311.90	-
CTRL_VALLEY_CENTER	grid	160	-240	15309.614	15308.747	-0.867	309.61	-
CTRL_VALLEY_CENTER	grid	160	-220	15306.739	15305.550	-1.189	306.74	-
CTRL_VALLEY_CENTER	grid	160	-200	15303.147	15302.381	-0.766	303.15	-
CTRL_VALLEY_CENTER	grid	160	-180	15298.704	15298.056	-0.648	298.70	-
CTRL_VALLEY_CENTER	grid	160	-160	15293.414	15292.557	-0.857	293.41	-
CTRL_VALLEY_CENTER	grid	160	-140	15287.172	15286.757	-0.415	287.17	-
CTRL_VALLEY_CENTER	grid	160	-120	15280.129	15279.497	-0.631	280.13	-
CTRL_VALLEY_CENTER	grid	160	-100	15272.399	15271.741	-0.658	272.40	-
CTRL_VALLEY_CENTER	grid	160	-80	15264.207	15264.019	-0.188	264.21	-
CTRL_VALLEY_CENTER	grid	160	-60	15255.841	15255.944	0.103	255.84	-
CTRL_VALLEY_CENTER	grid	160	-40	15247.594	15247.875	0.281	247.59	-
CTRL_VALLEY_CENTER	grid	160	-20	15239.768	15240.123	0.355	239.77	-
CTRL_VALLEY_CENTER	grid	160	0	15232.560	15233.603	1.043	232.56	-
CTRL_VALLEY_CENTER	grid	160	20	15226.224	15227.139	0.916	226.22	-
CTRL_VALLEY_CENTER	grid	160	40	15220.768	15221.654	0.886	220.77	-
CTRL_VALLEY_CENTER	grid	160	60	15216.251	15217.545	1.294	216.25	-
CTRL_VALLEY_CENTER	grid	160	80	15212.683	15213.561	0.877	212.68	-
CTRL_VALLEY_CENTER	grid	160	100	15209.914	15210.863	0.949	209.91	-
CTRL_VALLEY_CENTER	grid	160	120	15207.917	15208.897	0.981	207.92	-
CTRL_VALLEY_CENTER	grid	160	140	15206.586	15207.015	0.429	206.59	-
CTRL_VALLEY_CENTER	grid	160	160	15205.818	15206.491	0.673	205.82	-
CTRL_VALLEY_CENTER	grid	160	180	15205.660	15206.218	0.558	205.66	-
CTRL_VALLEY_CENTER	grid	160	200	15206.044	15206.097	0.053	206.04	-
CTRL_VALLEY_CENTER	grid	160	220	15206.945	15207.528	0.583	206.94	-
CTRL_VALLEY_CENTER	grid	160	240	15208.446	15208.986	0.540	208.45	-
CTRL_VALLEY_CENTER	grid	160	260	15210.475	15209.112	-1.363	210.47	-
CTRL_VALLEY_CENTER	grid	160	280	15213.016	15209.318	-3.698	213.02	-
CTRL_VALLEY_CENTER	grid	160	300	15216.060	15211.245	-4.815	216.06	-
CTRL_VALLEY_CENTER	grid	160	320	15219.495	15211.398	-8.097	219.49	-
CTRL_VALLEY_CENTER	grid	160	340	15223.238	15211.020	-12.217	223.24	-
CTRL_VALLEY_CENTER	grid	160	360	15226.200	15213.278	-12.922	226.20	-
CTRL_VALLEY_CENTER	grid	160	380	15229.379	15212.796	-16.582	229.38	-
CTRL_VALLEY_CENTER	grid	160	400	15233.680	15211.051	-22.629	233.68	-
CTRL_VALLEY_CENTER	grid	160	420	15230.481	15212.999	-17.482	230.48	-
CTRL_VALLEY_CENTER	grid	160	440	15238.278	15227.720	-10.558	238.28	-
CTRL_VALLEY_CENTER	grid	160	460	15248.767	15244.708	-4.059	248.77	-
CTRL_VALLEY_CENTER	grid	160	480	15253.021	15252.810	-0.211	253.02	-
CTRL_VALLEY_CENTER	grid	160	500	15257.115	15256.747	-0.368	257.12	-
CTRL_VALLEY_CENTER	grid	180	-500	15303.147	15302.446	-0.701	303.15	-
CTRL_VALLEY_CENTER	grid	180	-480	15305.459	15304.646	-0.814	305.46	-
CTRL_VALLEY_CENTER	grid	180	-460	15307.623	15306.961	-0.662	307.62	-
CTRL_VALLEY_CENTER	grid	180	-440	15309.603	15308.764	-0.839	309.60	-
CTRL_VALLEY_CENTER	grid	180	-420	15311.344	15310.540	-0.804	311.34	-
CTRL_VALLEY_CENTER	grid	180	-400	15312.775	15312.083	-0.692	312.78	-
CTRL_VALLEY_CENTER	grid	180	-380	15313.914	15313.067	-0.847	313.91	-
CTRL_VALLEY_CENTER	grid	180	-360	15314.627	15314.078	-0.548	314.63	-
CTRL_VALLEY_CENTER	grid	180	-340	15315.005	15314.366	-0.638	315.00	-
CTRL_VALLEY_CENTER	grid	180	-320	15314.911	15314.241	-0.670	314.91	-
CTRL_VALLEY_CENTER	grid	180	-300	15314.402	15314.142	-0.260	314.40	-
CTRL_VALLEY_CENTER	grid	180	-280	15313.430	15312.915	-0.516	313.43	-
CTRL_VALLEY_CENTER	grid	180	-260	15311.915	15311.125	-0.791	311.92	-
CTRL_VALLEY_CENTER	grid	180	-240	15309.896	15309.363	-0.533	309.90	-
CTRL_VALLEY_CENTER	grid	180	-220	15307.149	15305.995	-1.154	307.15	-
CTRL_VALLEY_CENTER	grid	180	-200	15303.711	15302.440	-1.271	303.71	-
CTRL_VALLEY_CENTER	grid	180	-180	15299.433	15298.553	-0.880	299.43	-
CTRL_VALLEY_CENTER	grid	180	-160	15294.227	15292.719	-1.508	294.23	-
CTRL_VALLEY_CENTER	grid	180	-140	15288.156	15286.919	-1.236	288.16	-
CTRL_VALLEY_CENTER	grid	180	-120	15281.169	15280.373	-0.796	281.17	-
CTRL_VALLEY_CENTER	grid	180	-100	15273.509	15272.614	-0.895	273.51	-
CTRL_VALLEY_CENTER	grid	180	-80	15265.351	15264.892	-0.459	265.35	-
CTRL_VALLEY_CENTER	grid	180	-60	15256.960	15256.961	0.000	256.96	-
CTRL_VALLEY_CENTER	grid	180	-40	15248.640	15248.910	0.269	248.64	-
CTRL_VALLEY_CENTER	grid	180	-20	15240.685	15240.883	0.198	240.68	-
CTRL_VALLEY_CENTER	grid	180	0	15233.337	15234.116	0.779	233.34	-
CTRL_VALLEY_CENTER	grid	180	20	15226.747	15227.628	0.882	226.75	-
CTRL_VALLEY_CENTER	grid	180	40	15221.102	15221.303	0.201	221.10	-
CTRL_VALLEY_CENTER	grid	180	60	15216.360	15217.194	0.834	216.36	-
CTRL_VALLEY_CENTER	grid	180	80	15212.526	15213.258	0.731	212.53	-
CTRL_VALLEY_CENTER	grid	180	100	15209.596	15210.001	0.405	209.60	-
CTRL_VALLEY_CENTER	grid	180	120	15207.394	15208.308	0.913	207.39	-
CTRL_VALLEY_CENTER	grid	180	140	15205.886	15206.641	0.755	205.89	-
CTRL_VALLEY_CENTER	grid	180	160	15205.007	15205.637	0.630	205.01	-
CTRL_VALLEY_CENTER	grid	180	180	15204.652	15205.540	0.888	204.65	-
CTRL_VALLEY_CENTER	grid	180	200	15204.878	15205.547	0.669	204.88	-
CTRL_VALLEY_CENTER	grid	180	220	15205.626	15206.303	0.677	205.63	-
CTRL_VALLEY_CENTER	grid	180	240	15206.870	15207.553	0.683	206.87	-
CTRL_VALLEY_CENTER	grid	180	260	15208.664	15209.038	0.374	208.66	-
CTRL_VALLEY_CENTER	grid	180	280	15210.949	15205.878	-5.071	210.95	-
CTRL_VALLEY_CENTER	grid	180	300	15213.665	15202.613	-11.052	213.67	-
CTRL_VALLEY_CENTER	grid	180	320	15216.765	15204.207	-12.557	216.76	-
CTRL_VALLEY_CENTER	grid	180	340	15206.709	15202.289	-4.420	206.71	-
CTRL_VALLEY_CENTER	grid	180	360	15197.265	15200.398	3.133	197.26	-
CTRL_VALLEY_CENTER	grid	180	380	15196.516	15200.411	3.894	196.52	-
CTRL_VALLEY_CENTER	grid	180	400	15196.403	15198.530	2.127	196.40	-
CTRL_VALLEY_CENTER	grid	180	420	15196.412	15196.677	0.265	196.41	-
CTRL_VALLEY_CENTER	grid	180	440	15196.553	15203.033	6.480	196.55	-
CTRL_VALLEY_CENTER	grid	180	460	15196.737	15219.425	22.688	196.74	-
CTRL_VALLEY_CENTER	grid	180	480	15210.044	15235.878	25.834	210.04	-
CTRL_VALLEY_CENTER	grid	180	500	15250.194	15242.055	-8.139	250.19	-
CTRL_VALLEY_CENTER	grid	200	-500	15301.039	15300.625	-0.414	301.04	-
CTRL_VALLEY_CENTER	grid	200	-480	15303.173	15302.750	-0.423	303.17	-
CTRL_VALLEY_CENTER	grid	200	-460	15305.251	15304.904	-0.348	305.25	-
CTRL_VALLEY_CENTER	grid	200	-440	15307.168	15306.886	-0.282	307.17	-
CTRL_VALLEY_CENTER	grid	200	-420	15308.924	15308.692	-0.231	308.92	-
CTRL_VALLEY_CENTER	grid	200	-400	15310.429	15310.289	-0.140	310.43	-
CTRL_VALLEY_CENTER	grid	200	-380	15311.652	15311.154	-0.498	311.65	-
CTRL_VALLEY_CENTER	grid	200	-360	15312.572	15311.897	-0.676	312.57	-
CTRL_VALLEY_CENTER	grid	200	-340	15313.088	15312.576	-0.513	313.09	-
CTRL_VALLEY_CENTER	grid	200	-320	15313.261	15312.342	-0.919	313.26	-
CTRL_VALLEY_CENTER	grid	200	-300	15312.932	15311.955	-0.977	312.93	-
CTRL_VALLEY_CENTER	grid	200	-280	15312.180	15311.206	-0.974	312.18	-
CTRL_VALLEY_CENTER	grid	200	-260	15310.903	15309.674	-1.229	310.90	-
CTRL_VALLEY_CENTER	grid	200	-240	15309.032	15307.912	-1.121	309.03	-
CTRL_VALLEY_CENTER	grid	200	-220	15306.563	15305.204	-1.359	306.56	-
CTRL_VALLEY_CENTER	grid	200	-200	15303.273	15301.798	-1.475	303.27	-
CTRL_VALLEY_CENTER	grid	200	-180	15299.211	15298.289	-0.922	299.21	-
CTRL_VALLEY_CENTER	grid	200	-160	15294.239	15292.913	-1.326	294.24	-
CTRL_VALLEY_CENTER	grid	200	-140	15288.344	15287.110	-1.234	288.34	-
CTRL_VALLEY_CENTER	grid	200	-120	15281.645	15281.276	-0.368	281.64	-
CTRL_VALLEY_CENTER	grid	200	-100	15274.163	15273.517	-0.646	274.16	-
CTRL_VALLEY_CENTER	grid	200	-80	15266.203	15265.792	-0.411	266.20	-
CTRL_VALLEY_CENTER	grid	200	-60	15257.971	15258.001	0.030	257.97	-
CTRL_VALLEY_CENTER	grid	200	-40	15249.750	15250.052	0.302	249.75	-
CTRL_VALLEY_CENTER	grid	200	-20	15241.833	15242.156	0.322	241.83	-
CTRL_VALLEY_CENTER	grid	200	0	15234.462	15235.292	0.830	234.46	-
CTRL_VALLEY_CENTER	grid	200	20	15227.829	15229.024	1.195	227.83	-
CTRL_VALLEY_CENTER	grid	200	40	15222.018	15222.790	0.772	222.02	-
CTRL_VALLEY_CENTER	grid	200	60	15217.166	15218.346	1.180	217.17	-
CTRL_VALLEY_CENTER	grid	200	80	15213.181	15214.574	1.393	213.18	-
CTRL_VALLEY_CENTER	grid	200	100	15210.039	15210.782	0.743	210.04	-
CTRL_VALLEY_CENTER	grid	200	120	15207.711	15208.816	1.105	207.71	-
CTRL_VALLEY_CENTER	grid	200	140	15206.030	15207.099	1.069	206.03	-
CTRL_VALLEY_CENTER	grid	200	160	15204.956	15205.614	0.658	204.96	-
CTRL_VALLEY_CENTER	grid	200	180	15204.460	15205.322	0.862	204.46	-
CTRL_VALLEY_CENTER	grid	200	200	15204.446	15205.087	0.641	204.45	-
CTRL_VALLEY_CENTER	grid	200	220	15204.948	15205.459	0.512	204.95	-
CTRL_VALLEY_CENTER	grid	200	240	15205.950	15206.569	0.619	205.95	-
CTRL_VALLEY_CENTER	grid	200	260	15207.399	15207.706	0.307	207.40	-
CTRL_VALLEY_CENTER	grid	200	280	15209.324	15206.397	-2.927	209.32	-
CTRL_VALLEY_CENTER	grid	200	300	15211.689	15202.689	-9.000	211.69	-
CTRL_VALLEY_CENTER	grid	200	320	15199.592	15198.938	-0.654	199.59	-
CTRL_VALLEY_CENTER	grid	200	340	15196.328	15197.354	1.025	196.33	-
CTRL_VALLEY_CENTER	grid	200	360	15195.891	15196.502	0.610	195.89	-
CTRL_VALLEY_CENTER	grid	200	380	15195.639	15195.677	0.037	195.64	-
CTRL_VALLEY_CENTER	grid	200	400	15195.513	15195.613	0.100	195.51	-
CTRL_VALLEY_CENTER	grid	200	420	15195.509	15195.594	0.085	195.51	-
CTRL_VALLEY_CENTER	grid	200	440	15195.647	15195.623	-0.024	195.65	-
CTRL_VALLEY_CENTER	grid	200	460	15195.833	15195.860	0.027	195.83	-
CTRL_VALLEY_CENTER	grid	200	480	15196.018	15208.291	12.273	196.02	-
CTRL_VALLEY_CENTER	grid	200	500	15196.347	15220.270	23.923	196.35	-
CTRL_VALLEY_CENTER	grid	220	-500	15298.545	15298.380	-0.165	298.55	-
CTRL_VALLEY_CENTER	grid	220	-480	15300.461	15300.068	-0.393	300.46	-
CTRL_VALLEY_CENTER	grid	220	-460	15302.349	15301.946	-0.402	302.35	-
CTRL_VALLEY_CENTER	grid	220	-440	15304.177	15303.705	-0.472	304.18	-
CTRL_VALLEY_CENTER	grid	220	-420	15305.858	15305.159	-0.700	305.86	-
CTRL_VALLEY_CENTER	grid	220	-400	15307.382	15306.722	-0.660	307.38	-
CTRL_VALLEY_CENTER	grid	220	-380	15308.653	15307.936	-0.717	308.65	-
CTRL_VALLEY_CENTER	grid	220	-360	15309.658	15308.807	-0.851	309.66	-
CTRL_VALLEY_CENTER	grid	220	-340	15310.337	15309.576	-0.760	310.34	-
CTRL_VALLEY_CENTER	grid	220	-320	15310.624	15309.692	-0.933	310.62	-
CTRL_VALLEY_CENTER	grid	220	-300	15310.540	15309.615	-0.926	310.54	-
CTRL_VALLEY_CENTER	grid	220	-280	15309.931	15309.297	-0.634	309.93	-
CTRL_VALLEY_CENTER	grid	220	-260	15308.865	15307.822	-1.043	308.86	-
CTRL_VALLEY_CENTER	grid	220	-240	15307.206	15306.366	-0.841	307.21	-
CTRL_VALLEY_CENTER	grid	220	-220	15304.905	15304.373	-0.532	304.90	-
CTRL_VALLEY_CENTER	grid	220	-200	15301.921	15300.967	-0.953	301.92	-
CTRL_VALLEY_CENTER	grid	220	-180	15298.066	15297.545	-0.520	298.07	-
CTRL_VALLEY_CENTER	grid	220	-160	15293.404	15292.918	-0.487	293.40	-
CTRL_VALLEY_CENTER	grid	220	-140	15287.839	15286.930	-0.910	287.84	-
CTRL_VALLEY_CENTER	grid	220	-120	15281.443	15280.973	-0.470	281.44	-
CTRL_VALLEY_CENTER	grid	220	-100	15274.371	15274.300	-0.071	274.37	-
CTRL_VALLEY_CENTER	grid	220	-80	15266.716	15266.540	-0.176	266.72	-
CTRL_VALLEY_CENTER	grid	220	-60	15258.802	15258.815	0.013	258.80	-
CTRL_VALLEY_CENTER	grid	220	-40	15250.849	15251.660	0.811	250.85	-
CTRL_VALLEY_CENTER	grid	220	-20	15243.126	15243.977	0.851	243.13	-
CTRL_VALLEY_CENTER	grid	220	0	15235.883	15236.370	0.488	235.88	-
CTRL_VALLEY_CENTER	grid	220	20	15229.307	15230.673	1.365	229.31	-
CTRL_VALLEY_CENTER	grid	220	40	15223.528	15224.754	1.226	223.53	-
CTRL_VALLEY_CENTER	grid	220	60	15218.575	15219.399	0.825	218.57	-
CTRL_VALLEY_CENTER	grid	220	80	15214.527	15215.760	1.233	214.53	-
CTRL_VALLEY_CENTER	grid	220	100	15211.277	15212.126	0.848	211.28	-
CTRL_VALLEY_CENTER	grid	220	120	15208.764	15209.444	0.680	208.76	-
CTRL_VALLEY_CENTER	grid	220	140	15206.965	15207.688	0.723	206.96	-
CTRL_VALLEY_CENTER	grid	220	160	15205.715	15205.960	0.245	205.72	-
CTRL_VALLEY_CENTER	grid	220	180	15204.983	15205.386	0.403	204.98	-
CTRL_VALLEY_CENTER	grid	220	200	15204.769	15205.272	0.503	204.77	-
CTRL_VALLEY_CENTER	grid	220	220	15204.976	15205.185	0.209	204.98	-
CTRL_VALLEY_CENTER	grid	220	240	15205.629	15203.896	-1.733	205.63	-
CTRL_VALLEY_CENTER	grid	220	260	15206.736	15204.485	-2.250	206.74	-
CTRL_VALLEY_CENTER	grid	220	280	15208.226	15204.735	-3.491	208.23	-
CTRL_VALLEY_CENTER	grid	220	300	15199.874	15202.706	2.832	199.87	-
CTRL_VALLEY_CENTER	grid	220	320	15196.319	15198.954	2.635	196.32	-
CTRL_VALLEY_CENTER	grid	220	340	15195.635	15196.345	0.710	195.64	-
CTRL_VALLEY_CENTER	grid	220	360	15195.097	15195.811	0.714	195.10	-
CTRL_VALLEY_CENTER	grid	220	380	15194.776	15195.044	0.268	194.78	-
CTRL_VALLEY_CENTER	grid	220	400	15194.631	15194.686	0.055	194.63	-
CTRL_VALLEY_CENTER	grid	220	420	15194.606	15194.724	0.118	194.61	-
CTRL_VALLEY_CENTER	grid	220	440	15194.744	15194.762	0.018	194.74	-
CTRL_VALLEY_CENTER	grid	220	460	15194.927	15194.945	0.017	194.93	-
CTRL_VALLEY_CENTER	grid	220	480	15195.112	15195.208	0.097	195.11	-
CTRL_VALLEY_CENTER	grid	220	500	15195.472	15197.228	1.756	195.47	-
CTRL_VALLEY_CENTER	grid	240	-500	15295.818	15295.455	-0.363	295.82	-
CTRL_VALLEY_CENTER	grid	240	-480	15297.439	15296.962	-0.477	297.44	-
CTRL_VALLEY_CENTER	grid	240	-460	15299.101	15298.436	-0.665	299.10	-
CTRL_VALLEY_CENTER	grid	240	-440	15300.742	15300.341	-0.401	300.74	-
CTRL_VALLEY_CENTER	grid	240	-420	15302.320	15301.776	-0.544	302.32	-
CTRL_VALLEY_CENTER	grid	240	-400	15303.764	15303.205	-0.559	303.76	-
CTRL_VALLEY_CENTER	grid	240	-380	15305.050	15304.646	-0.404	305.05	-
CTRL_VALLEY_CENTER	grid	240	-360	15306.073	15305.536	-0.537	306.07	-
CTRL_VALLEY_CENTER	grid	240	-340	15306.830	15306.453	-0.377	306.83	-
CTRL_VALLEY_CENTER	grid	240	-320	15307.240	15306.940	-0.300	307.24	-
CTRL_VALLEY_CENTER	grid	240	-300	15307.250	15306.749	-0.501	307.25	-
CTRL_VALLEY_CENTER	grid	240	-280	15306.848	15306.461	-0.387	306.85	-
CTRL_VALLEY_CENTER	grid	240	-260	15305.915	15305.296	-0.619	305.91	-
CTRL_VALLEY_CENTER	grid	240	-240	15304.475	15303.576	-0.899	304.48	-
CTRL_VALLEY_CENTER	grid	240	-220	15302.392	15301.884	-0.508	302.39	-
CTRL_VALLEY_CENTER	grid	240	-200	15299.628	15298.726	-0.903	299.63	-
CTRL_VALLEY_CENTER	grid	240	-180	15296.133	15295.087	-1.046	296.13	-
CTRL_VALLEY_CENTER	grid	240	-160	15291.775	15291.288	-0.487	291.78	-
CTRL_VALLEY_CENTER	grid	240	-140	15286.639	15285.867	-0.772	286.64	-
CTRL_VALLEY_CENTER	grid	240	-120	15280.684	15280.055	-0.629	280.68	-
CTRL_VALLEY_CENTER	grid	240	-100	15274.042	15273.785	-0.256	274.04	-
CTRL_VALLEY_CENTER	grid	240	-80	15266.909	15266.834	-0.075	266.91	-
CTRL_VALLEY_CENTER	grid	240	-60	15259.414	15259.550	0.135	259.41	-
CTRL_VALLEY_CENTER	grid	240	-40	15251.877	15252.183	0.307	251.88	-
CTRL_VALLEY_CENTER	grid	240	-20	15244.501	15245.121	0.620	244.50	-
CTRL_VALLEY_CENTER	grid	240	0	15237.522	15237.961	0.440	237.52	-
CTRL_VALLEY_CENTER	grid	240	20	15231.134	15231.758	0.624	231.13	-
CTRL_VALLEY_CENTER	grid	240	40	15225.463	15226.091	0.628	225.46	-
CTRL_VALLEY_CENTER	grid	240	60	15220.584	15220.675	0.091	220.58	-
CTRL_VALLEY_CENTER	grid	240	80	15216.484	15217.331	0.847	216.48	-
CTRL_VALLEY_CENTER	grid	240	100	15213.188	15214.018	0.830	213.19	-
CTRL_VALLEY_CENTER	grid	240	120	15210.586	15211.025	0.439	210.59	-
CTRL_VALLEY_CENTER	grid	240	140	15208.599	15209.427	0.828	208.60	-
CTRL_VALLEY_CENTER	grid	240	160	15207.215	15207.932	0.717	207.21	-
CTRL_VALLEY_CENTER	grid	240	180	15206.282	15206.777	0.495	206.28	-
CTRL_VALLEY_CENTER	grid	240	200	15205.766	15206.247	0.482	205.77	-
CTRL_VALLEY_CENTER	grid	240	220	15205.703	15206.160	0.457	205.70	-
CTRL_VALLEY_CENTER	grid	240	240	15205.993	15204.132	-1.861	205.99	-
CTRL_VALLEY_CENTER	grid	240	260	15206.633	15200.776	-5.857	206.63	-
CTRL_VALLEY_CENTER	grid	240	280	15207.686	15200.892	-6.794	207.69	-
CTRL_VALLEY_CENTER	grid	240	300	15196.684	15199.690	3.006	196.68	-
CTRL_VALLEY_CENTER	grid	240	320	15195.804	15198.023	2.220	195.80	-
CTRL_VALLEY_CENTER	grid	240	340	15195.019	15195.275	0.256	195.02	-
CTRL_VALLEY_CENTER	grid	240	360	15194.368	15194.686	0.318	194.37	-
CTRL_VALLEY_CENTER	grid	240	380	15193.927	15194.179	0.252	193.93	-
CTRL_VALLEY_CENTER	grid	240	400	15193.754	15193.780	0.026	193.75	-
CTRL_VALLEY_CENTER	grid	240	420	15193.707	15193.816	0.109	193.71	-
CTRL_VALLEY_CENTER	grid	240	440	15193.849	15193.880	0.031	193.85	-
CTRL_VALLEY_CENTER	grid	240	460	15194.024	15194.060	0.037	194.02	-
CTRL_VALLEY_CENTER	grid	240	480	15194.213	15194.348	0.135	194.21	-
CTRL_VALLEY_CENTER	grid	240	500	15194.610	15194.646	0.035	194.61	-
CTRL_VALLEY_CENTER	grid	260	-500	15292.979	15292.674	-0.305	292.98	-
CTRL_VALLEY_CENTER	grid	260	-480	15294.279	15294.168	-0.111	294.28	-
CTRL_VALLEY_CENTER	grid	260	-460	15295.643	15295.598	-0.045	295.64	-
CTRL_VALLEY_CENTER	grid	260	-440	15297.052	15297.055	0.003	297.05	-
CTRL_VALLEY_CENTER	grid	260	-420	15298.443	15298.315	-0.128	298.44	-
CTRL_VALLEY_CENTER	grid	260	-400	15299.770	15299.541	-0.228	299.77	-
CTRL_VALLEY_CENTER	grid	260	-380	15300.968	15300.795	-0.173	300.97	-
CTRL_VALLEY_CENTER	grid	260	-360	15301.991	15301.468	-0.523	301.99	-
CTRL_VALLEY_CENTER	grid	260	-340	15302.747	15302.172	-0.575	302.75	-
CTRL_VALLEY_CENTER	grid	260	-320	15303.222	15302.831	-0.391	303.22	-
CTRL_VALLEY_CENTER	grid	260	-300	15303.319	15302.525	-0.794	303.32	-
CTRL_VALLEY_CENTER	grid	260	-280	15303.013	15302.238	-0.775	303.01	-
CTRL_VALLEY_CENTER	grid	260	-260	15302.263	15301.582	-0.681	302.26	-
CTRL_VALLEY_CENTER	grid	260	-240	15300.969	15300.028	-0.941	300.97	-
CTRL_VALLEY_CENTER	grid	260	-220	15299.136	15298.378	-0.758	299.14	-
CTRL_VALLEY_CENTER	grid	260	-200	15296.632	15295.821	-0.812	296.63	-
CTRL_VALLEY_CENTER	grid	260	-180	15293.442	15292.491	-0.951	293.44	-
CTRL_VALLEY_CENTER	grid	260	-160	15289.522	15289.048	-0.474	289.52	-
CTRL_VALLEY_CENTER	grid	260	-140	15284.802	15284.084	-0.718	284.80	-
CTRL_VALLEY_CENTER	grid	260	-120	15279.390	15278.695	-0.695	279.39	-
CTRL_VALLEY_CENTER	grid	260	-100	15273.297	15273.240	-0.057	273.30	-
CTRL_VALLEY_CENTER	grid	260	-80	15266.707	15266.318	-0.389	266.71	-
CTRL_VALLEY_CENTER	grid	260	-60	15259.825	15259.610	-0.215	259.82	-
CTRL_VALLEY_CENTER	grid	260	-40	15252.787	15253.184	0.396	252.79	-
CTRL_VALLEY_CENTER	grid	260	-20	15245.892	15246.613	0.721	245.89	-
CTRL_VALLEY_CENTER	grid	260	0	15239.310	15239.907	0.598	239.31	-
CTRL_VALLEY_CENTER	grid	260	20	15233.227	15234.135	0.909	233.23	-
CTRL_VALLEY_CENTER	grid	260	40	15227.779	15229.203	1.424	227.78	-
CTRL_VALLEY_CENTER	grid	260	60	15223.036	15223.904	0.868	223.04	-
CTRL_VALLEY_CENTER	grid	260	80	15219.021	15220.038	1.016	219.02	-
CTRL_VALLEY_CENTER	grid	260	100	15215.695	15216.986	1.291	215.69	-
CTRL_VALLEY_CENTER	grid	260	120	15213.044	15213.700	0.656	213.04	-
CTRL_VALLEY_CENTER	grid	260	140	15210.970	15211.740	0.770	210.97	-
CTRL_VALLEY_CENTER	grid	260	160	15209.374	15210.085	0.711	209.37	-
CTRL_VALLEY_CENTER	grid	260	180	15208.259	15208.626	0.367	208.26	-
CTRL_VALLEY_CENTER	grid	260	200	15207.504	15207.988	0.484	207.50	-
CTRL_VALLEY_CENTER	grid	260	220	15207.060	15207.377	0.316	207.06	-
CTRL_VALLEY_CENTER	grid	260	240	15207.000	15206.349	-0.651	207.00	-
CTRL_VALLEY_CENTER	grid	260	260	15207.214	15202.992	-4.222	207.21	-
CTRL_VALLEY_CENTER	grid	260	280	15207.635	15199.568	-8.067	207.64	-
CTRL_VALLEY_CENTER	grid	260	300	15196.376	15197.008	0.633	196.38	-
CTRL_VALLEY_CENTER	grid	260	320	15195.421	15195.828	0.408	195.42	-
CTRL_VALLEY_CENTER	grid	260	340	15194.513	15194.675	0.162	194.51	-
CTRL_VALLEY_CENTER	grid	260	360	15193.723	15193.821	0.098	193.72	-
CTRL_VALLEY_CENTER	grid	260	380	15193.135	15193.343	0.207	193.14	-
CTRL_VALLEY_CENTER	grid	260	400	15192.878	15192.912	0.034	192.88	-
CTRL_VALLEY_CENTER	grid	260	420	15192.808	15192.905	0.097	192.81	-
CTRL_VALLEY_CENTER	grid	260	440	15192.945	15192.995	0.049	192.95	-
CTRL_VALLEY_CENTER	grid	260	460	15193.127	15193.086	-0.042	193.13	-
CTRL_VALLEY_CENTER	grid	260	480	15193.319	15193.449	0.130	193.32	-
CTRL_VALLEY_CENTER	grid	260	500	15193.771	15193.827	0.056	193.77	-
CTRL_VALLEY_CENTER	grid	280	-500	15290.204	15290.222	0.018	290.20	-
CTRL_VALLEY_CENTER	grid	280	-480	15291.108	15291.064	-0.044	291.11	-
CTRL_VALLEY_CENTER	grid	280	-460	15292.153	15291.799	-0.353	292.15	-
CTRL_VALLEY_CENTER	grid	280	-440	15293.259	15293.053	-0.206	293.26	-
CTRL_VALLEY_CENTER	grid	280	-420	15294.424	15294.202	-0.222	294.42	-
CTRL_VALLEY_CENTER	grid	280	-400	15295.562	15294.997	-0.565	295.56	-
CTRL_VALLEY_CENTER	grid	280	-380	15296.628	15296.250	-0.378	296.63	-
CTRL_VALLEY_CENTER	grid	280	-360	15297.556	15297.138	-0.418	297.56	-
CTRL_VALLEY_CENTER	grid	280	-340	15298.292	15297.648	-0.644	298.29	-
CTRL_VALLEY_CENTER	grid	280	-320	15298.753	15298.328	-0.425	298.75	-
CTRL_VALLEY_CENTER	grid	280	-300	15298.909	15298.317	-0.592	298.91	-
CTRL_VALLEY_CENTER	grid	280	-280	15298.679	15298.039	-0.640	298.68	-
CTRL_VALLEY_CENTER	grid	280	-260	15298.035	15297.784	-0.252	298.04	-
CTRL_VALLEY_CENTER	grid	280	-240	15296.931	15296.292	-0.639	296.93	-
CTRL_VALLEY_CENTER	grid	280	-220	15295.282	15294.766	-0.516	295.28	-
CTRL_VALLEY_CENTER	grid	280	-200	15293.086	15292.930	-0.155	293.09	-
CTRL_VALLEY_CENTER	grid	280	-180	15290.222	15289.576	-0.646	290.22	-
CTRL_VALLEY_CENTER	grid	280	-160	15286.704	15286.251	-0.454	286.70	-
CTRL_VALLEY_CENTER	grid	280	-140	15282.511	15282.516	0.005	282.51	-
CTRL_VALLEY_CENTER	grid	280	-120	15277.621	15277.325	-0.296	277.62	-
CTRL_VALLEY_CENTER	grid	280	-100	15272.173	15272.060	-0.113	272.17	-
CTRL_VALLEY_CENTER	grid	280	-80	15266.225	15266.711	0.487	266.22	-
CTRL_VALLEY_CENTER	grid	280	-60	15259.964	15260.562	0.598	259.96	-
CTRL_VALLEY_CENTER	grid	280	-40	15253.597	15253.907	0.311	253.60	-
CTRL_VALLEY_CENTER	grid	280	-20	15247.253	15248.278	1.025	247.25	-
CTRL_VALLEY_CENTER	grid	280	0	15241.179	15242.511	1.332	241.18	-
CTRL_VALLEY_CENTER	grid	280	20	15235.514	15235.945	0.430	235.51	-
CTRL_VALLEY_CENTER	grid	280	40	15230.385	15231.521	1.137	230.38	-
CTRL_VALLEY_CENTER	grid	280	60	15225.873	15227.128	1.254	225.87	-
CTRL_VALLEY_CENTER	grid	280	80	15221.994	15222.476	0.482	221.99	-
CTRL_VALLEY_CENTER	grid	280	100	15218.746	15219.509	0.763	218.75	-
CTRL_VALLEY_CENTER	grid	280	120	15216.059	15216.570	0.511	216.06	-
CTRL_VALLEY_CENTER	grid	280	140	15213.906	15214.165	0.259	213.91	-
CTRL_VALLEY_CENTER	grid	280	160	15212.197	15212.577	0.380	212.20	-
CTRL_VALLEY_CENTER	grid	280	180	15210.845	15211.080	0.235	210.84	-
CTRL_VALLEY_CENTER	grid	280	200	15209.842	15209.935	0.093	209.84	-
CTRL_VALLEY_CENTER	grid	280	220	15209.113	15209.353	0.239	209.11	-
CTRL_VALLEY_CENTER	grid	280	240	15208.609	15208.797	0.188	208.61	-
CTRL_VALLEY_CENTER	grid	280	260	15208.378	15203.630	-4.748	208.38	-
CTRL_VALLEY_CENTER	grid	280	280	15199.736	15199.921	0.185	199.74	-
CTRL_VALLEY_CENTER	grid	280	300	15196.126	15196.458	0.332	196.13	-
CTRL_VALLEY_CENTER	grid	280	320	15195.165	15195.476	0.310	195.17	-
CTRL_VALLEY_CENTER	grid	280	340	15194.181	15194.399	0.218	194.18	-
CTRL_VALLEY_CENTER	grid	280	360	15193.231	15193.381	0.150	193.23	-
CTRL_VALLEY_CENTER	grid	280	380	15192.429	15192.724	0.296	192.43	-
CTRL_VALLEY_CENTER	grid	280	400	15192.008	15192.147	0.139	192.01	-
CTRL_VALLEY_CENTER	grid	280	420	15191.906	15191.955	0.049	191.91	-
CTRL_VALLEY_CENTER	grid	280	440	15192.061	15192.075	0.014	192.06	-
CTRL_VALLEY_CENTER	grid	280	460	15192.231	15192.221	-0.010	192.23	-
CTRL_VALLEY_CENTER	grid	280	480	15192.429	15192.497	0.068	192.43	-
CTRL_VALLEY_CENTER	grid	280	500	15192.951	15192.892	-0.059	192.95	-
CTRL_VALLEY_CENTER	grid	300	-500	15287.590	15287.147	-0.444	287.59	-
CTRL_VALLEY_CENTER	grid	300	-480	15288.097	15287.994	-0.103	288.10	-
CTRL_VALLEY_CENTER	grid	300	-460	15288.764	15288.645	-0.118	288.76	-
CTRL_VALLEY_CENTER	grid	300	-440	15289.557	15289.218	-0.339	289.56	-
CTRL_VALLEY_CENTER	grid	300	-420	15290.416	15290.319	-0.097	290.42	-
CTRL_VALLEY_CENTER	grid	300	-400	15291.329	15291.151	-0.178	291.33	-
CTRL_VALLEY_CENTER	grid	300	-380	15292.204	15291.968	-0.236	292.20	-
CTRL_VALLEY_CENTER	grid	300	-360	15292.998	15292.896	-0.103	293.00	-
CTRL_VALLEY_CENTER	grid	300	-340	15293.633	15293.405	-0.228	293.63	-
CTRL_VALLEY_CENTER	grid	300	-320	15294.055	15293.899	-0.155	294.05	-
CTRL_VALLEY_CENTER	grid	300	-300	15294.205	15293.998	-0.207	294.20	-
CTRL_VALLEY_CENTER	grid	300	-280	15294.033	15293.621	-0.411	294.03	-
CTRL_VALLEY_CENTER	grid	300	-260	15293.479	15293.272	-0.207	293.48	-
CTRL_VALLEY_CENTER	grid	300	-240	15292.513	15292.209	-0.304	292.51	-
CTRL_VALLEY_CENTER	grid	300	-220	15291.085	15290.609	-0.475	291.08	-
CTRL_VALLEY_CENTER	grid	300	-200	15289.134	15289.028	-0.106	289.13	-
CTRL_VALLEY_CENTER	grid	300	-180	15286.649	15286.374	-0.275	286.65	-
CTRL_VALLEY_CENTER	grid	300	-160	15283.540	15283.236	-0.305	283.54	-
CTRL_VALLEY_CENTER	grid	300	-140	15279.843	15279.884	0.041	279.84	-
CTRL_VALLEY_CENTER	grid	300	-120	15275.565	15275.527	-0.038	275.57	-
CTRL_VALLEY_CENTER	grid	300	-100	15270.729	15270.912	0.182	270.73	-
CTRL_VALLEY_CENTER	grid	300	-80	15265.492	15265.629	0.137	265.49	-
CTRL_VALLEY_CENTER	grid	300	-60	15259.932	15260.242	0.310	259.93	-
CTRL_VALLEY_CENTER	grid	300	-40	15254.235	15254.885	0.650	254.23	-
CTRL_VALLEY_CENTER	grid	300	-20	15248.587	15248.835	0.248	248.59	-
CTRL_VALLEY_CENTER	grid	300	0	15243.084	15243.431	0.347	243.08	-
CTRL_VALLEY_CENTER	grid	300	20	15237.928	15238.057	0.129	237.93	-
CTRL_VALLEY_CENTER	grid	300	40	15233.207	15233.616	0.409	233.21	-
CTRL_VALLEY_CENTER	grid	300	60	15229.000	15229.580	0.580	229.00	-
CTRL_VALLEY_CENTER	grid	300	80	15225.334	15225.574	0.240	225.33	-
CTRL_VALLEY_CENTER	grid	300	100	15222.192	15222.888	0.695	222.19	-
CTRL_VALLEY_CENTER	grid	300	120	15219.557	15220.193	0.635	219.56	-
CTRL_VALLEY_CENTER	grid	300	140	15217.344	15217.613	0.269	217.34	-
CTRL_VALLEY_CENTER	grid	300	160	15215.511	15215.842	0.331	215.51	-
CTRL_VALLEY_CENTER	grid	300	180	15214.003	15214.344	0.340	214.00	-
CTRL_VALLEY_CENTER	grid	300	200	15212.729	15212.924	0.195	212.73	-
CTRL_VALLEY_CENTER	grid	300	220	15211.685	15211.649	-0.036	211.68	-
CTRL_VALLEY_CENTER	grid	300	240	15210.832	15210.877	0.045	210.83	-
CTRL_VALLEY_CENTER	grid	300	260	15210.117	15207.678	-2.439	210.12	-
CTRL_VALLEY_CENTER	grid	300	280	15196.739	15201.790	5.050	196.74	-
CTRL_VALLEY_CENTER	grid	300	300	15195.745	15196.698	0.952	195.75	-
CTRL_VALLEY_CENTER	grid	300	320	15194.846	15194.903	0.057	194.85	-
CTRL_VALLEY_CENTER	grid	300	340	15193.989	15193.948	-0.041	193.99	-
CTRL_VALLEY_CENTER	grid	300	360	15192.999	15193.020	0.021	193.00	-
CTRL_VALLEY_CENTER	grid	300	380	15191.988	15192.326	0.338	191.99	-
CTRL_VALLEY_CENTER	grid	300	400	15191.183	15191.743	0.560	191.18	-
CTRL_VALLEY_CENTER	grid	300	420	15191.026	15191.213	0.186	191.03	-
CTRL_VALLEY_CENTER	grid	300	440	15191.166	15191.280	0.114	191.17	-
CTRL_VALLEY_CENTER	grid	300	460	15191.355	15191.465	0.110	191.35	-
CTRL_VALLEY_CENTER	grid	300	480	15191.559	15191.689	0.129	191.56	-
CTRL_VALLEY_CENTER	grid	300	500	15192.063	15192.005	-0.059	192.06	-
CTRL_VALLEY_CENTER	grid	320	-500	15285.246	15285.374	0.128	285.25	-
CTRL_VALLEY_CENTER	grid	320	-480	15285.366	15285.392	0.026	285.37	-
CTRL_VALLEY_CENTER	grid	320	-460	15285.631	15285.709	0.078	285.63	-
CTRL_VALLEY_CENTER	grid	320	-440	15286.066	15286.211	0.144	286.07	-
CTRL_VALLEY_CENTER	grid	320	-420	15286.616	15286.705	0.089	286.62	-
CTRL_VALLEY_CENTER	grid	320	-400	15287.230	15287.075	-0.156	287.23	-
CTRL_VALLEY_CENTER	grid	320	-380	15287.886	15287.791	-0.094	287.89	-
CTRL_VALLEY_CENTER	grid	320	-360	15288.480	15288.535	0.055	288.48	-
CTRL_VALLEY_CENTER	grid	320	-340	15288.993	15288.666	-0.327	288.99	-
CTRL_VALLEY_CENTER	grid	320	-320	15289.325	15289.064	-0.262	289.33	-
CTRL_VALLEY_CENTER	grid	320	-300	15289.442	15289.490	0.048	289.44	-
CTRL_VALLEY_CENTER	grid	320	-280	15289.284	15288.926	-0.358	289.28	-
CTRL_VALLEY_CENTER	grid	320	-260	15288.805	15288.506	-0.299	288.80	-
CTRL_VALLEY_CENTER	grid	320	-240	15287.961	15287.866	-0.096	287.96	-
CTRL_VALLEY_CENTER	grid	320	-220	15286.720	15286.351	-0.369	286.72	-
CTRL_VALLEY_CENTER	grid	320	-200	15285.035	15284.832	-0.203	285.04	-
CTRL_VALLEY_CENTER	grid	320	-180	15282.864	15282.641	-0.223	282.86	-
CTRL_VALLEY_CENTER	grid	320	-160	15280.202	15279.791	-0.410	280.20	-
CTRL_VALLEY_CENTER	grid	320	-140	15276.991	15276.954	-0.036	276.99	-
CTRL_VALLEY_CENTER	grid	320	-120	15273.284	15272.925	-0.359	273.28	-
CTRL_VALLEY_CENTER	grid	320	-100	15269.122	15268.599	-0.523	269.12	-
CTRL_VALLEY_CENTER	grid	320	-80	15264.559	15264.583	0.024	264.56	-
CTRL_VALLEY_CENTER	grid	320	-60	15259.752	15259.957	0.205	259.75	-
CTRL_VALLEY_CENTER	grid	320	-40	15254.783	15255.000	0.218	254.78	-
CTRL_VALLEY_CENTER	grid	320	-20	15249.815	15250.244	0.429	249.82	-
CTRL_VALLEY_CENTER	grid	320	0	15244.998	15246.106	1.108	245.00	-
CTRL_VALLEY_CENTER	grid	320	20	15240.406	15241.156	0.750	240.41	-
CTRL_VALLEY_CENTER	grid	320	40	15236.167	15236.839	0.672	236.17	-
CTRL_VALLEY_CENTER	grid	320	60	15232.334	15233.670	1.336	232.33	-
CTRL_VALLEY_CENTER	grid	320	80	15228.939	15229.661	0.722	228.94	-
CTRL_VALLEY_CENTER	grid	320	100	15225.969	15226.523	0.554	225.97	-
CTRL_VALLEY_CENTER	grid	320	120	15223.393	15224.132	0.739	223.39	-
CTRL_VALLEY_CENTER	grid	320	140	15221.175	15221.539	0.364	221.18	-
CTRL_VALLEY_CENTER	grid	320	160	15219.247	15219.536	0.290	219.25	-
CTRL_VALLEY_CENTER	grid	320	180	15217.562	15217.785	0.223	217.56	-
CTRL_VALLEY_CENTER	grid	320	200	15216.080	15216.165	0.085	216.08	-
CTRL_VALLEY_CENTER	grid	320	220	15214.733	15214.879	0.146	214.73	-
CTRL_VALLEY_CENTER	grid	320	240	15213.503	15213.631	0.128	213.50	-
CTRL_VALLEY_CENTER	grid	320	260	15212.376	15211.579	-0.797	212.38	-
CTRL_VALLEY_CENTER	grid	320	280	15196.486	15205.306	8.820	196.49	-
CTRL_VALLEY_CENTER	grid	320	300	15195.478	15199.066	3.587	195.48	-
CTRL_VALLEY_CENTER	grid	320	320	15194.497	15194.485	-0.013	194.50	-
CTRL_VALLEY_CENTER	grid	320	340	15193.563	15193.511	-0.052	193.56	-
CTRL_VALLEY_CENTER	grid	320	360	15192.704	15192.608	-0.096	192.70	-
CTRL_VALLEY_CENTER	grid	320	380	15191.845	15192.021	0.176	191.85	-
CTRL_VALLEY_CENTER	grid	320	400	15190.963	15191.642	0.679	190.96	-
CTRL_VALLEY_CENTER	grid	320	420	15190.572	15191.086	0.515	190.57	-
CTRL_VALLEY_CENTER	grid	320	440	15190.571	15190.866	0.296	190.57	-
CTRL_VALLEY_CENTER	grid	320	460	15190.656	15190.816	0.160	190.66	-
CTRL_VALLEY_CENTER	grid	320	480	15190.802	15191.019	0.217	190.80	-
CTRL_VALLEY_CENTER	grid	320	500	15191.173	15191.302	0.129	191.17	-
CTRL_VALLEY_CENTER	grid	340	-500	15283.314	15283.198	-0.115	283.31	-
CTRL_VALLEY_CENTER	grid	340	-480	15282.985	15283.107	0.122	282.99	-
CTRL_VALLEY_CENTER	grid	340	-460	15282.889	15283.041	0.152	282.89	-
CTRL_VALLEY_CENTER	grid	340	-440	15282.923	15282.712	-0.211	282.92	-
CTRL_VALLEY_CENTER	grid	340	-420	15283.137	15283.140	0.003	283.14	-
CTRL_VALLEY_CENTER	grid	340	-400	15283.444	15283.549	0.104	283.44	-
CTRL_VALLEY_CENTER	grid	340	-380	15283.820	15283.621	-0.198	283.82	-
CTRL_VALLEY_CENTER	grid	340	-360	15284.212	15284.131	-0.081	284.21	-
CTRL_VALLEY_CENTER	grid	340	-340	15284.531	15284.533	0.002	284.53	-
CTRL_VALLEY_CENTER	grid	340	-320	15284.768	15284.538	-0.230	284.77	-
CTRL_VALLEY_CENTER	grid	340	-300	15284.814	15284.722	-0.092	284.81	-
CTRL_VALLEY_CENTER	grid	340	-280	15284.650	15284.483	-0.166	284.65	-
CTRL_VALLEY_CENTER	grid	340	-260	15284.218	15283.946	-0.271	284.22	-
CTRL_VALLEY_CENTER	grid	340	-240	15283.481	15283.447	-0.034	283.48	-
CTRL_VALLEY_CENTER	grid	340	-220	15282.411	15282.054	-0.357	282.41	-
CTRL_VALLEY_CENTER	grid	340	-200	15280.963	15280.692	-0.271	280.96	-
CTRL_VALLEY_CENTER	grid	340	-180	15279.109	15279.243	0.134	279.11	-
CTRL_VALLEY_CENTER	grid	340	-160	15276.825	15276.710	-0.115	276.82	-
CTRL_VALLEY_CENTER	grid	340	-140	15274.110	15274.088	-0.022	274.11	-
CTRL_VALLEY_CENTER	grid	340	-120	15270.950	15271.345	0.395	270.95	-
CTRL_VALLEY_CENTER	grid	340	-100	15267.412	15267.891	0.479	267.41	-
CTRL_VALLEY_CENTER	grid	340	-80	15263.554	15263.899	0.344	263.55	-
CTRL_VALLEY_CENTER	grid	340	-60	15259.448	15260.166	0.718	259.45	-
CTRL_VALLEY_CENTER	grid	340	-40	15255.240	15256.451	1.211	255.24	-
CTRL_VALLEY_CENTER	grid	340	-20	15251.001	15251.524	0.523	251.00	-
CTRL_VALLEY_CENTER	grid	340	0	15246.855	15247.661	0.806	246.86	-
CTRL_VALLEY_CENTER	grid	340	20	15242.908	15244.131	1.223	242.91	-
CTRL_VALLEY_CENTER	grid	340	40	15239.192	15239.479	0.287	239.19	-
CTRL_VALLEY_CENTER	grid	340	60	15235.789	15236.348	0.559	235.79	-
CTRL_VALLEY_CENTER	grid	340	80	15232.706	15233.285	0.579	232.71	-
CTRL_VALLEY_CENTER	grid	340	100	15229.944	15230.077	0.133	229.94	-
CTRL_VALLEY_CENTER	grid	340	120	15227.476	15227.685	0.208	227.48	-
CTRL_VALLEY_CENTER	grid	340	140	15225.260	15225.380	0.120	225.26	-
CTRL_VALLEY_CENTER	grid	340	160	15223.268	15223.229	-0.038	223.27	-
CTRL_VALLEY_CENTER	grid	340	180	15221.439	15221.454	0.015	221.44	-
CTRL_VALLEY_CENTER	grid	340	200	15219.731	15219.705	-0.025	219.73	-
CTRL_VALLEY_CENTER	grid	340	220	15218.126	15213.443	-4.684	218.13	-
CTRL_VALLEY_CENTER	grid	340	240	15216.566	15209.392	-7.174	216.57	-
CTRL_VALLEY_CENTER	grid	340	260	15212.211	15206.837	-5.373	212.21	-
CTRL_VALLEY_CENTER	grid	340	280	15196.356	15204.670	8.314	196.36	-
CTRL_VALLEY_CENTER	grid	340	300	15195.318	15200.816	5.498	195.32	-
CTRL_VALLEY_CENTER	grid	340	320	15194.292	15194.607	0.315	194.29	-
CTRL_VALLEY_CENTER	grid	340	340	15193.281	15193.281	-0.001	193.28	-
CTRL_VALLEY_CENTER	grid	340	360	15192.306	15192.240	-0.066	192.31	-
CTRL_VALLEY_CENTER	grid	340	380	15191.436	15191.441	0.005	191.44	-
CTRL_VALLEY_CENTER	grid	340	400	15190.586	15191.166	0.580	190.59	-
CTRL_VALLEY_CENTER	grid	340	420	15190.571	15190.918	0.347	190.57	-
CTRL_VALLEY_CENTER	grid	340	440	15190.571	15190.625	0.054	190.57	-
CTRL_VALLEY_CENTER	grid	340	460	15190.571	15190.574	0.004	190.57	-
CTRL_VALLEY_CENTER	grid	340	480	15190.571	15190.562	-0.009	190.57	-
CTRL_VALLEY_CENTER	grid	340	500	15190.603	15190.660	0.058	190.60	-
CTRL_VALLEY_CENTER	grid	360	-500	15281.790	15281.915	0.125	281.79	-
CTRL_VALLEY_CENTER	grid	360	-480	15281.103	15280.996	-0.108	281.10	-
CTRL_VALLEY_CENTER	grid	360	-460	15280.579	15280.640	0.061	280.58	-
CTRL_VALLEY_CENTER	grid	360	-440	15280.266	15280.408	0.142	280.27	-
CTRL_VALLEY_CENTER	grid	360	-420	15280.082	15280.106	0.024	280.08	-
CTRL_VALLEY_CENTER	grid	360	-400	15280.086	15280.124	0.038	280.09	-
CTRL_VALLEY_CENTER	grid	360	-380	15280.165	15280.246	0.081	280.16	-
CTRL_VALLEY_CENTER	grid	360	-360	15280.308	15280.345	0.037	280.31	-
CTRL_VALLEY_CENTER	grid	360	-340	15280.454	15280.443	-0.012	280.45	-
CTRL_VALLEY_CENTER	grid	360	-320	15280.523	15280.490	-0.034	280.52	-
CTRL_VALLEY_CENTER	grid	360	-300	15280.509	15280.564	0.055	280.51	-
CTRL_VALLEY_CENTER	grid	360	-280	15280.304	15280.381	0.077	280.30	-
CTRL_VALLEY_CENTER	grid	360	-260	15279.906	15279.873	-0.033	279.91	-
CTRL_VALLEY_CENTER	grid	360	-240	15279.264	15279.441	0.177	279.26	-
CTRL_VALLEY_CENTER	grid	360	-220	15278.333	15278.513	0.180	278.33	-
CTRL_VALLEY_CENTER	grid	360	-200	15277.104	15277.183	0.079	277.10	-
CTRL_VALLEY_CENTER	grid	360	-180	15275.533	15275.849	0.316	275.53	-
CTRL_VALLEY_CENTER	grid	360	-160	15273.609	15273.869	0.260	273.61	-
CTRL_VALLEY_CENTER	grid	360	-140	15271.320	15271.647	0.327	271.32	-
CTRL_VALLEY_CENTER	grid	360	-120	15268.692	15269.054	0.362	268.69	-
CTRL_VALLEY_CENTER	grid	360	-100	15265.730	15266.063	0.333	265.73	-
CTRL_VALLEY_CENTER	grid	360	-80	15262.519	15263.101	0.582	262.52	-
CTRL_VALLEY_CENTER	grid	360	-60	15259.131	15259.365	0.234	259.13	-
CTRL_VALLEY_CENTER	grid	360	-40	15255.619	15255.841	0.222	255.62	-
CTRL_VALLEY_CENTER	grid	360	-20	15252.119	15252.346	0.227	252.12	-
CTRL_VALLEY_CENTER	grid	360	0	15248.671	15248.663	-0.007	248.67	-
CTRL_VALLEY_CENTER	grid	360	20	15245.347	15245.429	0.082	245.35	-
CTRL_VALLEY_CENTER	grid	360	40	15242.220	15242.315	0.095	242.22	-
CTRL_VALLEY_CENTER	grid	360	60	15239.267	15239.674	0.408	239.27	-
CTRL_VALLEY_CENTER	grid	360	80	15236.533	15236.863	0.330	236.53	-
CTRL_VALLEY_CENTER	grid	360	100	15234.012	15234.079	0.067	234.01	-
CTRL_VALLEY_CENTER	grid	360	120	15231.664	15231.809	0.146	231.66	-
CTRL_VALLEY_CENTER	grid	360	140	15229.478	15229.558	0.080	229.48	-
CTRL_VALLEY_CENTER	grid	360	160	15227.416	15227.319	-0.097	227.42	-
CTRL_VALLEY_CENTER	grid	360	180	15225.461	15225.223	-0.238	225.46	-
CTRL_VALLEY_CENTER	grid	360	200	15223.567	15223.321	-0.247	223.57	-
CTRL_VALLEY_CENTER	grid	360	220	15221.699	15219.932	-1.767	221.70	-
CTRL_VALLEY_CENTER	grid	360	240	15219.845	15210.324	-9.520	219.84	-
CTRL_VALLEY_CENTER	grid	360	260	15215.965	15201.909	-14.056	215.97	-
CTRL_VALLEY_CENTER	grid	360	280	15196.350	15199.572	3.222	196.35	-
CTRL_VALLEY_CENTER	grid	360	300	15195.289	15197.544	2.255	195.29	-
CTRL_VALLEY_CENTER	grid	360	320	15194.227	15195.544	1.317	194.23	-
CTRL_VALLEY_CENTER	grid	360	340	15193.160	15193.181	0.022	193.16	-
CTRL_VALLEY_CENTER	grid	360	360	15192.121	15192.151	0.030	192.12	-
CTRL_VALLEY_CENTER	grid	360	380	15191.089	15191.170	0.081	191.09	-
CTRL_VALLEY_CENTER	grid	360	400	15190.571	15190.841	0.270	190.57	-
CTRL_VALLEY_CENTER	grid	360	420	15190.571	15190.685	0.115	190.57	-
CTRL_VALLEY_CENTER	grid	360	440	15190.571	15190.557	-0.014	190.57	-
CTRL_VALLEY_CENTER	grid	360	460	15190.571	15190.517	-0.053	190.57	-
CTRL_VALLEY_CENTER	grid	360	480	15190.571	15190.523	-0.048	190.57	-
CTRL_VALLEY_CENTER	grid	360	500	15190.571	15190.546	-0.025	190.57	-
CTRL_VALLEY_CENTER	grid	380	-500	15280.728	15280.816	0.088	280.73	-
CTRL_VALLEY_CENTER	grid	380	-480	15279.690	15279.897	0.207	279.69	-
CTRL_VALLEY_CENTER	grid	380	-460	15278.809	15278.985	0.176	278.81	-
CTRL_VALLEY_CENTER	grid	380	-440	15278.103	15278.102	-0.000	278.10	-
CTRL_VALLEY_CENTER	grid	380	-420	15277.596	15277.781	0.185	277.60	-
CTRL_VALLEY_CENTER	grid	380	-400	15277.216	15277.486	0.271	277.22	-
CTRL_VALLEY_CENTER	grid	380	-380	15277.033	15277.059	0.025	277.03	-
CTRL_VALLEY_CENTER	grid	380	-360	15276.905	15277.049	0.144	276.91	-
CTRL_VALLEY_CENTER	grid	380	-340	15276.849	15277.184	0.335	276.85	-
CTRL_VALLEY_CENTER	grid	380	-320	15276.781	15276.897	0.115	276.78	-
CTRL_VALLEY_CENTER	grid	380	-300	15276.639	15276.749	0.110	276.64	-
CTRL_VALLEY_CENTER	grid	380	-280	15276.420	15276.849	0.429	276.42	-
CTRL_VALLEY_CENTER	grid	380	-260	15276.019	15276.157	0.138	276.02	-
CTRL_VALLEY_CENTER	grid	380	-240	15275.454	15275.543	0.089	275.45	-
CTRL_VALLEY_CENTER	grid	380	-220	15274.656	15274.935	0.279	274.66	-
CTRL_VALLEY_CENTER	grid	380	-200	15273.604	15273.636	0.032	273.60	-
CTRL_VALLEY_CENTER	grid	380	-180	15272.287	15272.364	0.077	272.29	-
CTRL_VALLEY_CENTER	grid	380	-160	15270.671	15270.689	0.018	270.67	-
CTRL_VALLEY_CENTER	grid	380	-140	15268.771	15268.554	-0.217	268.77	-
CTRL_VALLEY_CENTER	grid	380	-120	15266.588	15266.447	-0.142	266.59	-
CTRL_VALLEY_CENTER	grid	380	-100	15264.174	15264.142	-0.032	264.17	-
CTRL_VALLEY_CENTER	grid	380	-80	15261.548	15261.552	0.004	261.55	-
CTRL_VALLEY_CENTER	grid	380	-60	15258.797	15258.990	0.193	258.80	-
CTRL_VALLEY_CENTER	grid	380	-40	15255.992	15256.735	0.743	255.99	-
CTRL_VALLEY_CENTER	grid	380	-20	15253.162	15253.665	0.503	253.16	-
CTRL_VALLEY_CENTER	grid	380	0	15250.405	15250.692	0.287	250.40	-
CTRL_VALLEY_CENTER	grid	380	20	15247.725	15248.767	1.043	247.72	-
CTRL_VALLEY_CENTER	grid	380	40	15245.144	15245.725	0.581	245.14	-
CTRL_VALLEY_CENTER	grid	380	60	15242.686	15242.890	0.205	242.69	-
CTRL_VALLEY_CENTER	grid	380	80	15240.311	15240.788	0.477	240.31	-
CTRL_VALLEY_CENTER	grid	380	100	15238.031	15238.287	0.256	238.03	-
CTRL_VALLEY_CENTER	grid	380	120	15235.828	15235.804	-0.024	235.83	-
CTRL_VALLEY_CENTER	grid	380	140	15233.675	15233.667	-0.008	233.67	-
CTRL_VALLEY_CENTER	grid	380	160	15231.566	15231.524	-0.043	231.57	-
CTRL_VALLEY_CENTER	grid	380	180	15229.483	15229.386	-0.097	229.48	-
CTRL_VALLEY_CENTER	grid	380	200	15227.405	15227.316	-0.089	227.41	-
CTRL_VALLEY_CENTER	grid	380	220	15225.316	15225.274	-0.042	225.32	-
CTRL_VALLEY_CENTER	grid	380	240	15223.181	15216.542	-6.639	223.18	-
CTRL_VALLEY_CENTER	grid	380	260	15220.988	15206.454	-14.534	220.99	-
CTRL_VALLEY_CENTER	grid	380	280	15196.494	15196.706	0.212	196.49	-
CTRL_VALLEY_CENTER	grid	380	300	15195.427	15195.567	0.140	195.43	-
CTRL_VALLEY_CENTER	grid	380	320	15194.368	15194.431	0.063	194.37	-
CTRL_VALLEY_CENTER	grid	380	340	15193.307	15193.340	0.033	193.31	-
CTRL_VALLEY_CENTER	grid	380	360	15192.247	15192.338	0.091	192.25	-
CTRL_VALLEY_CENTER	grid	380	380	15191.206	15191.357	0.151	191.21	-
CTRL_VALLEY_CENTER	grid	380	400	15190.584	15190.749	0.165	190.58	-
CTRL_VALLEY_CENTER	grid	380	420	15190.571	15190.698	0.128	190.57	-
CTRL_VALLEY_CENTER	grid	380	440	15190.571	15190.593	0.023	190.57	-
CTRL_VALLEY_CENTER	grid	380	460	15190.571	15190.529	-0.042	190.57	-
CTRL_VALLEY_CENTER	grid	380	480	15190.571	15190.520	-0.051	190.57	-
CTRL_VALLEY_CENTER	grid	380	500	15190.571	15190.543	-0.027	190.57	-
CTRL_VALLEY_CENTER	grid	400	-500	15280.142	15280.304	0.162	280.14	-
CTRL_VALLEY_CENTER	grid	400	-480	15278.758	15278.722	-0.036	278.76	-
CTRL_VALLEY_CENTER	grid	400	-460	15277.563	15277.684	0.122	277.56	-
CTRL_VALLEY_CENTER	grid	400	-440	15276.508	15276.783	0.275	276.51	-
CTRL_VALLEY_CENTER	grid	400	-420	15275.651	15275.739	0.087	275.65	-
CTRL_VALLEY_CENTER	grid	400	-400	15274.980	15275.119	0.139	274.98	-
CTRL_VALLEY_CENTER	grid	400	-380	15274.452	15274.789	0.337	274.45	-
CTRL_VALLEY_CENTER	grid	400	-360	15274.103	15274.261	0.158	274.10	-
CTRL_VALLEY_CENTER	grid	400	-340	15273.807	15273.922	0.115	273.81	-
CTRL_VALLEY_CENTER	grid	400	-320	15273.594	15273.832	0.238	273.59	-
CTRL_VALLEY_CENTER	grid	400	-300	15273.357	15273.445	0.088	273.36	-
CTRL_VALLEY_CENTER	grid	400	-280	15273.063	15273.085	0.022	273.06	-
CTRL_VALLEY_CENTER	grid	400	-260	15272.692	15272.654	-0.038	272.69	-
CTRL_VALLEY_CENTER	grid	400	-240	15272.152	15272.002	-0.150	272.15	-
CTRL_VALLEY_CENTER	grid	400	-220	15271.471	15271.544	0.073	271.47	-
CTRL_VALLEY_CENTER	grid	400	-200	15270.577	15270.552	-0.024	270.58	-
CTRL_VALLEY_CENTER	grid	400	-180	15269.455	15269.505	0.050	269.46	-
CTRL_VALLEY_CENTER	grid	400	-160	15268.114	15268.446	0.332	268.11	-
CTRL_VALLEY_CENTER	grid	400	-140	15266.533	15266.865	0.332	266.53	-
CTRL_VALLEY_CENTER	grid	400	-120	15264.746	15265.046	0.300	264.75	-
CTRL_VALLEY_CENTER	grid	400	-100	15262.779	15263.283	0.504	262.78	-
CTRL_VALLEY_CENTER	grid	400	-80	15260.693	15261.605	0.913	260.69	-
CTRL_VALLEY_CENTER	grid	400	-60	15258.513	15259.044	0.531	258.51	-
CTRL_VALLEY_CENTER	grid	400	-40	15256.322	15256.882	0.560	256.32	-
CTRL_VALLEY_CENTER	grid	400	-20	15254.159	15255.114	0.955	254.16	-
CTRL_VALLEY_CENTER	grid	400	0	15252.018	15252.495	0.477	252.02	-
CTRL_VALLEY_CENTER	grid	400	20	15249.958	15250.252	0.294	249.96	-
CTRL_VALLEY_CENTER	grid	400	40	15247.935	15248.355	0.420	247.93	-
CTRL_VALLEY_CENTER	grid	400	60	15245.925	15246.075	0.149	245.93	-
CTRL_VALLEY_CENTER	grid	400	80	15243.931	15243.883	-0.047	243.93	-
CTRL_VALLEY_CENTER	grid	400	100	15241.895	15241.808	-0.087	241.90	-
CTRL_VALLEY_CENTER	grid	400	120	15239.822	15239.750	-0.072	239.82	-
CTRL_VALLEY_CENTER	grid	400	140	15237.712	15237.496	-0.216	237.71	-
CTRL_VALLEY_CENTER	grid	400	160	15235.549	15235.270	-0.279	235.55	-
CTRL_VALLEY_CENTER	grid	400	180	15233.344	15232.955	-0.390	233.34	-
CTRL_VALLEY_CENTER	grid	400	200	15231.101	15230.576	-0.524	231.10	-
CTRL_VALLEY_CENTER	grid	400	220	15228.797	15228.334	-0.463	228.80	-
CTRL_VALLEY_CENTER	grid	400	240	15226.425	15221.358	-5.067	226.43	-
CTRL_VALLEY_CENTER	grid	400	260	15223.964	15209.860	-14.104	223.96	-
CTRL_VALLEY_CENTER	grid	400	280	15198.157	15199.808	1.651	198.16	-
CTRL_VALLEY_CENTER	grid	400	300	15195.681	15195.743	0.061	195.68	-
CTRL_VALLEY_CENTER	grid	400	320	15194.632	15194.658	0.026	194.63	-
CTRL_VALLEY_CENTER	grid	400	340	15193.582	15193.554	-0.028	193.58	-
CTRL_VALLEY_CENTER	grid	400	360	15192.528	15192.541	0.013	192.53	-
CTRL_VALLEY_CENTER	grid	400	380	15191.452	15191.567	0.115	191.45	-
CTRL_VALLEY_CENTER	grid	400	400	15190.600	15190.638	0.039	190.60	-
CTRL_VALLEY_CENTER	grid	400	420	15190.571	15190.588	0.017	190.57	-
CTRL_VALLEY_CENTER	grid	400	440	15190.571	15190.565	-0.006	190.57	-
CTRL_VALLEY_CENTER	grid	400	460	15190.571	15190.560	-0.011	190.57	-
CTRL_VALLEY_CENTER	grid	400	480	15190.571	15190.536	-0.035	190.57	-
CTRL_VALLEY_CENTER	grid	400	500	15190.571	15190.539	-0.032	190.57	-
CTRL_VALLEY_CENTER	grid	420	-500	15279.952	15280.005	0.053	279.95	-
CTRL_VALLEY_CENTER	grid	420	-480	15278.334	15278.501	0.168	278.33	-
CTRL_VALLEY_CENTER	grid	420	-460	15276.803	15276.893	0.090	276.80	-
CTRL_VALLEY_CENTER	grid	420	-440	15275.472	15275.510	0.037	275.47	-
CTRL_VALLEY_CENTER	grid	420	-420	15274.282	15274.523	0.242	274.28	-
CTRL_VALLEY_CENTER	grid	420	-400	15273.311	15273.505	0.194	273.31	-
CTRL_VALLEY_CENTER	grid	420	-380	15272.518	15272.514	-0.005	272.52	-
CTRL_VALLEY_CENTER	grid	420	-360	15271.889	15272.038	0.149	271.89	-
CTRL_VALLEY_CENTER	grid	420	-340	15271.420	15271.619	0.199	271.42	-
CTRL_VALLEY_CENTER	grid	420	-320	15271.013	15271.203	0.190	271.01	-
CTRL_VALLEY_CENTER	grid	420	-300	15270.689	15270.838	0.150	270.69	-
CTRL_VALLEY_CENTER	grid	420	-280	15270.337	15270.612	0.275	270.34	-
CTRL_VALLEY_CENTER	grid	420	-260	15269.936	15270.248	0.312	269.94	-
CTRL_VALLEY_CENTER	grid	420	-240	15269.456	15269.634	0.178	269.46	-
CTRL_VALLEY_CENTER	grid	420	-220	15268.826	15269.177	0.351	268.83	-
CTRL_VALLEY_CENTER	grid	420	-200	15268.062	15268.409	0.347	268.06	-
CTRL_VALLEY_CENTER	grid	420	-180	15267.111	15267.368	0.257	267.11	-
CTRL_VALLEY_CENTER	grid	420	-160	15265.966	15266.349	0.383	265.97	-
CTRL_VALLEY_CENTER	grid	420	-140	15264.658	15265.018	0.361	264.66	-
CTRL_VALLEY_CENTER	grid	420	-120	15263.187	15263.597	0.410	263.19	-
CTRL_VALLEY_CENTER	grid	420	-100	15261.601	15261.907	0.306	261.60	-
CTRL_VALLEY_CENTER	grid	420	-80	15259.946	15260.231	0.285	259.95	-
CTRL_VALLEY_CENTER	grid	420	-60	15258.286	15258.587	0.301	258.29	-
CTRL_VALLEY_CENTER	grid	420	-40	15256.628	15256.702	0.074	256.63	-
CTRL_VALLEY_CENTER	grid	420	-20	15255.034	15254.935	-0.099	255.03	-
CTRL_VALLEY_CENTER	grid	420	0	15253.506	15253.429	-0.077	253.51	-
CTRL_VALLEY_CENTER	grid	420	20	15251.981	15252.128	0.147	251.98	-
CTRL_VALLEY_CENTER	grid	420	40	15250.478	15250.435	-0.043	250.48	-
CTRL_VALLEY_CENTER	grid	420	60	15248.927	15248.769	-0.158	248.93	-
CTRL_VALLEY_CENTER	grid	420	80	15247.253	15247.084	-0.169	247.25	-
CTRL_VALLEY_CENTER	grid	420	100	15245.471	15245.137	-0.334	245.47	-
CTRL_VALLEY_CENTER	grid	420	120	15243.532	15243.125	-0.407	243.53	-
CTRL_VALLEY_CENTER	grid	420	140	15241.437	15240.887	-0.550	241.44	-
CTRL_VALLEY_CENTER	grid	420	160	15239.233	15238.616	-0.616	239.23	-
CTRL_VALLEY_CENTER	grid	420	180	15236.913	15236.417	-0.495	236.91	-
CTRL_VALLEY_CENTER	grid	420	200	15234.497	15233.876	-0.621	234.50	-
CTRL_VALLEY_CENTER	grid	420	220	15232.010	15231.338	-0.671	232.01	-
CTRL_VALLEY_CENTER	grid	420	240	15229.427	15227.936	-1.491	229.43	-
CTRL_VALLEY_CENTER	grid	420	260	15226.741	15215.913	-10.828	226.74	-
CTRL_VALLEY_CENTER	grid	420	280	15201.048	15203.936	2.888	201.05	-
CTRL_VALLEY_CENTER	grid	420	300	15195.913	15195.918	0.005	195.91	-
CTRL_VALLEY_CENTER	grid	420	320	15194.852	15194.833	-0.019	194.85	-
CTRL_VALLEY_CENTER	grid	420	340	15193.794	15193.794	0.000	193.79	-
CTRL_VALLEY_CENTER	grid	420	360	15192.737	15192.794	0.057	192.74	-
CTRL_VALLEY_CENTER	grid	420	380	15191.713	15191.835	0.122	191.71	-
CTRL_VALLEY_CENTER	grid	420	400	15190.878	15190.902	0.025	190.88	-
CTRL_VALLEY_CENTER	grid	420	420	15190.571	15190.547	-0.024	190.57	-
CTRL_VALLEY_CENTER	grid	420	440	15190.571	15190.528	-0.042	190.57	-
CTRL_VALLEY_CENTER	grid	420	460	15190.571	15190.540	-0.031	190.57	-
CTRL_VALLEY_CENTER	grid	420	480	15190.571	15190.518	-0.053	190.57	-
CTRL_VALLEY_CENTER	grid	420	500	15190.571	15190.514	-0.056	190.57	-
CTRL_VALLEY_CENTER	grid	440	-500	15280.143	15280.184	0.042	280.14	-
CTRL_VALLEY_CENTER	grid	440	-480	15278.305	15278.309	0.004	278.30	-
CTRL_VALLEY_CENTER	grid	440	-460	15276.561	15276.704	0.144	276.56	-
CTRL_VALLEY_CENTER	grid	440	-440	15274.926	15275.126	0.200	274.93	-
CTRL_VALLEY_CENTER	grid	440	-420	15273.487	15273.589	0.102	273.49	-
CTRL_VALLEY_CENTER	grid	440	-400	15272.210	15272.477	0.267	272.21	-
CTRL_VALLEY_CENTER	grid	440	-380	15271.179	15271.522	0.343	271.18	-
CTRL_VALLEY_CENTER	grid	440	-360	15270.320	15270.600	0.280	270.32	-
CTRL_VALLEY_CENTER	grid	440	-340	15269.636	15269.916	0.280	269.64	-
CTRL_VALLEY_CENTER	grid	440	-320	15269.101	15269.525	0.423	269.10	-
CTRL_VALLEY_CENTER	grid	440	-300	15268.624	15268.969	0.345	268.62	-
CTRL_VALLEY_CENTER	grid	440	-280	15268.228	15268.424	0.196	268.23	-
CTRL_VALLEY_CENTER	grid	440	-260	15267.799	15268.224	0.425	267.80	-
CTRL_VALLEY_CENTER	grid	440	-240	15267.320	15267.545	0.225	267.32	-
CTRL_VALLEY_CENTER	grid	440	-220	15266.755	15266.877	0.122	266.76	-
CTRL_VALLEY_CENTER	grid	440	-200	15266.053	15266.291	0.238	266.05	-
CTRL_VALLEY_CENTER	grid	440	-180	15265.228	15265.250	0.023	265.23	-
CTRL_VALLEY_CENTER	grid	440	-160	15264.247	15264.236	-0.011	264.25	-
CTRL_VALLEY_CENTER	grid	440	-140	15263.126	15263.069	-0.058	263.13	-
CTRL_VALLEY_CENTER	grid	440	-120	15261.907	15261.835	-0.072	261.91	-
CTRL_VALLEY_CENTER	grid	440	-100	15260.623	15260.655	0.031	260.62	-
CTRL_VALLEY_CENTER	grid	440	-80	15259.325	15259.693	0.368	259.32	-
CTRL_VALLEY_CENTER	grid	440	-60	15258.062	15258.332	0.270	258.06	-
CTRL_VALLEY_CENTER	grid	440	-40	15256.889	15256.999	0.110	256.89	-
CTRL_VALLEY_CENTER	grid	440	-20	15255.779	15256.366	0.587	255.78	-
CTRL_VALLEY_CENTER	grid	440	0	15254.749	15255.111	0.362	254.75	-
CTRL_VALLEY_CENTER	grid	440	20	15253.765	15253.699	-0.066	253.77	-
CTRL_VALLEY_CENTER	grid	440	40	15252.701	15252.798	0.097	252.70	-
CTRL_VALLEY_CENTER	grid	440	60	15251.551	15251.554	0.002	251.55	-
CTRL_VALLEY_CENTER	grid	440	80	15250.219	15249.898	-0.321	250.22	-
CTRL_VALLEY_CENTER	grid	440	100	15248.630	15248.201	-0.428	248.63	-
CTRL_VALLEY_CENTER	grid	440	120	15246.814	15246.493	-0.321	246.81	-
CTRL_VALLEY_CENTER	grid	440	140	15244.757	15244.376	-0.381	244.76	-
CTRL_VALLEY_CENTER	grid	440	160	15242.478	15242.079	-0.400	242.48	-
CTRL_VALLEY_CENTER	grid	440	180	15240.050	15239.809	-0.242	240.05	-
CTRL_VALLEY_CENTER	grid	440	200	15237.496	15237.392	-0.105	237.50	-
CTRL_VALLEY_CENTER	grid	440	220	15234.822	15234.660	-0.162	234.82	-
CTRL_VALLEY_CENTER	grid	440	240	15232.069	15231.860	-0.209	232.07	-
CTRL_VALLEY_CENTER	grid	440	260	15229.213	15221.581	-7.632	229.21	-
CTRL_VALLEY_CENTER	grid	440	280	15221.532	15209.246	-12.286	221.53	-
CTRL_VALLEY_CENTER	grid	440	300	15196.191	15196.958	0.767	196.19	-
CTRL_VALLEY_CENTER	grid	440	320	15195.154	15195.206	0.052	195.15	-
CTRL_VALLEY_CENTER	grid	440	340	15194.143	15194.178	0.035	194.14	-
CTRL_VALLEY_CENTER	grid	440	360	15193.181	15193.176	-0.005	193.18	-
CTRL_VALLEY_CENTER	grid	440	380	15192.305	15192.190	-0.115	192.31	-
CTRL_VALLEY_CENTER	grid	440	400	15191.322	15191.247	-0.075	191.32	-
CTRL_VALLEY_CENTER	grid	440	420	15190.576	15190.581	0.005	190.58	-
CTRL_VALLEY_CENTER	grid	440	440	15190.571	15190.542	-0.029	190.57	-
CTRL_VALLEY_CENTER	grid	440	460	15190.571	15190.534	-0.036	190.57	-
CTRL_VALLEY_CENTER	grid	440	480	15190.571	15190.539	-0.031	190.57	-
CTRL_VALLEY_CENTER	grid	440	500	15190.571	15190.531	-0.040	190.57	-
CTRL_VALLEY_CENTER	grid	460	-500	15280.634	15280.639	0.006	280.63	-
CTRL_VALLEY_CENTER	grid	460	-480	15278.639	15278.762	0.123	278.64	-
CTRL_VALLEY_CENTER	grid	460	-460	15276.705	15276.778	0.074	276.70	-
CTRL_VALLEY_CENTER	grid	460	-440	15274.867	15274.983	0.116	274.87	-
CTRL_VALLEY_CENTER	grid	460	-420	15273.174	15273.433	0.259	273.17	-
CTRL_VALLEY_CENTER	grid	460	-400	15271.690	15271.950	0.260	271.69	-
CTRL_VALLEY_CENTER	grid	460	-380	15270.384	15270.586	0.202	270.38	-
CTRL_VALLEY_CENTER	grid	460	-360	15269.339	15269.661	0.322	269.34	-
CTRL_VALLEY_CENTER	grid	460	-340	15268.465	15268.772	0.307	268.46	-
CTRL_VALLEY_CENTER	grid	460	-320	15267.765	15267.909	0.144	267.77	-
CTRL_VALLEY_CENTER	grid	460	-300	15267.197	15267.380	0.184	267.20	-
CTRL_VALLEY_CENTER	grid	460	-280	15266.679	15266.789	0.111	266.68	-
CTRL_VALLEY_CENTER	grid	460	-260	15266.228	15266.226	-0.002	266.23	-
CTRL_VALLEY_CENTER	grid	460	-240	15265.729	15265.688	-0.041	265.73	-
CTRL_VALLEY_CENTER	grid	460	-220	15265.172	15265.146	-0.026	265.17	-
CTRL_VALLEY_CENTER	grid	460	-200	15264.528	15264.630	0.102	264.53	-
CTRL_VALLEY_CENTER	grid	460	-180	15263.759	15263.778	0.020	263.76	-
CTRL_VALLEY_CENTER	grid	460	-160	15262.885	15262.920	0.036	262.88	-
CTRL_VALLEY_CENTER	grid	460	-140	15261.904	15262.085	0.182	261.90	-
CTRL_VALLEY_CENTER	grid	460	-120	15260.857	15261.185	0.328	260.86	-
CTRL_VALLEY_CENTER	grid	460	-100	15259.792	15260.035	0.243	259.79	-
CTRL_VALLEY_CENTER	grid	460	-80	15258.766	15259.009	0.243	258.77	-
CTRL_VALLEY_CENTER	grid	460	-60	15257.832	15258.401	0.569	257.83	-
CTRL_VALLEY_CENTER	grid	460	-40	15257.016	15257.399	0.383	257.02	-
CTRL_VALLEY_CENTER	grid	460	-20	15256.341	15256.469	0.128	256.34	-
CTRL_VALLEY_CENTER	grid	460	0	15255.737	15256.032	0.295	255.74	-
CTRL_VALLEY_CENTER	grid	460	20	15255.164	15255.408	0.244	255.16	-
CTRL_VALLEY_CENTER	grid	460	40	15254.555	15254.335	-0.220	254.55	-
CTRL_VALLEY_CENTER	grid	460	60	15253.733	15253.462	-0.272	253.73	-
CTRL_VALLEY_CENTER	grid	460	80	15252.678	15252.616	-0.062	252.68	-
CTRL_VALLEY_CENTER	grid	460	100	15251.322	15250.909	-0.413	251.32	-
CTRL_VALLEY_CENTER	grid	460	120	15249.578	15249.051	-0.527	249.58	-
CTRL_VALLEY_CENTER	grid	460	140	15247.536	15247.198	-0.338	247.54	-
CTRL_VALLEY_CENTER	grid	460	160	15245.223	15244.559	-0.665	245.22	-
CTRL_VALLEY_CENTER	grid	460	180	15242.667	15242.010	-0.657	242.67	-
CTRL_VALLEY_CENTER	grid	460	200	15239.972	15239.393	-0.579	239.97	-
CTRL_VALLEY_CENTER	grid	460	220	15237.172	15236.465	-0.707	237.17	-
CTRL_VALLEY_CENTER	grid	460	240	15234.261	15233.664	-0.597	234.26	-
CTRL_VALLEY_CENTER	grid	460	260	15231.281	15226.864	-4.417	231.28	-
CTRL_VALLEY_CENTER	grid	460	280	15227.950	15213.909	-14.041	227.95	-
CTRL_VALLEY_CENTER	grid	460	300	15197.546	15201.457	3.911	197.55	-
CTRL_VALLEY_CENTER	grid	460	320	15195.600	15195.610	0.010	195.60	-
CTRL_VALLEY_CENTER	grid	460	340	15194.664	15194.586	-0.078	194.66	-
CTRL_VALLEY_CENTER	grid	460	360	15193.686	15193.588	-0.097	193.69	-
CTRL_VALLEY_CENTER	grid	460	380	15192.643	15192.606	-0.037	192.64	-
CTRL_VALLEY_CENTER	grid	460	400	15191.615	15191.647	0.032	191.62	-
CTRL_VALLEY_CENTER	grid	460	420	15190.682	15190.715	0.034	190.68	-
CTRL_VALLEY_CENTER	grid	460	440	15190.571	15190.591	0.020	190.57	-
CTRL_VALLEY_CENTER	grid	460	460	15190.571	15190.561	-0.010	190.57	-
CTRL_VALLEY_CENTER	grid	460	480	15190.571	15190.553	-0.018	190.57	-
CTRL_VALLEY_CENTER	grid	460	500	15190.571	15190.524	-0.047	190.57	-
CTRL_VALLEY_CENTER	grid	480	-500	15281.352	15281.306	-0.046	281.35	-
CTRL_VALLEY_CENTER	grid	480	-480	15279.266	15279.241	-0.025	279.27	-
CTRL_VALLEY_CENTER	grid	480	-460	15277.186	15277.318	0.131	277.19	-
CTRL_VALLEY_CENTER	grid	480	-440	15275.195	15275.318	0.123	275.19	-
CTRL_VALLEY_CENTER	grid	480	-420	15273.322	15273.346	0.024	273.32	-
CTRL_VALLEY_CENTER	grid	480	-400	15271.623	15271.820	0.197	271.62	-
CTRL_VALLEY_CENTER	grid	480	-380	15270.150	15270.370	0.220	270.15	-
CTRL_VALLEY_CENTER	grid	480	-360	15268.871	15268.992	0.121	268.87	-
CTRL_VALLEY_CENTER	grid	480	-340	15267.847	15268.020	0.173	267.85	-
CTRL_VALLEY_CENTER	grid	480	-320	15266.986	15267.234	0.248	266.99	-
CTRL_VALLEY_CENTER	grid	480	-300	15266.284	15266.470	0.185	266.28	-
CTRL_VALLEY_CENTER	grid	480	-280	15265.689	15265.751	0.062	265.69	-
CTRL_VALLEY_CENTER	grid	480	-260	15265.128	15265.290	0.162	265.13	-
CTRL_VALLEY_CENTER	grid	480	-240	15264.600	15264.750	0.149	264.60	-
CTRL_VALLEY_CENTER	grid	480	-220	15264.019	15263.964	-0.054	264.02	-
CTRL_VALLEY_CENTER	grid	480	-200	15263.368	15263.443	0.076	263.37	-
CTRL_VALLEY_CENTER	grid	480	-180	15262.629	15262.735	0.106	262.63	-
CTRL_VALLEY_CENTER	grid	480	-160	15261.793	15261.824	0.031	261.79	-
CTRL_VALLEY_CENTER	grid	480	-140	15260.891	15260.975	0.084	260.89	-
CTRL_VALLEY_CENTER	grid	480	-120	15259.952	15260.104	0.152	259.95	-
CTRL_VALLEY_CENTER	grid	480	-100	15259.039	15259.231	0.192	259.04	-
CTRL_VALLEY_CENTER	grid	480	-80	15258.201	15258.290	0.089	258.20	-
CTRL_VALLEY_CENTER	grid	480	-60	15257.509	15257.628	0.118	257.51	-
CTRL_VALLEY_CENTER	grid	480	-40	15256.984	15257.047	0.062	256.98	-
CTRL_VALLEY_CENTER	grid	480	-20	15256.618	15256.640	0.022	256.62	-
CTRL_VALLEY_CENTER	grid	480	0	15256.392	15256.311	-0.081	256.39	-
CTRL_VALLEY_CENTER	grid	480	20	15256.176	15255.985	-0.191	256.18	-
CTRL_VALLEY_CENTER	grid	480	40	15255.881	15255.609	-0.273	255.88	-
CTRL_VALLEY_CENTER	grid	480	60	15255.412	15254.843	-0.569	255.41	-
CTRL_VALLEY_CENTER	grid	480	80	15254.585	15253.959	-0.626	254.59	-
CTRL_VALLEY_CENTER	grid	480	100	15253.383	15252.622	-0.762	253.38	-
CTRL_VALLEY_CENTER	grid	480	120	15251.778	15250.784	-0.994	251.78	-
CTRL_VALLEY_CENTER	grid	480	140	15249.728	15248.953	-0.775	249.73	-
CTRL_VALLEY_CENTER	grid	480	160	15247.353	15246.553	-0.801	247.35	-
CTRL_VALLEY_CENTER	grid	480	180	15244.731	15243.881	-0.850	244.73	-
CTRL_VALLEY_CENTER	grid	480	200	15241.905	15241.344	-0.561	241.90	-
CTRL_VALLEY_CENTER	grid	480	220	15238.977	15238.468	-0.509	238.98	-
CTRL_VALLEY_CENTER	grid	480	240	15235.993	15235.553	-0.440	235.99	-
CTRL_VALLEY_CENTER	grid	480	260	15232.931	15232.410	-0.522	232.93	-
CTRL_VALLEY_CENTER	grid	480	280	15229.823	15219.446	-10.377	229.82	-
CTRL_VALLEY_CENTER	grid	480	300	15207.782	15206.532	-1.250	207.78	-
CTRL_VALLEY_CENTER	grid	480	320	15196.026	15195.999	-0.027	196.03	-
CTRL_VALLEY_CENTER	grid	480	340	15194.962	15194.917	-0.045	194.96	-
CTRL_VALLEY_CENTER	grid	480	360	15193.891	15193.863	-0.028	193.89	-
CTRL_VALLEY_CENTER	grid	480	380	15192.843	15192.905	0.063	192.84	-
CTRL_VALLEY_CENTER	grid	480	400	15191.763	15191.972	0.209	191.76	-
CTRL_VALLEY_CENTER	grid	480	420	15190.776	15191.016	0.240	190.78	-
CTRL_VALLEY_CENTER	grid	480	440	15190.571	15190.567	-0.003	190.57	-
CTRL_VALLEY_CENTER	grid	480	460	15190.571	15190.543	-0.027	190.57	-
CTRL_VALLEY_CENTER	grid	480	480	15190.571	15190.540	-0.031	190.57	-
CTRL_VALLEY_CENTER	grid	480	500	15190.571	15190.522	-0.049	190.57	-
CTRL_VALLEY_CENTER	grid	500	-500	15282.233	15282.193	-0.041	282.23	-
CTRL_VALLEY_CENTER	grid	500	-480	15280.096	15280.079	-0.018	280.10	-
CTRL_VALLEY_CENTER	grid	500	-460	15277.949	15277.985	0.036	277.95	-
CTRL_VALLEY_CENTER	grid	500	-440	15275.830	15275.957	0.126	275.83	-
CTRL_VALLEY_CENTER	grid	500	-420	15273.837	15274.008	0.170	273.84	-
CTRL_VALLEY_CENTER	grid	500	-400	15271.982	15272.148	0.167	271.98	-
CTRL_VALLEY_CENTER	grid	500	-380	15270.334	15270.565	0.231	270.33	-
CTRL_VALLEY_CENTER	grid	500	-360	15268.907	15269.187	0.280	268.91	-
CTRL_VALLEY_CENTER	grid	500	-340	15267.682	15267.934	0.252	267.68	-
CTRL_VALLEY_CENTER	grid	500	-320	15266.687	15266.817	0.131	266.69	-
CTRL_VALLEY_CENTER	grid	500	-300	15265.828	15266.059	0.231	265.83	-
CTRL_VALLEY_CENTER	grid	500	-280	15265.108	15265.264	0.156	265.11	-
CTRL_VALLEY_CENTER	grid	500	-260	15264.457	15264.473	0.016	264.46	-
CTRL_VALLEY_CENTER	grid	500	-240	15263.818	15263.950	0.131	263.82	-
CTRL_VALLEY_CENTER	grid	500	-220	15263.181	15263.188	0.007	263.18	-
CTRL_VALLEY_CENTER	grid	500	-200	15262.476	15262.430	-0.047	262.48	-
CTRL_VALLEY_CENTER	grid	500	-180	15261.707	15261.731	0.024	261.71	-
CTRL_VALLEY_CENTER	grid	500	-160	15260.870	15260.821	-0.049	260.87	-
CTRL_VALLEY_CENTER	grid	500	-140	15259.983	15259.929	-0.054	259.98	-
CTRL_VALLEY_CENTER	grid	500	-120	15259.093	15259.147	0.054	259.09	-
CTRL_VALLEY_CENTER	grid	500	-100	15258.262	15258.327	0.066	258.26	-
CTRL_VALLEY_CENTER	grid	500	-80	15257.555	15257.535	-0.021	257.56	-
CTRL_VALLEY_CENTER	grid	500	-60	15257.020	15257.234	0.215	257.02	-
CTRL_VALLEY_CENTER	grid	500	-40	15256.708	15256.933	0.224	256.71	-
CTRL_VALLEY_CENTER	grid	500	-20	15256.596	15256.487	-0.108	256.60	-
CTRL_VALLEY_CENTER	grid	500	0	15256.623	15256.577	-0.046	256.62	-
CTRL_VALLEY_CENTER	grid	500	20	15256.719	15256.652	-0.067	256.72	-
CTRL_VALLEY_CENTER	grid	500	40	15256.711	15256.353	-0.358	256.71	-
CTRL_VALLEY_CENTER	grid	500	60	15256.468	15255.830	-0.638	256.47	-
CTRL_VALLEY_CENTER	grid	500	80	15255.895	15255.315	-0.579	255.89	-
CTRL_VALLEY_CENTER	grid	500	100	15254.838	15254.338	-0.500	254.84	-
CTRL_VALLEY_CENTER	grid	500	120	15253.300	15252.507	-0.794	253.30	-
CTRL_VALLEY_CENTER	grid	500	140	15251.310	15250.703	-0.607	251.31	-
CTRL_VALLEY_CENTER	grid	500	160	15248.898	15248.634	-0.264	248.90	-
CTRL_VALLEY_CENTER	grid	500	180	15246.189	15245.962	-0.228	246.19	-
CTRL_VALLEY_CENTER	grid	500	200	15243.301	15243.131	-0.170	243.30	-
CTRL_VALLEY_CENTER	grid	500	220	15240.290	15240.188	-0.102	240.29	-
CTRL_VALLEY_CENTER	grid	500	240	15237.236	15237.085	-0.151	237.24	-
CTRL_VALLEY_CENTER	grid	500	260	15234.176	15234.011	-0.165	234.18	-
CTRL_VALLEY_CENTER	grid	500	280	15231.100	15224.189	-6.911	231.10	-
CTRL_VALLEY_CENTER	grid	500	300	15216.304	15211.083	-5.221	216.30	-
CTRL_VALLEY_CENTER	grid	500	320	15196.084	15198.035	1.951	196.08	-
CTRL_VALLEY_CENTER	grid	500	340	15195.012	15195.038	0.027	195.01	-
CTRL_VALLEY_CENTER	grid	500	360	15193.949	15193.972	0.022	193.95	-
CTRL_VALLEY_CENTER	grid	500	380	15192.877	15192.946	0.069	192.88	-
CTRL_VALLEY_CENTER	grid	500	400	15191.822	15192.131	0.309	191.82	-
CTRL_VALLEY_CENTER	grid	500	420	15190.802	15191.336	0.534	190.80	-
CTRL_VALLEY_CENTER	grid	500	440	15190.571	15190.562	-0.009	190.57	-
CTRL_VALLEY_CENTER	grid	500	460	15190.571	15190.541	-0.030	190.57	-
CTRL_VALLEY_CENTER	grid	500	480	15190.571	15190.546	-0.024	190.57	-
CTRL_VALLEY_CENTER	grid	500	500	15190.571	15190.553	-0.017	190.57	-
CTRL_VALLEY_CENTER	summary	44	-244	15234.673	15275.625	40.952	234.67	n=251001 p50=0.008 p99=8.686 p999=27.458 max=40.952 min=-57.583 gt0.5=27730 gt2=7244 gt5=4462 clip=7611 susp=0
MURRAY_MOUTH	wide6km	1980	2560	0	0	21.249	0	n=90601 clip=370 wall=5571 worst_neg=-20.290 at(-340,640)
ERRINGTON_MOUTH	wide6km	-2620	1100	0	0	6.171	0	n=90601 clip=45 wall=780 worst_neg=-7.141 at(-2560,1200)
ONAPING_VALLEY_PUMP	wide6km	-1300	1360	0	0	66.731	0	n=90601 clip=3474 wall=22052 worst_neg=-56.510 at(-1180,1340)
CTRL_SUDBURY_PUMP	wide6km	0	-160	0	0	29.190	0	n=90601 clip=1188 wall=10329 worst_neg=-31.890 at(0,-220)
CTRL_VALLEY_CENTER	wide6km	-400	1000	0	0	43.595	0	n=90601 clip=1576 wall=18007 worst_neg=-54.713 at(80,-320)
MURRAY_MOUTH	suspension	0	0	0	0	15.0	0	reach_m=445
ERRINGTON_MOUTH	suspension	0	0	0	0	15.0	0	reach_m=498
